token_id,status,entity,access,architecture,material,eyes,interface,implant,mantle,background,signal,corruption
1,feasibility_only_not_final_art,entity.synthetic,access.root,architecture.singular,material.porcelain,eyes.biometric,interface.forensic_plate,implant.memory_spindle,mantle.archive_coat,background.evidence_void,signal.locked,corruption.intact
2,feasibility_only_not_final_art,entity.hollow,access.root,architecture.singular,material.carbon,eyes.void,interface.none,implant.root_port,mantle.cable_shroud,background.cold_storage,signal.silent,corruption.absence
3,feasibility_only_not_final_art,entity.specter,access.root,architecture.singular,material.reconstructed,eyes.fractured,interface.neural_veil,implant.signal_crown,mantle.split_shell,background.relay_well,signal.carrier_echo,corruption.packet_ghosting
4,feasibility_only_not_final_art,entity.human,access.user,architecture.sealed,material.porcelain,eyes.biometric,interface.null_mask,implant.antenna,mantle.archive_coat,background.rack_shadow,signal.locked,corruption.intact
5,feasibility_only_not_final_art,entity.human,access.user,architecture.sealed,material.biosynth,eyes.thermal,interface.null_mask,implant.none,mantle.field_collar,background.relay_well,signal.carrier_echo,corruption.checksum_burn
6,feasibility_only_not_final_art,entity.synthetic,access.user,architecture.sealed,material.biosynth,eyes.thermal,interface.neural_veil,implant.none,mantle.archive_coat,background.rack_shadow,signal.carrier_echo,corruption.scan_shear
7,feasibility_only_not_final_art,entity.synthetic,access.user,architecture.sealed,material.biosynth,eyes.thermal,interface.none,implant.none,mantle.split_shell,background.service_tunnel,signal.locked,corruption.intact
8,feasibility_only_not_final_art,entity.synthetic,access.user,architecture.sealed,material.porcelain,eyes.thermal,interface.none,implant.none,mantle.archive_coat,background.relay_well,signal.intermittent,corruption.scan_shear
9,feasibility_only_not_final_art,entity.human,access.user,architecture.sealed,material.porcelain,eyes.thermal,interface.none,implant.none,mantle.field_collar,background.service_tunnel,signal.intermittent,corruption.scan_shear
10,feasibility_only_not_final_art,entity.hollow,access.user,architecture.sealed,material.porcelain,eyes.fractured,interface.skeletal_interface,implant.spinal_bus,mantle.ceramic_mantle,background.evidence_void,signal.intermittent,corruption.intact
11,feasibility_only_not_final_art,entity.human,access.user,architecture.sealed,material.ceramic,eyes.thermal,interface.respirator,implant.antenna,mantle.ceramic_mantle,background.cold_storage,signal.intermittent,corruption.scan_shear
12,feasibility_only_not_final_art,entity.human,access.user,architecture.sealed,material.biosynth,eyes.thermal,interface.none,implant.none,mantle.archive_coat,background.anechoic_room,signal.carrier_echo,corruption.scan_shear
13,feasibility_only_not_final_art,entity.human,access.user,architecture.sealed,material.porcelain,eyes.thermal,interface.forensic_plate,implant.neural_cable,mantle.field_collar,background.relay_well,signal.carrier_echo,corruption.intact
14,feasibility_only_not_final_art,entity.hollow,access.user,architecture.sealed,material.carbon,eyes.fractured,interface.neural_veil,implant.spinal_bus,mantle.ceramic_mantle,background.cold_storage,signal.locked,corruption.packet_ghosting
15,feasibility_only_not_final_art,entity.human,access.user,architecture.sealed,material.carbon,eyes.thermal,interface.respirator,implant.none,mantle.cable_shroud,background.service_tunnel,signal.locked,corruption.scan_shear
16,feasibility_only_not_final_art,entity.hollow,access.user,architecture.sealed,material.carbon,eyes.fractured,interface.none,implant.neural_cable,mantle.split_shell,background.evidence_void,signal.carrier_echo,corruption.intact
17,feasibility_only_not_final_art,entity.human,access.user,architecture.sealed,material.porcelain,eyes.thermal,interface.none,implant.spinal_bus,mantle.archive_coat,background.evidence_void,signal.intermittent,corruption.intact
18,feasibility_only_not_final_art,entity.human,access.user,architecture.sealed,material.biosynth,eyes.thermal,interface.respirator,implant.antenna,mantle.ceramic_mantle,background.rack_shadow,signal.locked,corruption.checksum_burn
19,feasibility_only_not_final_art,entity.synthetic,access.user,architecture.sealed,material.reconstructed,eyes.thermal,interface.neural_veil,implant.antenna,mantle.ceramic_mantle,background.relay_well,signal.carrier_echo,corruption.scan_shear
20,feasibility_only_not_final_art,entity.synthetic,access.user,architecture.sealed,material.carbon,eyes.fractured,interface.none,implant.neural_cable,mantle.field_collar,background.evidence_void,signal.intermittent,corruption.intact
21,feasibility_only_not_final_art,entity.synthetic,access.user,architecture.sealed,material.biosynth,eyes.biometric,interface.none,implant.spinal_bus,mantle.field_collar,background.evidence_void,signal.carrier_echo,corruption.intact
22,feasibility_only_not_final_art,entity.synthetic,access.user,architecture.sealed,material.ceramic,eyes.biometric,interface.neural_veil,implant.neural_cable,mantle.split_shell,background.rack_shadow,signal.locked,corruption.intact
23,feasibility_only_not_final_art,entity.human,access.user,architecture.sealed,material.carbon,eyes.thermal,interface.none,implant.spinal_bus,mantle.field_collar,background.evidence_void,signal.intermittent,corruption.scan_shear
24,feasibility_only_not_final_art,entity.human,access.user,architecture.sealed,material.carbon,eyes.biometric,interface.forensic_plate,implant.spinal_bus,mantle.ceramic_mantle,background.cold_storage,signal.locked,corruption.memory_bleed
25,feasibility_only_not_final_art,entity.human,access.user,architecture.sealed,material.biosynth,eyes.void,interface.none,implant.none,mantle.archive_coat,background.cold_storage,signal.intermittent,corruption.scan_shear
26,feasibility_only_not_final_art,entity.human,access.user,architecture.sealed,material.carbon,eyes.thermal,interface.none,implant.neural_cable,mantle.archive_coat,background.evidence_void,signal.carrier_echo,corruption.packet_ghosting
27,feasibility_only_not_final_art,entity.human,access.user,architecture.sealed,material.biosynth,eyes.biometric,interface.respirator,implant.none,mantle.archive_coat,background.evidence_void,signal.locked,corruption.intact
28,feasibility_only_not_final_art,entity.synthetic,access.user,architecture.sealed,material.biosynth,eyes.thermal,interface.forensic_plate,implant.neural_cable,mantle.field_collar,background.anechoic_room,signal.intermittent,corruption.intact
29,feasibility_only_not_final_art,entity.human,access.user,architecture.sealed,material.biosynth,eyes.void,interface.respirator,implant.none,mantle.archive_coat,background.relay_well,signal.intermittent,corruption.intact
30,feasibility_only_not_final_art,entity.specter,access.user,architecture.sealed,material.reconstructed,eyes.void,interface.forensic_plate,implant.none,mantle.archive_coat,background.cold_storage,signal.locked,corruption.intact
31,feasibility_only_not_final_art,entity.synthetic,access.user,architecture.sealed,material.porcelain,eyes.biometric,interface.respirator,implant.spinal_bus,mantle.ceramic_mantle,background.rack_shadow,signal.silent,corruption.intact
32,feasibility_only_not_final_art,entity.synthetic,access.user,architecture.sealed,material.biosynth,eyes.thermal,interface.none,implant.none,mantle.split_shell,background.cold_storage,signal.locked,corruption.packet_ghosting
33,feasibility_only_not_final_art,entity.human,access.user,architecture.sealed,material.porcelain,eyes.thermal,interface.none,implant.antenna,mantle.archive_coat,background.rack_shadow,signal.intermittent,corruption.scan_shear
34,feasibility_only_not_final_art,entity.synthetic,access.user,architecture.sealed,material.biosynth,eyes.biometric,interface.neural_veil,implant.neural_cable,mantle.ceramic_mantle,background.cold_storage,signal.locked,corruption.scan_shear
35,feasibility_only_not_final_art,entity.human,access.user,architecture.sealed,material.biosynth,eyes.thermal,interface.respirator,implant.none,mantle.field_collar,background.evidence_void,signal.intermittent,corruption.intact
36,feasibility_only_not_final_art,entity.human,access.user,architecture.sealed,material.biosynth,eyes.biometric,interface.forensic_plate,implant.none,mantle.ceramic_mantle,background.evidence_void,signal.locked,corruption.scan_shear
37,feasibility_only_not_final_art,entity.synthetic,access.user,architecture.sealed,material.reconstructed,eyes.biometric,interface.none,implant.spinal_bus,mantle.archive_coat,background.cold_storage,signal.carrier_echo,corruption.intact
38,feasibility_only_not_final_art,entity.hollow,access.user,architecture.sealed,material.carbon,eyes.void,interface.null_mask,implant.none,mantle.archive_coat,background.cold_storage,signal.carrier_echo,corruption.scan_shear
39,feasibility_only_not_final_art,entity.synthetic,access.user,architecture.sealed,material.biosynth,eyes.biometric,interface.forensic_plate,implant.neural_cable,mantle.field_collar,background.evidence_void,signal.locked,corruption.packet_ghosting
40,feasibility_only_not_final_art,entity.human,access.user,architecture.sealed,material.porcelain,eyes.thermal,interface.none,implant.antenna,mantle.archive_coat,background.cold_storage,signal.locked,corruption.intact
41,feasibility_only_not_final_art,entity.synthetic,access.user,architecture.sealed,material.ceramic,eyes.fractured,interface.neural_veil,implant.neural_cable,mantle.archive_coat,background.rack_shadow,signal.carrier_echo,corruption.checksum_burn
42,feasibility_only_not_final_art,entity.synthetic,access.user,architecture.sealed,material.porcelain,eyes.optical_array,interface.none,implant.none,mantle.archive_coat,background.relay_well,signal.locked,corruption.scan_shear
43,feasibility_only_not_final_art,entity.human,access.user,architecture.sealed,material.ceramic,eyes.biometric,interface.none,implant.spinal_bus,mantle.archive_coat,background.service_tunnel,signal.intermittent,corruption.intact
44,feasibility_only_not_final_art,entity.human,access.user,architecture.sealed,material.porcelain,eyes.fractured,interface.respirator,implant.neural_cable,mantle.ceramic_mantle,background.anechoic_room,signal.locked,corruption.intact
45,feasibility_only_not_final_art,entity.human,access.user,architecture.sealed,material.biosynth,eyes.thermal,interface.respirator,implant.none,mantle.archive_coat,background.evidence_void,signal.locked,corruption.intact
46,feasibility_only_not_final_art,entity.synthetic,access.user,architecture.sealed,material.ceramic,eyes.fractured,interface.forensic_plate,implant.none,mantle.split_shell,background.evidence_void,signal.intermittent,corruption.intact
47,feasibility_only_not_final_art,entity.human,access.user,architecture.sealed,material.biosynth,eyes.thermal,interface.respirator,implant.antenna,mantle.field_collar,background.cold_storage,signal.locked,corruption.intact
48,feasibility_only_not_final_art,entity.human,access.user,architecture.sealed,material.porcelain,eyes.thermal,interface.forensic_plate,implant.neural_cable,mantle.ceramic_mantle,background.anechoic_room,signal.intermittent,corruption.intact
49,feasibility_only_not_final_art,entity.specter,access.user,architecture.sealed,material.phase_glass,eyes.fractured,interface.none,implant.none,mantle.unsupported_frame,background.cold_storage,signal.locked,corruption.intact
50,feasibility_only_not_final_art,entity.human,access.user,architecture.sealed,material.carbon,eyes.void,interface.none,implant.spinal_bus,mantle.cable_shroud,background.relay_well,signal.silent,corruption.intact
51,feasibility_only_not_final_art,entity.human,access.user,architecture.sealed,material.biosynth,eyes.biometric,interface.forensic_plate,implant.neural_cable,mantle.archive_coat,background.evidence_void,signal.locked,corruption.checksum_burn
52,feasibility_only_not_final_art,entity.human,access.user,architecture.sealed,material.porcelain,eyes.thermal,interface.none,implant.none,mantle.archive_coat,background.service_tunnel,signal.intermittent,corruption.intact
53,feasibility_only_not_final_art,entity.synthetic,access.user,architecture.sealed,material.biosynth,eyes.fractured,interface.respirator,implant.none,mantle.field_collar,background.relay_well,signal.locked,corruption.packet_ghosting
54,feasibility_only_not_final_art,entity.synthetic,access.user,architecture.sealed,material.carbon,eyes.thermal,interface.forensic_plate,implant.antenna,mantle.archive_coat,background.cold_storage,signal.intermittent,corruption.checksum_burn
55,feasibility_only_not_final_art,entity.human,access.user,architecture.sealed,material.biosynth,eyes.void,interface.forensic_plate,implant.neural_cable,mantle.archive_coat,background.relay_well,signal.intermittent,corruption.packet_ghosting
56,feasibility_only_not_final_art,entity.synthetic,access.user,architecture.sealed,material.biosynth,eyes.thermal,interface.forensic_plate,implant.none,mantle.cable_shroud,background.cold_storage,signal.locked,corruption.intact
57,feasibility_only_not_final_art,entity.human,access.user,architecture.sealed,material.reconstructed,eyes.thermal,interface.none,implant.none,mantle.field_collar,background.evidence_void,signal.locked,corruption.scan_shear
58,feasibility_only_not_final_art,entity.human,access.user,architecture.sealed,material.biosynth,eyes.biometric,interface.none,implant.neural_cable,mantle.ceramic_mantle,background.relay_well,signal.locked,corruption.intact
59,feasibility_only_not_final_art,entity.human,access.user,architecture.sealed,material.porcelain,eyes.biometric,interface.respirator,implant.spinal_bus,mantle.ceramic_mantle,background.cold_storage,signal.locked,corruption.checksum_burn
60,feasibility_only_not_final_art,entity.synthetic,access.user,architecture.sealed,material.carbon,eyes.thermal,interface.forensic_plate,implant.none,mantle.ceramic_mantle,background.cold_storage,signal.locked,corruption.checksum_burn
61,feasibility_only_not_final_art,entity.human,access.user,architecture.sealed,material.biosynth,eyes.biometric,interface.none,implant.neural_cable,mantle.ceramic_mantle,background.cold_storage,signal.intermittent,corruption.intact
62,feasibility_only_not_final_art,entity.specter,access.user,architecture.sealed,material.carbon,eyes.signal_burn,interface.skeletal_interface,implant.neural_cable,mantle.split_shell,background.service_tunnel,signal.locked,corruption.intact
63,feasibility_only_not_final_art,entity.synthetic,access.user,architecture.sealed,material.ceramic,eyes.optical_array,interface.forensic_plate,implant.neural_cable,mantle.ceramic_mantle,background.cold_storage,signal.intermittent,corruption.checksum_burn
64,feasibility_only_not_final_art,entity.synthetic,access.user,architecture.sealed,material.porcelain,eyes.biometric,interface.forensic_plate,implant.neural_cable,mantle.ceramic_mantle,background.cold_storage,signal.silent,corruption.intact
65,feasibility_only_not_final_art,entity.hollow,access.user,architecture.sealed,material.ceramic,eyes.void,interface.forensic_plate,implant.spinal_bus,mantle.archive_coat,background.cold_storage,signal.locked,corruption.intact
66,feasibility_only_not_final_art,entity.human,access.user,architecture.sealed,material.carbon,eyes.biometric,interface.respirator,implant.none,mantle.cable_shroud,background.relay_well,signal.carrier_echo,corruption.intact
67,feasibility_only_not_final_art,entity.hollow,access.user,architecture.sealed,material.carbon,eyes.void,interface.none,implant.none,mantle.ceramic_mantle,background.anechoic_room,signal.intermittent,corruption.scan_shear
68,feasibility_only_not_final_art,entity.synthetic,access.user,architecture.sealed,material.biosynth,eyes.optical_array,interface.none,implant.neural_cable,mantle.ceramic_mantle,background.cold_storage,signal.silent,corruption.intact
69,feasibility_only_not_final_art,entity.human,access.user,architecture.sealed,material.carbon,eyes.biometric,interface.none,implant.neural_cable,mantle.field_collar,background.evidence_void,signal.intermittent,corruption.intact
70,feasibility_only_not_final_art,entity.human,access.user,architecture.sealed,material.biosynth,eyes.biometric,interface.respirator,implant.none,mantle.cable_shroud,background.rack_shadow,signal.carrier_echo,corruption.scan_shear
71,feasibility_only_not_final_art,entity.human,access.user,architecture.sealed,material.porcelain,eyes.fractured,interface.none,implant.none,mantle.archive_coat,background.rack_shadow,signal.locked,corruption.checksum_burn
72,feasibility_only_not_final_art,entity.hollow,access.user,architecture.sealed,material.ceramic,eyes.void,interface.neural_veil,implant.neural_cable,mantle.ceramic_mantle,background.cold_storage,signal.locked,corruption.scan_shear
73,feasibility_only_not_final_art,entity.hollow,access.user,architecture.sealed,material.carbon,eyes.fractured,interface.forensic_plate,implant.neural_cable,mantle.ceramic_mantle,background.anechoic_room,signal.intermittent,corruption.intact
74,feasibility_only_not_final_art,entity.human,access.user,architecture.sealed,material.biosynth,eyes.thermal,interface.respirator,implant.antenna,mantle.cable_shroud,background.anechoic_room,signal.locked,corruption.intact
75,feasibility_only_not_final_art,entity.human,access.user,architecture.sealed,material.reconstructed,eyes.thermal,interface.null_mask,implant.none,mantle.cable_shroud,background.uplink_black,signal.locked,corruption.checksum_burn
76,feasibility_only_not_final_art,entity.human,access.user,architecture.sealed,material.ceramic,eyes.thermal,interface.none,implant.neural_cable,mantle.cable_shroud,background.rack_shadow,signal.locked,corruption.intact
77,feasibility_only_not_final_art,entity.human,access.user,architecture.sealed,material.ceramic,eyes.fractured,interface.forensic_plate,implant.none,mantle.archive_coat,background.cold_storage,signal.intermittent,corruption.intact
78,feasibility_only_not_final_art,entity.synthetic,access.user,architecture.sealed,material.biosynth,eyes.optical_array,interface.forensic_plate,implant.none,mantle.archive_coat,background.service_tunnel,signal.intermittent,corruption.memory_bleed
79,feasibility_only_not_final_art,entity.hollow,access.user,architecture.sealed,material.porcelain,eyes.void,interface.none,implant.none,mantle.ceramic_mantle,background.evidence_void,signal.carrier_echo,corruption.intact
80,feasibility_only_not_final_art,entity.synthetic,access.user,architecture.sealed,material.ceramic,eyes.fractured,interface.null_mask,implant.antenna,mantle.archive_coat,background.cold_storage,signal.locked,corruption.intact
81,feasibility_only_not_final_art,entity.synthetic,access.user,architecture.sealed,material.biosynth,eyes.biometric,interface.neural_veil,implant.none,mantle.split_shell,background.cold_storage,signal.carrier_echo,corruption.scan_shear
82,feasibility_only_not_final_art,entity.synthetic,access.user,architecture.sealed,material.carbon,eyes.optical_array,interface.forensic_plate,implant.none,mantle.ceramic_mantle,background.evidence_void,signal.intermittent,corruption.intact
83,feasibility_only_not_final_art,entity.human,access.user,architecture.sealed,material.biosynth,eyes.fractured,interface.forensic_plate,implant.antenna,mantle.archive_coat,background.evidence_void,signal.intermittent,corruption.intact
84,feasibility_only_not_final_art,entity.human,access.user,architecture.sealed,material.carbon,eyes.thermal,interface.none,implant.none,mantle.ceramic_mantle,background.rack_shadow,signal.intermittent,corruption.scan_shear
85,feasibility_only_not_final_art,entity.human,access.user,architecture.sealed,material.carbon,eyes.void,interface.forensic_plate,implant.spinal_bus,mantle.ceramic_mantle,background.relay_well,signal.intermittent,corruption.intact
86,feasibility_only_not_final_art,entity.human,access.user,architecture.sealed,material.porcelain,eyes.fractured,interface.respirator,implant.spinal_bus,mantle.archive_coat,background.evidence_void,signal.intermittent,corruption.intact
87,feasibility_only_not_final_art,entity.human,access.user,architecture.sealed,material.ceramic,eyes.thermal,interface.null_mask,implant.neural_cable,mantle.cable_shroud,background.relay_well,signal.locked,corruption.scan_shear
88,feasibility_only_not_final_art,entity.hollow,access.user,architecture.sealed,material.porcelain,eyes.void,interface.none,implant.spinal_bus,mantle.archive_coat,background.rack_shadow,signal.locked,corruption.intact
89,feasibility_only_not_final_art,entity.hollow,access.user,architecture.sealed,material.ceramic,eyes.fractured,interface.none,implant.neural_cable,mantle.archive_coat,background.service_tunnel,signal.carrier_echo,corruption.intact
90,feasibility_only_not_final_art,entity.synthetic,access.user,architecture.sealed,material.carbon,eyes.void,interface.none,implant.neural_cable,mantle.cable_shroud,background.evidence_void,signal.locked,corruption.intact
91,feasibility_only_not_final_art,entity.synthetic,access.user,architecture.sealed,material.porcelain,eyes.void,interface.respirator,implant.neural_cable,mantle.cable_shroud,background.cold_storage,signal.intermittent,corruption.intact
92,feasibility_only_not_final_art,entity.synthetic,access.user,architecture.sealed,material.biosynth,eyes.thermal,interface.respirator,implant.neural_cable,mantle.archive_coat,background.cold_storage,signal.locked,corruption.intact
93,feasibility_only_not_final_art,entity.hollow,access.user,architecture.sealed,material.porcelain,eyes.fractured,interface.none,implant.neural_cable,mantle.archive_coat,background.evidence_void,signal.intermittent,corruption.checksum_burn
94,feasibility_only_not_final_art,entity.hollow,access.user,architecture.sealed,material.ceramic,eyes.void,interface.forensic_plate,implant.antenna,mantle.cable_shroud,background.rack_shadow,signal.carrier_echo,corruption.intact
95,feasibility_only_not_final_art,entity.human,access.user,architecture.sealed,material.porcelain,eyes.biometric,interface.none,implant.none,mantle.field_collar,background.rack_shadow,signal.locked,corruption.memory_bleed
96,feasibility_only_not_final_art,entity.hollow,access.user,architecture.sealed,material.porcelain,eyes.optical_array,interface.none,implant.none,mantle.archive_coat,background.service_tunnel,signal.carrier_echo,corruption.intact
97,feasibility_only_not_final_art,entity.hollow,access.user,architecture.sealed,material.porcelain,eyes.void,interface.forensic_plate,implant.antenna,mantle.field_collar,background.evidence_void,signal.silent,corruption.absence
98,feasibility_only_not_final_art,entity.human,access.user,architecture.sealed,material.porcelain,eyes.thermal,interface.respirator,implant.none,mantle.cable_shroud,background.anechoic_room,signal.intermittent,corruption.intact
99,feasibility_only_not_final_art,entity.human,access.user,architecture.sealed,material.ceramic,eyes.void,interface.forensic_plate,implant.none,mantle.ceramic_mantle,background.cold_storage,signal.locked,corruption.intact
100,feasibility_only_not_final_art,entity.synthetic,access.user,architecture.sealed,material.biosynth,eyes.optical_array,interface.none,implant.none,mantle.field_collar,background.cold_storage,signal.intermittent,corruption.checksum_burn
101,feasibility_only_not_final_art,entity.synthetic,access.user,architecture.sealed,material.carbon,eyes.biometric,interface.forensic_plate,implant.neural_cable,mantle.archive_coat,background.service_tunnel,signal.intermittent,corruption.scan_shear
102,feasibility_only_not_final_art,entity.human,access.user,architecture.sealed,material.biosynth,eyes.biometric,interface.none,implant.none,mantle.split_shell,background.evidence_void,signal.locked,corruption.intact
103,feasibility_only_not_final_art,entity.synthetic,access.user,architecture.sealed,material.porcelain,eyes.void,interface.respirator,implant.neural_cable,mantle.archive_coat,background.cold_storage,signal.locked,corruption.scan_shear
104,feasibility_only_not_final_art,entity.human,access.user,architecture.sealed,material.carbon,eyes.biometric,interface.none,implant.spinal_bus,mantle.ceramic_mantle,background.rack_shadow,signal.locked,corruption.scan_shear
105,feasibility_only_not_final_art,entity.hollow,access.user,architecture.sealed,material.carbon,eyes.void,interface.none,implant.spinal_bus,mantle.archive_coat,background.evidence_void,signal.locked,corruption.scan_shear
106,feasibility_only_not_final_art,entity.human,access.user,architecture.sealed,material.reconstructed,eyes.thermal,interface.forensic_plate,implant.antenna,mantle.archive_coat,background.cold_storage,signal.locked,corruption.scan_shear
107,feasibility_only_not_final_art,entity.human,access.user,architecture.sealed,material.biosynth,eyes.biometric,interface.forensic_plate,implant.none,mantle.archive_coat,background.rack_shadow,signal.silent,corruption.intact
108,feasibility_only_not_final_art,entity.hollow,access.user,architecture.sealed,material.carbon,eyes.fractured,interface.forensic_plate,implant.neural_cable,mantle.ceramic_mantle,background.evidence_void,signal.locked,corruption.intact
109,feasibility_only_not_final_art,entity.synthetic,access.user,architecture.sealed,material.carbon,eyes.biometric,interface.forensic_plate,implant.neural_cable,mantle.archive_coat,background.evidence_void,signal.carrier_echo,corruption.intact
110,feasibility_only_not_final_art,entity.hollow,access.user,architecture.sealed,material.porcelain,eyes.optical_array,interface.skeletal_interface,implant.none,mantle.ceramic_mantle,background.anechoic_room,signal.locked,corruption.intact
111,feasibility_only_not_final_art,entity.human,access.user,architecture.sealed,material.ceramic,eyes.thermal,interface.none,implant.spinal_bus,mantle.archive_coat,background.cold_storage,signal.locked,corruption.intact
112,feasibility_only_not_final_art,entity.synthetic,access.admin,architecture.inset,material.reconstructed,eyes.optical_array,interface.forensic_plate,implant.memory_spindle,mantle.archive_coat,background.rack_shadow,signal.intermittent,corruption.intact
113,feasibility_only_not_final_art,entity.human,access.user,architecture.inset,material.biosynth,eyes.biometric,interface.forensic_plate,implant.none,mantle.cable_shroud,background.rack_shadow,signal.carrier_echo,corruption.scan_shear
114,feasibility_only_not_final_art,entity.human,access.admin,architecture.inset,material.ceramic,eyes.biometric,interface.none,implant.none,mantle.archive_coat,background.evidence_void,signal.intermittent,corruption.scan_shear
115,feasibility_only_not_final_art,entity.hollow,access.user,architecture.inset,material.carbon,eyes.void,interface.forensic_plate,implant.spinal_bus,mantle.cable_shroud,background.rack_shadow,signal.locked,corruption.packet_ghosting
116,feasibility_only_not_final_art,entity.synthetic,access.user,architecture.inset,material.carbon,eyes.fractured,interface.none,implant.spinal_bus,mantle.cable_shroud,background.evidence_void,signal.carrier_echo,corruption.intact
117,feasibility_only_not_final_art,entity.synthetic,access.admin,architecture.inset,material.biosynth,eyes.biometric,interface.respirator,implant.none,mantle.ceramic_mantle,background.evidence_void,signal.carrier_echo,corruption.scan_shear
118,feasibility_only_not_final_art,entity.hollow,access.admin,architecture.inset,material.carbon,eyes.void,interface.forensic_plate,implant.spinal_bus,mantle.cable_shroud,background.evidence_void,signal.locked,corruption.intact
119,feasibility_only_not_final_art,entity.human,access.admin,architecture.inset,material.carbon,eyes.fractured,interface.forensic_plate,implant.neural_cable,mantle.field_collar,background.cold_storage,signal.locked,corruption.packet_ghosting
120,feasibility_only_not_final_art,entity.human,access.user,architecture.inset,material.reconstructed,eyes.fractured,interface.null_mask,implant.antenna,mantle.cable_shroud,background.evidence_void,signal.carrier_echo,corruption.intact
121,feasibility_only_not_final_art,entity.human,access.user,architecture.inset,material.biosynth,eyes.biometric,interface.respirator,implant.none,mantle.archive_coat,background.anechoic_room,signal.locked,corruption.packet_ghosting
122,feasibility_only_not_final_art,entity.hollow,access.user,architecture.inset,material.porcelain,eyes.optical_array,interface.forensic_plate,implant.none,mantle.split_shell,background.evidence_void,signal.locked,corruption.intact
123,feasibility_only_not_final_art,entity.human,access.admin,architecture.inset,material.biosynth,eyes.biometric,interface.null_mask,implant.none,mantle.archive_coat,background.evidence_void,signal.locked,corruption.intact
124,feasibility_only_not_final_art,entity.specter,access.user,architecture.inset,material.carbon,eyes.fractured,interface.null_mask,implant.none,mantle.split_shell,background.evidence_void,signal.intermittent,corruption.intact
125,feasibility_only_not_final_art,entity.synthetic,access.user,architecture.inset,material.biosynth,eyes.optical_array,interface.forensic_plate,implant.none,mantle.archive_coat,background.service_tunnel,signal.locked,corruption.intact
126,feasibility_only_not_final_art,entity.human,access.user,architecture.inset,material.biosynth,eyes.void,interface.none,implant.none,mantle.ceramic_mantle,background.service_tunnel,signal.locked,corruption.scan_shear
127,feasibility_only_not_final_art,entity.human,access.user,architecture.inset,material.biosynth,eyes.thermal,interface.none,implant.none,mantle.ceramic_mantle,background.evidence_void,signal.locked,corruption.packet_ghosting
128,feasibility_only_not_final_art,entity.hollow,access.user,architecture.inset,material.carbon,eyes.fractured,interface.neural_veil,implant.antenna,mantle.cable_shroud,background.relay_well,signal.locked,corruption.intact
129,feasibility_only_not_final_art,entity.human,access.admin,architecture.inset,material.biosynth,eyes.biometric,interface.null_mask,implant.memory_spindle,mantle.field_collar,background.rack_shadow,signal.carrier_echo,corruption.intact
130,feasibility_only_not_final_art,entity.synthetic,access.user,architecture.inset,material.ceramic,eyes.fractured,interface.none,implant.antenna,mantle.field_collar,background.relay_well,signal.intermittent,corruption.intact
131,feasibility_only_not_final_art,entity.hollow,access.admin,architecture.inset,material.ceramic,eyes.void,interface.forensic_plate,implant.neural_cable,mantle.field_collar,background.relay_well,signal.locked,corruption.intact
132,feasibility_only_not_final_art,entity.synthetic,access.user,architecture.inset,material.porcelain,eyes.thermal,interface.forensic_plate,implant.neural_cable,mantle.archive_coat,background.service_tunnel,signal.intermittent,corruption.packet_ghosting
133,feasibility_only_not_final_art,entity.human,access.user,architecture.inset,material.reconstructed,eyes.biometric,interface.forensic_plate,implant.none,mantle.field_collar,background.service_tunnel,signal.intermittent,corruption.checksum_burn
134,feasibility_only_not_final_art,entity.human,access.user,architecture.inset,material.biosynth,eyes.fractured,interface.none,implant.neural_cable,mantle.field_collar,background.evidence_void,signal.locked,corruption.packet_ghosting
135,feasibility_only_not_final_art,entity.human,access.user,architecture.inset,material.ceramic,eyes.void,interface.none,implant.neural_cable,mantle.field_collar,background.evidence_void,signal.intermittent,corruption.checksum_burn
136,feasibility_only_not_final_art,entity.synthetic,access.user,architecture.inset,material.biosynth,eyes.optical_array,interface.forensic_plate,implant.spinal_bus,mantle.ceramic_mantle,background.rack_shadow,signal.locked,corruption.checksum_burn
137,feasibility_only_not_final_art,entity.human,access.user,architecture.inset,material.biosynth,eyes.thermal,interface.forensic_plate,implant.neural_cable,mantle.field_collar,background.evidence_void,signal.silent,corruption.memory_bleed
138,feasibility_only_not_final_art,entity.human,access.user,architecture.inset,material.porcelain,eyes.void,interface.forensic_plate,implant.none,mantle.field_collar,background.cold_storage,signal.carrier_echo,corruption.intact
139,feasibility_only_not_final_art,entity.human,access.user,architecture.inset,material.biosynth,eyes.biometric,interface.none,implant.none,mantle.field_collar,background.rack_shadow,signal.locked,corruption.intact
140,feasibility_only_not_final_art,entity.hollow,access.user,architecture.inset,material.carbon,eyes.optical_array,interface.neural_veil,implant.none,mantle.ceramic_mantle,background.rack_shadow,signal.locked,corruption.checksum_burn
141,feasibility_only_not_final_art,entity.human,access.user,architecture.inset,material.biosynth,eyes.thermal,interface.respirator,implant.neural_cable,mantle.ceramic_mantle,background.cold_storage,signal.locked,corruption.checksum_burn
142,feasibility_only_not_final_art,entity.synthetic,access.user,architecture.inset,material.porcelain,eyes.thermal,interface.forensic_plate,implant.antenna,mantle.ceramic_mantle,background.evidence_void,signal.locked,corruption.intact
143,feasibility_only_not_final_art,entity.human,access.user,architecture.inset,material.ceramic,eyes.void,interface.null_mask,implant.none,mantle.ceramic_mantle,background.cold_storage,signal.locked,corruption.intact
144,feasibility_only_not_final_art,entity.hollow,access.admin,architecture.inset,material.ceramic,eyes.void,interface.none,implant.antenna,mantle.archive_coat,background.rack_shadow,signal.intermittent,corruption.intact
145,feasibility_only_not_final_art,entity.synthetic,access.user,architecture.inset,material.biosynth,eyes.biometric,interface.none,implant.none,mantle.cable_shroud,background.relay_well,signal.locked,corruption.packet_ghosting
146,feasibility_only_not_final_art,entity.synthetic,access.admin,architecture.inset,material.porcelain,eyes.fractured,interface.null_mask,implant.none,mantle.cable_shroud,background.cold_storage,signal.silent,corruption.intact
147,feasibility_only_not_final_art,entity.synthetic,access.user,architecture.inset,material.porcelain,eyes.void,interface.respirator,implant.none,mantle.cable_shroud,background.anechoic_room,signal.carrier_echo,corruption.intact
148,feasibility_only_not_final_art,entity.synthetic,access.user,architecture.inset,material.ceramic,eyes.optical_array,interface.none,implant.none,mantle.archive_coat,background.service_tunnel,signal.locked,corruption.intact
149,feasibility_only_not_final_art,entity.synthetic,access.admin,architecture.inset,material.biosynth,eyes.biometric,interface.respirator,implant.spinal_bus,mantle.field_collar,background.evidence_void,signal.locked,corruption.intact
150,feasibility_only_not_final_art,entity.hollow,access.user,architecture.inset,material.carbon,eyes.void,interface.forensic_plate,implant.spinal_bus,mantle.archive_coat,background.cold_storage,signal.carrier_echo,corruption.intact
151,feasibility_only_not_final_art,entity.hollow,access.user,architecture.inset,material.porcelain,eyes.void,interface.none,implant.spinal_bus,mantle.ceramic_mantle,background.service_tunnel,signal.intermittent,corruption.packet_ghosting
152,feasibility_only_not_final_art,entity.synthetic,access.user,architecture.inset,material.ceramic,eyes.biometric,interface.none,implant.none,mantle.ceramic_mantle,background.relay_well,signal.carrier_echo,corruption.intact
153,feasibility_only_not_final_art,entity.human,access.admin,architecture.inset,material.biosynth,eyes.thermal,interface.respirator,implant.none,mantle.field_collar,background.rack_shadow,signal.intermittent,corruption.intact
154,feasibility_only_not_final_art,entity.synthetic,access.user,architecture.inset,material.biosynth,eyes.biometric,interface.none,implant.spinal_bus,mantle.ceramic_mantle,background.cold_storage,signal.locked,corruption.scan_shear
155,feasibility_only_not_final_art,entity.synthetic,access.user,architecture.inset,material.carbon,eyes.thermal,interface.respirator,implant.none,mantle.ceramic_mantle,background.cold_storage,signal.intermittent,corruption.scan_shear
156,feasibility_only_not_final_art,entity.human,access.user,architecture.inset,material.carbon,eyes.biometric,interface.forensic_plate,implant.neural_cable,mantle.archive_coat,background.evidence_void,signal.carrier_echo,corruption.intact
157,feasibility_only_not_final_art,entity.human,access.admin,architecture.inset,material.carbon,eyes.biometric,interface.none,implant.neural_cable,mantle.cable_shroud,background.rack_shadow,signal.silent,corruption.intact
158,feasibility_only_not_final_art,entity.hollow,access.user,architecture.inset,material.ceramic,eyes.void,interface.neural_veil,implant.none,mantle.cable_shroud,background.relay_well,signal.locked,corruption.scan_shear
159,feasibility_only_not_final_art,entity.human,access.user,architecture.inset,material.porcelain,eyes.biometric,interface.none,implant.spinal_bus,mantle.archive_coat,background.evidence_void,signal.locked,corruption.intact
160,feasibility_only_not_final_art,entity.human,access.user,architecture.inset,material.biosynth,eyes.thermal,interface.forensic_plate,implant.none,mantle.archive_coat,background.evidence_void,signal.locked,corruption.intact
161,feasibility_only_not_final_art,entity.human,access.user,architecture.inset,material.biosynth,eyes.biometric,interface.forensic_plate,implant.spinal_bus,mantle.archive_coat,background.evidence_void,signal.locked,corruption.intact
162,feasibility_only_not_final_art,entity.human,access.user,architecture.inset,material.biosynth,eyes.biometric,interface.null_mask,implant.none,mantle.ceramic_mantle,background.rack_shadow,signal.intermittent,corruption.scan_shear
163,feasibility_only_not_final_art,entity.human,access.user,architecture.inset,material.reconstructed,eyes.thermal,interface.forensic_plate,implant.spinal_bus,mantle.field_collar,background.service_tunnel,signal.locked,corruption.packet_ghosting
164,feasibility_only_not_final_art,entity.human,access.admin,architecture.inset,material.biosynth,eyes.thermal,interface.respirator,implant.none,mantle.archive_coat,background.service_tunnel,signal.locked,corruption.intact
165,feasibility_only_not_final_art,entity.hollow,access.user,architecture.inset,material.porcelain,eyes.void,interface.forensic_plate,implant.none,mantle.archive_coat,background.evidence_void,signal.intermittent,corruption.intact
166,feasibility_only_not_final_art,entity.human,access.admin,architecture.double_plane,material.biosynth,eyes.thermal,interface.respirator,implant.none,mantle.archive_coat,background.evidence_void,signal.locked,corruption.scan_shear
167,feasibility_only_not_final_art,entity.human,access.admin,architecture.double_plane,material.carbon,eyes.biometric,interface.respirator,implant.none,mantle.archive_coat,background.rack_shadow,signal.locked,corruption.intact
168,feasibility_only_not_final_art,entity.synthetic,access.admin,architecture.double_plane,material.carbon,eyes.fractured,interface.neural_veil,implant.spinal_bus,mantle.archive_coat,background.cold_storage,signal.locked,corruption.packet_ghosting
169,feasibility_only_not_final_art,entity.human,access.admin,architecture.double_plane,material.reconstructed,eyes.thermal,interface.null_mask,implant.none,mantle.cable_shroud,background.rack_shadow,signal.intermittent,corruption.intact
170,feasibility_only_not_final_art,entity.human,access.admin,architecture.double_plane,material.porcelain,eyes.thermal,interface.forensic_plate,implant.spinal_bus,mantle.ceramic_mantle,background.service_tunnel,signal.intermittent,corruption.packet_ghosting
171,feasibility_only_not_final_art,entity.human,access.admin,architecture.double_plane,material.biosynth,eyes.biometric,interface.null_mask,implant.none,mantle.cable_shroud,background.relay_well,signal.carrier_echo,corruption.checksum_burn
172,feasibility_only_not_final_art,entity.specter,access.admin,architecture.double_plane,material.reconstructed,eyes.fractured,interface.forensic_plate,implant.memory_spindle,mantle.cable_shroud,background.evidence_void,signal.carrier_echo,corruption.checksum_burn
173,feasibility_only_not_final_art,entity.human,access.admin,architecture.double_plane,material.carbon,eyes.biometric,interface.null_mask,implant.none,mantle.ceramic_mantle,background.evidence_void,signal.locked,corruption.checksum_burn
174,feasibility_only_not_final_art,entity.synthetic,access.admin,architecture.double_plane,material.carbon,eyes.thermal,interface.neural_veil,implant.none,mantle.cable_shroud,background.rack_shadow,signal.carrier_echo,corruption.intact
175,feasibility_only_not_final_art,entity.synthetic,access.admin,architecture.double_plane,material.porcelain,eyes.void,interface.respirator,implant.spinal_bus,mantle.field_collar,background.evidence_void,signal.locked,corruption.intact
176,feasibility_only_not_final_art,entity.synthetic,access.admin,architecture.double_plane,material.porcelain,eyes.biometric,interface.forensic_plate,implant.neural_cable,mantle.cable_shroud,background.rack_shadow,signal.intermittent,corruption.packet_ghosting
177,feasibility_only_not_final_art,entity.synthetic,access.admin,architecture.double_plane,material.biosynth,eyes.thermal,interface.forensic_plate,implant.neural_cable,mantle.ceramic_mantle,background.evidence_void,signal.intermittent,corruption.intact
178,feasibility_only_not_final_art,entity.synthetic,access.admin,architecture.double_plane,material.biosynth,eyes.thermal,interface.null_mask,implant.none,mantle.field_collar,background.relay_well,signal.locked,corruption.intact
179,feasibility_only_not_final_art,entity.human,access.admin,architecture.double_plane,material.carbon,eyes.thermal,interface.forensic_plate,implant.neural_cable,mantle.archive_coat,background.relay_well,signal.carrier_echo,corruption.packet_ghosting
180,feasibility_only_not_final_art,entity.synthetic,access.admin,architecture.double_plane,material.porcelain,eyes.void,interface.neural_veil,implant.antenna,mantle.archive_coat,background.cold_storage,signal.locked,corruption.intact
181,feasibility_only_not_final_art,entity.synthetic,access.admin,architecture.double_plane,material.ceramic,eyes.biometric,interface.neural_veil,implant.none,mantle.cable_shroud,background.evidence_void,signal.locked,corruption.checksum_burn
182,feasibility_only_not_final_art,entity.synthetic,access.admin,architecture.double_plane,material.biosynth,eyes.thermal,interface.respirator,implant.antenna,mantle.archive_coat,background.relay_well,signal.silent,corruption.checksum_burn
183,feasibility_only_not_final_art,entity.hollow,access.admin,architecture.double_plane,material.porcelain,eyes.fractured,interface.none,implant.none,mantle.archive_coat,background.evidence_void,signal.carrier_echo,corruption.intact
184,feasibility_only_not_final_art,entity.human,access.admin,architecture.double_plane,material.porcelain,eyes.biometric,interface.none,implant.none,mantle.ceramic_mantle,background.service_tunnel,signal.intermittent,corruption.packet_ghosting
185,feasibility_only_not_final_art,entity.hollow,access.admin,architecture.double_plane,material.porcelain,eyes.void,interface.none,implant.neural_cable,mantle.archive_coat,background.evidence_void,signal.unclocked,corruption.intact
186,feasibility_only_not_final_art,entity.human,access.admin,architecture.double_plane,material.carbon,eyes.thermal,interface.respirator,implant.antenna,mantle.archive_coat,background.evidence_void,signal.locked,corruption.intact
187,feasibility_only_not_final_art,entity.synthetic,access.admin,architecture.double_plane,material.biosynth,eyes.biometric,interface.neural_veil,implant.neural_cable,mantle.ceramic_mantle,background.evidence_void,signal.carrier_echo,corruption.intact
188,feasibility_only_not_final_art,entity.hollow,access.admin,architecture.double_plane,material.ceramic,eyes.optical_array,interface.forensic_plate,implant.neural_cable,mantle.field_collar,background.rack_shadow,signal.locked,corruption.checksum_burn
189,feasibility_only_not_final_art,entity.hollow,access.admin,architecture.double_plane,material.porcelain,eyes.void,interface.forensic_plate,implant.none,mantle.ceramic_mantle,background.evidence_void,signal.silent,corruption.scan_shear
190,feasibility_only_not_final_art,entity.human,access.admin,architecture.double_plane,material.carbon,eyes.void,interface.respirator,implant.none,mantle.ceramic_mantle,background.relay_well,signal.carrier_echo,corruption.intact
191,feasibility_only_not_final_art,entity.hollow,access.admin,architecture.double_plane,material.porcelain,eyes.optical_array,interface.forensic_plate,implant.none,mantle.archive_coat,background.cold_storage,signal.carrier_echo,corruption.scan_shear
192,feasibility_only_not_final_art,entity.hollow,access.system,architecture.suspended_core,material.carbon,eyes.fractured,interface.forensic_plate,implant.root_port,mantle.archive_coat,background.cold_storage,signal.locked,corruption.packet_ghosting
193,feasibility_only_not_final_art,entity.synthetic,access.system,architecture.suspended_core,material.biosynth,eyes.biometric,interface.none,implant.root_port,mantle.cable_shroud,background.cold_storage,signal.carrier_echo,corruption.scan_shear
194,feasibility_only_not_final_art,entity.synthetic,access.system,architecture.suspended_core,material.porcelain,eyes.thermal,interface.forensic_plate,implant.root_port,mantle.archive_coat,background.evidence_void,signal.silent,corruption.checksum_burn
195,feasibility_only_not_final_art,entity.human,access.system,architecture.suspended_core,material.carbon,eyes.fractured,interface.forensic_plate,implant.root_port,mantle.cable_shroud,background.service_tunnel,signal.intermittent,corruption.intact
196,feasibility_only_not_final_art,entity.human,access.system,architecture.suspended_core,material.biosynth,eyes.biometric,interface.respirator,implant.root_port,mantle.archive_coat,background.cold_storage,signal.intermittent,corruption.scan_shear
197,feasibility_only_not_final_art,entity.synthetic,access.system,architecture.suspended_core,material.carbon,eyes.biometric,interface.neural_veil,implant.root_port,mantle.field_collar,background.cold_storage,signal.locked,corruption.intact
198,feasibility_only_not_final_art,entity.human,access.system,architecture.suspended_core,material.ceramic,eyes.thermal,interface.null_mask,implant.root_port,mantle.cable_shroud,background.rack_shadow,signal.intermittent,corruption.intact
199,feasibility_only_not_final_art,entity.human,access.system,architecture.suspended_core,material.biosynth,eyes.biometric,interface.null_mask,implant.root_port,mantle.cable_shroud,background.evidence_void,signal.locked,corruption.packet_ghosting
200,feasibility_only_not_final_art,entity.human,access.system,architecture.suspended_core,material.carbon,eyes.biometric,interface.none,implant.root_port,mantle.cable_shroud,background.service_tunnel,signal.locked,corruption.intact
201,feasibility_only_not_final_art,entity.human,access.system,architecture.suspended_core,material.porcelain,eyes.thermal,interface.none,implant.root_port,mantle.ceramic_mantle,background.evidence_void,signal.locked,corruption.checksum_burn
202,feasibility_only_not_final_art,entity.hollow,access.user,architecture.sealed,material.ceramic,eyes.optical_array,interface.none,implant.neural_cable,mantle.ceramic_mantle,background.relay_well,signal.locked,corruption.absence
203,feasibility_only_not_final_art,entity.synthetic,access.user,architecture.inset,material.porcelain,eyes.void,interface.neural_veil,implant.antenna,mantle.cable_shroud,background.service_tunnel,signal.intermittent,corruption.intact
204,feasibility_only_not_final_art,entity.hollow,access.user,architecture.sealed,material.ceramic,eyes.void,interface.none,implant.none,mantle.cable_shroud,background.evidence_void,signal.locked,corruption.intact
205,feasibility_only_not_final_art,entity.synthetic,access.user,architecture.sealed,material.ceramic,eyes.biometric,interface.forensic_plate,implant.spinal_bus,mantle.archive_coat,background.cold_storage,signal.intermittent,corruption.intact
206,feasibility_only_not_final_art,entity.synthetic,access.user,architecture.sealed,material.reconstructed,eyes.biometric,interface.respirator,implant.spinal_bus,mantle.split_shell,background.cold_storage,signal.locked,corruption.intact
207,feasibility_only_not_final_art,entity.synthetic,access.user,architecture.sealed,material.porcelain,eyes.biometric,interface.neural_veil,implant.none,mantle.archive_coat,background.cold_storage,signal.locked,corruption.scan_shear
208,feasibility_only_not_final_art,entity.human,access.user,architecture.sealed,material.biosynth,eyes.thermal,interface.forensic_plate,implant.spinal_bus,mantle.cable_shroud,background.rack_shadow,signal.intermittent,corruption.intact
209,feasibility_only_not_final_art,entity.human,access.user,architecture.inset,material.biosynth,eyes.biometric,interface.respirator,implant.none,mantle.ceramic_mantle,background.evidence_void,signal.carrier_echo,corruption.scan_shear
210,feasibility_only_not_final_art,entity.human,access.user,architecture.sealed,material.biosynth,eyes.thermal,interface.none,implant.none,mantle.ceramic_mantle,background.evidence_void,signal.locked,corruption.intact
211,feasibility_only_not_final_art,entity.human,access.user,architecture.sealed,material.biosynth,eyes.thermal,interface.respirator,implant.none,mantle.archive_coat,background.cold_storage,signal.intermittent,corruption.scan_shear
212,feasibility_only_not_final_art,entity.human,access.user,architecture.sealed,material.porcelain,eyes.biometric,interface.respirator,implant.spinal_bus,mantle.ceramic_mantle,background.cold_storage,signal.locked,corruption.scan_shear
213,feasibility_only_not_final_art,entity.hollow,access.user,architecture.sealed,material.ceramic,eyes.fractured,interface.forensic_plate,implant.neural_cable,mantle.field_collar,background.relay_well,signal.locked,corruption.absence
214,feasibility_only_not_final_art,entity.synthetic,access.user,architecture.sealed,material.biosynth,eyes.void,interface.forensic_plate,implant.spinal_bus,mantle.ceramic_mantle,background.evidence_void,signal.locked,corruption.intact
215,feasibility_only_not_final_art,entity.synthetic,access.admin,architecture.inset,material.carbon,eyes.thermal,interface.forensic_plate,implant.memory_spindle,mantle.archive_coat,background.relay_well,signal.locked,corruption.checksum_burn
216,feasibility_only_not_final_art,entity.synthetic,access.admin,architecture.double_plane,material.biosynth,eyes.fractured,interface.respirator,implant.neural_cable,mantle.archive_coat,background.evidence_void,signal.intermittent,corruption.intact
217,feasibility_only_not_final_art,entity.human,access.user,architecture.sealed,material.ceramic,eyes.biometric,interface.none,implant.none,mantle.field_collar,background.cold_storage,signal.locked,corruption.scan_shear
218,feasibility_only_not_final_art,entity.human,access.user,architecture.sealed,material.biosynth,eyes.void,interface.none,implant.spinal_bus,mantle.field_collar,background.evidence_void,signal.intermittent,corruption.intact
219,feasibility_only_not_final_art,entity.human,access.user,architecture.inset,material.carbon,eyes.biometric,interface.forensic_plate,implant.none,mantle.archive_coat,background.evidence_void,signal.carrier_echo,corruption.checksum_burn
220,feasibility_only_not_final_art,entity.hollow,access.user,architecture.sealed,material.reconstructed,eyes.fractured,interface.forensic_plate,implant.none,mantle.cable_shroud,background.relay_well,signal.locked,corruption.intact
221,feasibility_only_not_final_art,entity.human,access.admin,architecture.inset,material.biosynth,eyes.thermal,interface.none,implant.neural_cable,mantle.cable_shroud,background.cold_storage,signal.intermittent,corruption.packet_ghosting
222,feasibility_only_not_final_art,entity.hollow,access.user,architecture.sealed,material.ceramic,eyes.fractured,interface.forensic_plate,implant.none,mantle.split_shell,background.rack_shadow,signal.carrier_echo,corruption.checksum_burn
223,feasibility_only_not_final_art,entity.hollow,access.user,architecture.sealed,material.porcelain,eyes.void,interface.none,implant.spinal_bus,mantle.archive_coat,background.anechoic_room,signal.silent,corruption.intact
224,feasibility_only_not_final_art,entity.hollow,access.user,architecture.sealed,material.reconstructed,eyes.optical_array,interface.skeletal_interface,implant.none,mantle.cable_shroud,background.rack_shadow,signal.silent,corruption.scan_shear
225,feasibility_only_not_final_art,entity.synthetic,access.user,architecture.sealed,material.biosynth,eyes.void,interface.neural_veil,implant.neural_cable,mantle.ceramic_mantle,background.rack_shadow,signal.locked,corruption.intact
226,feasibility_only_not_final_art,entity.synthetic,access.admin,architecture.double_plane,material.porcelain,eyes.biometric,interface.respirator,implant.memory_spindle,mantle.archive_coat,background.rack_shadow,signal.intermittent,corruption.scan_shear
227,feasibility_only_not_final_art,entity.hollow,access.user,architecture.sealed,material.porcelain,eyes.void,interface.neural_veil,implant.none,mantle.field_collar,background.evidence_void,signal.locked,corruption.intact
228,feasibility_only_not_final_art,entity.human,access.user,architecture.inset,material.biosynth,eyes.void,interface.respirator,implant.none,mantle.ceramic_mantle,background.relay_well,signal.intermittent,corruption.scan_shear
229,feasibility_only_not_final_art,entity.human,access.user,architecture.sealed,material.porcelain,eyes.biometric,interface.respirator,implant.none,mantle.archive_coat,background.cold_storage,signal.intermittent,corruption.intact
230,feasibility_only_not_final_art,entity.synthetic,access.user,architecture.sealed,material.porcelain,eyes.biometric,interface.neural_veil,implant.none,mantle.field_collar,background.rack_shadow,signal.carrier_echo,corruption.intact
231,feasibility_only_not_final_art,entity.synthetic,access.user,architecture.inset,material.carbon,eyes.fractured,interface.forensic_plate,implant.none,mantle.ceramic_mantle,background.evidence_void,signal.carrier_echo,corruption.checksum_burn
232,feasibility_only_not_final_art,entity.human,access.admin,architecture.inset,material.porcelain,eyes.biometric,interface.null_mask,implant.none,mantle.field_collar,background.service_tunnel,signal.locked,corruption.checksum_burn
233,feasibility_only_not_final_art,entity.human,access.admin,architecture.inset,material.porcelain,eyes.thermal,interface.null_mask,implant.none,mantle.field_collar,background.rack_shadow,signal.locked,corruption.intact
234,feasibility_only_not_final_art,entity.synthetic,access.admin,architecture.inset,material.porcelain,eyes.biometric,interface.none,implant.spinal_bus,mantle.archive_coat,background.evidence_void,signal.locked,corruption.scan_shear
235,feasibility_only_not_final_art,entity.human,access.user,architecture.sealed,material.ceramic,eyes.biometric,interface.forensic_plate,implant.neural_cable,mantle.archive_coat,background.service_tunnel,signal.locked,corruption.packet_ghosting
236,feasibility_only_not_final_art,entity.human,access.admin,architecture.inset,material.biosynth,eyes.biometric,interface.respirator,implant.neural_cable,mantle.cable_shroud,background.cold_storage,signal.silent,corruption.intact
237,feasibility_only_not_final_art,entity.synthetic,access.user,architecture.sealed,material.ceramic,eyes.thermal,interface.neural_veil,implant.neural_cable,mantle.split_shell,background.evidence_void,signal.locked,corruption.packet_ghosting
238,feasibility_only_not_final_art,entity.synthetic,access.user,architecture.sealed,material.carbon,eyes.thermal,interface.respirator,implant.none,mantle.field_collar,background.cold_storage,signal.locked,corruption.intact
239,feasibility_only_not_final_art,entity.hollow,access.user,architecture.sealed,material.porcelain,eyes.optical_array,interface.none,implant.none,mantle.cable_shroud,background.evidence_void,signal.locked,corruption.intact
240,feasibility_only_not_final_art,entity.hollow,access.admin,architecture.inset,material.ceramic,eyes.void,interface.none,implant.none,mantle.cable_shroud,background.cold_storage,signal.carrier_echo,corruption.scan_shear
241,feasibility_only_not_final_art,entity.synthetic,access.user,architecture.sealed,material.carbon,eyes.biometric,interface.respirator,implant.spinal_bus,mantle.field_collar,background.service_tunnel,signal.intermittent,corruption.intact
242,feasibility_only_not_final_art,entity.hollow,access.user,architecture.sealed,material.ceramic,eyes.void,interface.forensic_plate,implant.spinal_bus,mantle.ceramic_mantle,background.cold_storage,signal.intermittent,corruption.scan_shear
243,feasibility_only_not_final_art,entity.synthetic,access.user,architecture.sealed,material.biosynth,eyes.thermal,interface.forensic_plate,implant.antenna,mantle.archive_coat,background.evidence_void,signal.carrier_echo,corruption.scan_shear
244,feasibility_only_not_final_art,entity.synthetic,access.user,architecture.sealed,material.porcelain,eyes.optical_array,interface.forensic_plate,implant.none,mantle.archive_coat,background.service_tunnel,signal.locked,corruption.intact
245,feasibility_only_not_final_art,entity.human,access.user,architecture.sealed,material.reconstructed,eyes.fractured,interface.forensic_plate,implant.none,mantle.cable_shroud,background.service_tunnel,signal.carrier_echo,corruption.intact
246,feasibility_only_not_final_art,entity.hollow,access.admin,architecture.double_plane,material.carbon,eyes.optical_array,interface.none,implant.none,mantle.archive_coat,background.evidence_void,signal.locked,corruption.checksum_burn
247,feasibility_only_not_final_art,entity.hollow,access.user,architecture.sealed,material.carbon,eyes.void,interface.none,implant.none,mantle.archive_coat,background.relay_well,signal.intermittent,corruption.scan_shear
248,feasibility_only_not_final_art,entity.human,access.admin,architecture.double_plane,material.carbon,eyes.fractured,interface.forensic_plate,implant.neural_cable,mantle.field_collar,background.rack_shadow,signal.locked,corruption.intact
249,feasibility_only_not_final_art,entity.human,access.user,architecture.sealed,material.biosynth,eyes.thermal,interface.respirator,implant.spinal_bus,mantle.field_collar,background.rack_shadow,signal.locked,corruption.scan_shear
250,feasibility_only_not_final_art,entity.human,access.user,architecture.inset,material.porcelain,eyes.biometric,interface.respirator,implant.none,mantle.archive_coat,background.evidence_void,signal.locked,corruption.checksum_burn
251,feasibility_only_not_final_art,entity.synthetic,access.user,architecture.sealed,material.biosynth,eyes.optical_array,interface.forensic_plate,implant.neural_cable,mantle.ceramic_mantle,background.evidence_void,signal.intermittent,corruption.intact
252,feasibility_only_not_final_art,entity.synthetic,access.system,architecture.suspended_core,material.porcelain,eyes.biometric,interface.respirator,implant.root_port,mantle.archive_coat,background.relay_well,signal.locked,corruption.intact
253,feasibility_only_not_final_art,entity.human,access.user,architecture.inset,material.porcelain,eyes.thermal,interface.respirator,implant.spinal_bus,mantle.archive_coat,background.rack_shadow,signal.carrier_echo,corruption.scan_shear
254,feasibility_only_not_final_art,entity.synthetic,access.user,architecture.inset,material.porcelain,eyes.fractured,interface.neural_veil,implant.neural_cable,mantle.field_collar,background.cold_storage,signal.carrier_echo,corruption.packet_ghosting
255,feasibility_only_not_final_art,entity.synthetic,access.admin,architecture.double_plane,material.ceramic,eyes.thermal,interface.respirator,implant.none,mantle.archive_coat,background.service_tunnel,signal.locked,corruption.scan_shear
256,feasibility_only_not_final_art,entity.synthetic,access.user,architecture.sealed,material.carbon,eyes.biometric,interface.forensic_plate,implant.spinal_bus,mantle.ceramic_mantle,background.rack_shadow,signal.locked,corruption.scan_shear
257,feasibility_only_not_final_art,entity.hollow,access.admin,architecture.inset,material.reconstructed,eyes.void,interface.forensic_plate,implant.none,mantle.ceramic_mantle,background.cold_storage,signal.locked,corruption.intact
258,feasibility_only_not_final_art,entity.hollow,access.user,architecture.sealed,material.porcelain,eyes.optical_array,interface.null_mask,implant.none,mantle.split_shell,background.evidence_void,signal.carrier_echo,corruption.scan_shear
259,feasibility_only_not_final_art,entity.synthetic,access.admin,architecture.inset,material.porcelain,eyes.fractured,interface.none,implant.none,mantle.archive_coat,background.rack_shadow,signal.locked,corruption.intact
260,feasibility_only_not_final_art,entity.human,access.system,architecture.suspended_core,material.ceramic,eyes.biometric,interface.none,implant.root_port,mantle.field_collar,background.rack_shadow,signal.intermittent,corruption.intact
261,feasibility_only_not_final_art,entity.hollow,access.user,architecture.sealed,material.porcelain,eyes.void,interface.forensic_plate,implant.neural_cable,mantle.ceramic_mantle,background.evidence_void,signal.intermittent,corruption.packet_ghosting
262,feasibility_only_not_final_art,entity.human,access.user,architecture.sealed,material.biosynth,eyes.biometric,interface.null_mask,implant.none,mantle.archive_coat,background.service_tunnel,signal.locked,corruption.intact
263,feasibility_only_not_final_art,entity.human,access.user,architecture.sealed,material.biosynth,eyes.fractured,interface.none,implant.antenna,mantle.ceramic_mantle,background.cold_storage,signal.locked,corruption.intact
264,feasibility_only_not_final_art,entity.human,access.user,architecture.inset,material.porcelain,eyes.fractured,interface.none,implant.neural_cable,mantle.archive_coat,background.evidence_void,signal.intermittent,corruption.intact
265,feasibility_only_not_final_art,entity.human,access.user,architecture.sealed,material.biosynth,eyes.biometric,interface.none,implant.neural_cable,mantle.field_collar,background.evidence_void,signal.locked,corruption.intact
266,feasibility_only_not_final_art,entity.synthetic,access.user,architecture.sealed,material.biosynth,eyes.void,interface.respirator,implant.none,mantle.ceramic_mantle,background.service_tunnel,signal.locked,corruption.checksum_burn
267,feasibility_only_not_final_art,entity.human,access.user,architecture.inset,material.ceramic,eyes.thermal,interface.none,implant.antenna,mantle.ceramic_mantle,background.evidence_void,signal.intermittent,corruption.scan_shear
268,feasibility_only_not_final_art,entity.hollow,access.user,architecture.sealed,material.porcelain,eyes.void,interface.none,implant.none,mantle.archive_coat,background.evidence_void,signal.locked,corruption.scan_shear
269,feasibility_only_not_final_art,entity.hollow,access.user,architecture.inset,material.ceramic,eyes.void,interface.neural_veil,implant.antenna,mantle.ceramic_mantle,background.cold_storage,signal.intermittent,corruption.intact
270,feasibility_only_not_final_art,entity.specter,access.user,architecture.inset,material.reconstructed,eyes.void,interface.neural_veil,implant.neural_cable,mantle.split_shell,background.service_tunnel,signal.locked,corruption.intact
271,feasibility_only_not_final_art,entity.hollow,access.user,architecture.sealed,material.ceramic,eyes.fractured,interface.none,implant.neural_cable,mantle.cable_shroud,background.service_tunnel,signal.carrier_echo,corruption.intact
272,feasibility_only_not_final_art,entity.human,access.user,architecture.sealed,material.ceramic,eyes.thermal,interface.respirator,implant.spinal_bus,mantle.cable_shroud,background.service_tunnel,signal.unclocked,corruption.intact
273,feasibility_only_not_final_art,entity.human,access.user,architecture.sealed,material.biosynth,eyes.thermal,interface.none,implant.none,mantle.split_shell,background.service_tunnel,signal.carrier_echo,corruption.scan_shear
274,feasibility_only_not_final_art,entity.human,access.user,architecture.sealed,material.biosynth,eyes.biometric,interface.forensic_plate,implant.neural_cable,mantle.cable_shroud,background.evidence_void,signal.intermittent,corruption.checksum_burn
275,feasibility_only_not_final_art,entity.synthetic,access.admin,architecture.double_plane,material.biosynth,eyes.thermal,interface.respirator,implant.neural_cable,mantle.ceramic_mantle,background.relay_well,signal.intermittent,corruption.intact
276,feasibility_only_not_final_art,entity.human,access.admin,architecture.double_plane,material.biosynth,eyes.biometric,interface.respirator,implant.none,mantle.field_collar,background.cold_storage,signal.intermittent,corruption.intact
277,feasibility_only_not_final_art,entity.synthetic,access.admin,architecture.double_plane,material.biosynth,eyes.biometric,interface.none,implant.spinal_bus,mantle.cable_shroud,background.evidence_void,signal.locked,corruption.scan_shear
278,feasibility_only_not_final_art,entity.human,access.user,architecture.sealed,material.biosynth,eyes.biometric,interface.none,implant.neural_cable,mantle.ceramic_mantle,background.evidence_void,signal.intermittent,corruption.checksum_burn
279,feasibility_only_not_final_art,entity.synthetic,access.system,architecture.suspended_core,material.biosynth,eyes.optical_array,interface.forensic_plate,implant.root_port,mantle.field_collar,background.evidence_void,signal.locked,corruption.scan_shear
280,feasibility_only_not_final_art,entity.synthetic,access.user,architecture.sealed,material.carbon,eyes.biometric,interface.forensic_plate,implant.antenna,mantle.archive_coat,background.evidence_void,signal.locked,corruption.scan_shear
281,feasibility_only_not_final_art,entity.synthetic,access.user,architecture.sealed,material.ceramic,eyes.thermal,interface.respirator,implant.spinal_bus,mantle.archive_coat,background.anechoic_room,signal.intermittent,corruption.checksum_burn
282,feasibility_only_not_final_art,entity.human,access.user,architecture.inset,material.carbon,eyes.void,interface.none,implant.spinal_bus,mantle.cable_shroud,background.cold_storage,signal.locked,corruption.scan_shear
283,feasibility_only_not_final_art,entity.synthetic,access.user,architecture.inset,material.biosynth,eyes.thermal,interface.forensic_plate,implant.none,mantle.ceramic_mantle,background.cold_storage,signal.intermittent,corruption.checksum_burn
284,feasibility_only_not_final_art,entity.human,access.user,architecture.sealed,material.biosynth,eyes.biometric,interface.none,implant.spinal_bus,mantle.ceramic_mantle,background.rack_shadow,signal.carrier_echo,corruption.intact
285,feasibility_only_not_final_art,entity.human,access.system,architecture.suspended_core,material.carbon,eyes.biometric,interface.none,implant.root_port,mantle.archive_coat,background.relay_well,signal.silent,corruption.scan_shear
286,feasibility_only_not_final_art,entity.human,access.user,architecture.sealed,material.biosynth,eyes.fractured,interface.forensic_plate,implant.neural_cable,mantle.archive_coat,background.cold_storage,signal.locked,corruption.intact
287,feasibility_only_not_final_art,entity.human,access.user,architecture.inset,material.ceramic,eyes.biometric,interface.none,implant.spinal_bus,mantle.field_collar,background.evidence_void,signal.locked,corruption.scan_shear
288,feasibility_only_not_final_art,entity.human,access.user,architecture.sealed,material.carbon,eyes.thermal,interface.respirator,implant.neural_cable,mantle.ceramic_mantle,background.relay_well,signal.locked,corruption.intact
289,feasibility_only_not_final_art,entity.human,access.user,architecture.sealed,material.biosynth,eyes.biometric,interface.null_mask,implant.antenna,mantle.archive_coat,background.cold_storage,signal.intermittent,corruption.checksum_burn
290,feasibility_only_not_final_art,entity.synthetic,access.user,architecture.sealed,material.porcelain,eyes.fractured,interface.neural_veil,implant.neural_cable,mantle.archive_coat,background.evidence_void,signal.locked,corruption.checksum_burn
291,feasibility_only_not_final_art,entity.hollow,access.admin,architecture.double_plane,material.ceramic,eyes.fractured,interface.none,implant.none,mantle.field_collar,background.rack_shadow,signal.locked,corruption.intact
292,feasibility_only_not_final_art,entity.human,access.user,architecture.inset,material.carbon,eyes.thermal,interface.none,implant.none,mantle.ceramic_mantle,background.anechoic_room,signal.intermittent,corruption.intact
293,feasibility_only_not_final_art,entity.human,access.system,architecture.suspended_core,material.ceramic,eyes.thermal,interface.none,implant.root_port,mantle.archive_coat,background.relay_well,signal.locked,corruption.intact
294,feasibility_only_not_final_art,entity.human,access.user,architecture.sealed,material.biosynth,eyes.biometric,interface.forensic_plate,implant.spinal_bus,mantle.field_collar,background.evidence_void,signal.locked,corruption.scan_shear
295,feasibility_only_not_final_art,entity.hollow,access.user,architecture.sealed,material.carbon,eyes.fractured,interface.neural_veil,implant.none,mantle.archive_coat,background.evidence_void,signal.locked,corruption.packet_ghosting
296,feasibility_only_not_final_art,entity.synthetic,access.user,architecture.inset,material.ceramic,eyes.void,interface.none,implant.none,mantle.field_collar,background.cold_storage,signal.intermittent,corruption.intact
297,feasibility_only_not_final_art,entity.human,access.user,architecture.sealed,material.porcelain,eyes.thermal,interface.none,implant.antenna,mantle.field_collar,background.evidence_void,signal.carrier_echo,corruption.intact
298,feasibility_only_not_final_art,entity.synthetic,access.user,architecture.sealed,material.ceramic,eyes.void,interface.none,implant.none,mantle.archive_coat,background.cold_storage,signal.locked,corruption.intact
299,feasibility_only_not_final_art,entity.human,access.admin,architecture.inset,material.biosynth,eyes.biometric,interface.none,implant.memory_spindle,mantle.field_collar,background.evidence_void,signal.intermittent,corruption.scan_shear
300,feasibility_only_not_final_art,entity.hollow,access.admin,architecture.inset,material.carbon,eyes.void,interface.neural_veil,implant.antenna,mantle.cable_shroud,background.rack_shadow,signal.locked,corruption.intact
301,feasibility_only_not_final_art,entity.synthetic,access.user,architecture.inset,material.biosynth,eyes.thermal,interface.neural_veil,implant.none,mantle.field_collar,background.evidence_void,signal.carrier_echo,corruption.scan_shear
302,feasibility_only_not_final_art,entity.synthetic,access.user,architecture.sealed,material.porcelain,eyes.thermal,interface.none,implant.spinal_bus,mantle.cable_shroud,background.anechoic_room,signal.locked,corruption.intact
303,feasibility_only_not_final_art,entity.human,access.root,architecture.severed_halo,material.biosynth,eyes.thermal,interface.respirator,implant.signal_crown,mantle.cable_shroud,background.rack_shadow,signal.locked,corruption.intact
304,feasibility_only_not_final_art,entity.specter,access.admin,architecture.inset,material.carbon,eyes.void,interface.none,implant.none,mantle.split_shell,background.relay_well,signal.locked,corruption.intact
305,feasibility_only_not_final_art,entity.human,access.user,architecture.sealed,material.carbon,eyes.thermal,interface.none,implant.none,mantle.cable_shroud,background.relay_well,signal.intermittent,corruption.intact
306,feasibility_only_not_final_art,entity.human,access.admin,architecture.double_plane,material.biosynth,eyes.thermal,interface.respirator,implant.antenna,mantle.archive_coat,background.evidence_void,signal.locked,corruption.scan_shear
307,feasibility_only_not_final_art,entity.synthetic,access.user,architecture.inset,material.porcelain,eyes.thermal,interface.forensic_plate,implant.neural_cable,mantle.cable_shroud,background.rack_shadow,signal.intermittent,corruption.intact
308,feasibility_only_not_final_art,entity.hollow,access.user,architecture.sealed,material.reconstructed,eyes.void,interface.forensic_plate,implant.antenna,mantle.ceramic_mantle,background.relay_well,signal.intermittent,corruption.scan_shear
309,feasibility_only_not_final_art,entity.human,access.admin,architecture.inset,material.biosynth,eyes.void,interface.none,implant.spinal_bus,mantle.ceramic_mantle,background.rack_shadow,signal.locked,corruption.checksum_burn
310,feasibility_only_not_final_art,entity.human,access.user,architecture.inset,material.biosynth,eyes.thermal,interface.none,implant.none,mantle.archive_coat,background.evidence_void,signal.locked,corruption.checksum_burn
311,feasibility_only_not_final_art,entity.hollow,access.user,architecture.sealed,material.porcelain,eyes.void,interface.neural_veil,implant.neural_cable,mantle.archive_coat,background.evidence_void,signal.carrier_echo,corruption.scan_shear
312,feasibility_only_not_final_art,entity.synthetic,access.user,architecture.sealed,material.porcelain,eyes.thermal,interface.neural_veil,implant.neural_cable,mantle.archive_coat,background.evidence_void,signal.locked,corruption.checksum_burn
313,feasibility_only_not_final_art,entity.human,access.user,architecture.sealed,material.biosynth,eyes.thermal,interface.none,implant.neural_cable,mantle.field_collar,background.cold_storage,signal.silent,corruption.intact
314,feasibility_only_not_final_art,entity.synthetic,access.user,architecture.sealed,material.ceramic,eyes.thermal,interface.forensic_plate,implant.none,mantle.field_collar,background.service_tunnel,signal.carrier_echo,corruption.checksum_burn
315,feasibility_only_not_final_art,entity.human,access.user,architecture.sealed,material.biosynth,eyes.biometric,interface.respirator,implant.neural_cable,mantle.cable_shroud,background.anechoic_room,signal.intermittent,corruption.checksum_burn
316,feasibility_only_not_final_art,entity.specter,access.user,architecture.sealed,material.carbon,eyes.void,interface.none,implant.neural_cable,mantle.unsupported_frame,background.evidence_void,signal.carrier_echo,corruption.intact
317,feasibility_only_not_final_art,entity.hollow,access.user,architecture.sealed,material.ceramic,eyes.optical_array,interface.none,implant.spinal_bus,mantle.ceramic_mantle,background.cold_storage,signal.locked,corruption.intact
318,feasibility_only_not_final_art,entity.synthetic,access.user,architecture.sealed,material.ceramic,eyes.optical_array,interface.none,implant.neural_cable,mantle.archive_coat,background.evidence_void,signal.locked,corruption.intact
319,feasibility_only_not_final_art,entity.synthetic,access.user,architecture.sealed,material.biosynth,eyes.biometric,interface.none,implant.antenna,mantle.archive_coat,background.relay_well,signal.unclocked,corruption.scan_shear
320,feasibility_only_not_final_art,entity.synthetic,access.admin,architecture.double_plane,material.carbon,eyes.fractured,interface.forensic_plate,implant.spinal_bus,mantle.cable_shroud,background.evidence_void,signal.locked,corruption.intact
321,feasibility_only_not_final_art,entity.human,access.user,architecture.inset,material.biosynth,eyes.biometric,interface.none,implant.spinal_bus,mantle.split_shell,background.relay_well,signal.intermittent,corruption.scan_shear
322,feasibility_only_not_final_art,entity.synthetic,access.admin,architecture.inset,material.biosynth,eyes.fractured,interface.forensic_plate,implant.none,mantle.archive_coat,background.cold_storage,signal.intermittent,corruption.checksum_burn
323,feasibility_only_not_final_art,entity.human,access.user,architecture.inset,material.porcelain,eyes.fractured,interface.forensic_plate,implant.neural_cable,mantle.ceramic_mantle,background.evidence_void,signal.silent,corruption.packet_ghosting
324,feasibility_only_not_final_art,entity.synthetic,access.user,architecture.sealed,material.biosynth,eyes.biometric,interface.respirator,implant.none,mantle.ceramic_mantle,background.rack_shadow,signal.intermittent,corruption.intact
325,feasibility_only_not_final_art,entity.human,access.user,architecture.sealed,material.carbon,eyes.thermal,interface.forensic_plate,implant.spinal_bus,mantle.cable_shroud,background.evidence_void,signal.intermittent,corruption.intact
326,feasibility_only_not_final_art,entity.synthetic,access.user,architecture.sealed,material.porcelain,eyes.thermal,interface.respirator,implant.spinal_bus,mantle.ceramic_mantle,background.cold_storage,signal.intermittent,corruption.intact
327,feasibility_only_not_final_art,entity.human,access.user,architecture.sealed,material.porcelain,eyes.void,interface.forensic_plate,implant.neural_cable,mantle.archive_coat,background.evidence_void,signal.locked,corruption.intact
328,feasibility_only_not_final_art,entity.human,access.user,architecture.sealed,material.biosynth,eyes.biometric,interface.respirator,implant.none,mantle.field_collar,background.evidence_void,signal.locked,corruption.scan_shear
329,feasibility_only_not_final_art,entity.human,access.admin,architecture.double_plane,material.porcelain,eyes.biometric,interface.null_mask,implant.none,mantle.archive_coat,background.evidence_void,signal.locked,corruption.scan_shear
330,feasibility_only_not_final_art,entity.hollow,access.system,architecture.suspended_core,material.porcelain,eyes.void,interface.forensic_plate,implant.root_port,mantle.cable_shroud,background.cold_storage,signal.locked,corruption.intact
331,feasibility_only_not_final_art,entity.human,access.user,architecture.sealed,material.porcelain,eyes.biometric,interface.null_mask,implant.neural_cable,mantle.ceramic_mantle,background.evidence_void,signal.unclocked,corruption.checksum_burn
332,feasibility_only_not_final_art,entity.synthetic,access.user,architecture.sealed,material.carbon,eyes.thermal,interface.respirator,implant.none,mantle.archive_coat,background.service_tunnel,signal.silent,corruption.intact
333,feasibility_only_not_final_art,entity.human,access.user,architecture.sealed,material.carbon,eyes.void,interface.null_mask,implant.none,mantle.ceramic_mantle,background.anechoic_room,signal.intermittent,corruption.intact
334,feasibility_only_not_final_art,entity.hollow,access.user,architecture.sealed,material.ceramic,eyes.void,interface.forensic_plate,implant.none,mantle.field_collar,background.evidence_void,signal.intermittent,corruption.intact
335,feasibility_only_not_final_art,entity.synthetic,access.user,architecture.sealed,material.porcelain,eyes.optical_array,interface.none,implant.none,mantle.archive_coat,background.relay_well,signal.locked,corruption.checksum_burn
336,feasibility_only_not_final_art,entity.synthetic,access.user,architecture.sealed,material.carbon,eyes.void,interface.none,implant.none,mantle.field_collar,background.evidence_void,signal.carrier_echo,corruption.intact
337,feasibility_only_not_final_art,entity.human,access.user,architecture.sealed,material.biosynth,eyes.biometric,interface.none,implant.neural_cable,mantle.field_collar,background.cold_storage,signal.intermittent,corruption.intact
338,feasibility_only_not_final_art,entity.synthetic,access.user,architecture.sealed,material.biosynth,eyes.thermal,interface.forensic_plate,implant.antenna,mantle.archive_coat,background.cold_storage,signal.carrier_echo,corruption.intact
339,feasibility_only_not_final_art,entity.synthetic,access.admin,architecture.double_plane,material.ceramic,eyes.biometric,interface.none,implant.spinal_bus,mantle.cable_shroud,background.cold_storage,signal.locked,corruption.scan_shear
340,feasibility_only_not_final_art,entity.synthetic,access.user,architecture.sealed,material.biosynth,eyes.fractured,interface.none,implant.spinal_bus,mantle.ceramic_mantle,background.evidence_void,signal.intermittent,corruption.intact
341,feasibility_only_not_final_art,entity.synthetic,access.user,architecture.sealed,material.biosynth,eyes.void,interface.neural_veil,implant.neural_cable,mantle.ceramic_mantle,background.relay_well,signal.intermittent,corruption.checksum_burn
342,feasibility_only_not_final_art,entity.human,access.user,architecture.inset,material.biosynth,eyes.biometric,interface.none,implant.spinal_bus,mantle.archive_coat,background.relay_well,signal.locked,corruption.intact
343,feasibility_only_not_final_art,entity.synthetic,access.user,architecture.sealed,material.biosynth,eyes.biometric,interface.neural_veil,implant.spinal_bus,mantle.archive_coat,background.evidence_void,signal.locked,corruption.scan_shear
344,feasibility_only_not_final_art,entity.synthetic,access.user,architecture.sealed,material.porcelain,eyes.biometric,interface.respirator,implant.none,mantle.cable_shroud,background.rack_shadow,signal.carrier_echo,corruption.intact
345,feasibility_only_not_final_art,entity.human,access.admin,architecture.double_plane,material.biosynth,eyes.void,interface.respirator,implant.memory_spindle,mantle.archive_coat,background.rack_shadow,signal.locked,corruption.scan_shear
346,feasibility_only_not_final_art,entity.synthetic,access.admin,architecture.double_plane,material.biosynth,eyes.optical_array,interface.none,implant.none,mantle.cable_shroud,background.evidence_void,signal.intermittent,corruption.intact
347,feasibility_only_not_final_art,entity.human,access.user,architecture.sealed,material.biosynth,eyes.biometric,interface.forensic_plate,implant.neural_cable,mantle.cable_shroud,background.cold_storage,signal.locked,corruption.intact
348,feasibility_only_not_final_art,entity.human,access.admin,architecture.double_plane,material.carbon,eyes.biometric,interface.none,implant.none,mantle.ceramic_mantle,background.rack_shadow,signal.locked,corruption.scan_shear
349,feasibility_only_not_final_art,entity.synthetic,access.user,architecture.sealed,material.porcelain,eyes.biometric,interface.neural_veil,implant.none,mantle.ceramic_mantle,background.cold_storage,signal.intermittent,corruption.scan_shear
350,feasibility_only_not_final_art,entity.human,access.user,architecture.sealed,material.biosynth,eyes.fractured,interface.respirator,implant.spinal_bus,mantle.ceramic_mantle,background.service_tunnel,signal.locked,corruption.intact
351,feasibility_only_not_final_art,entity.synthetic,access.user,architecture.sealed,material.biosynth,eyes.biometric,interface.neural_veil,implant.neural_cable,mantle.split_shell,background.relay_well,signal.locked,corruption.intact
352,feasibility_only_not_final_art,entity.hollow,access.user,architecture.sealed,material.reconstructed,eyes.optical_array,interface.neural_veil,implant.spinal_bus,mantle.archive_coat,background.evidence_void,signal.intermittent,corruption.intact
353,feasibility_only_not_final_art,entity.human,access.admin,architecture.inset,material.porcelain,eyes.fractured,interface.none,implant.spinal_bus,mantle.field_collar,background.relay_well,signal.locked,corruption.intact
354,feasibility_only_not_final_art,entity.human,access.admin,architecture.inset,material.ceramic,eyes.void,interface.forensic_plate,implant.spinal_bus,mantle.archive_coat,background.evidence_void,signal.carrier_echo,corruption.intact
355,feasibility_only_not_final_art,entity.hollow,access.user,architecture.sealed,material.reconstructed,eyes.void,interface.neural_veil,implant.antenna,mantle.ceramic_mantle,background.relay_well,signal.intermittent,corruption.intact
356,feasibility_only_not_final_art,entity.synthetic,access.user,architecture.sealed,material.biosynth,eyes.thermal,interface.neural_veil,implant.antenna,mantle.ceramic_mantle,background.rack_shadow,signal.locked,corruption.scan_shear
357,feasibility_only_not_final_art,entity.synthetic,access.user,architecture.sealed,material.carbon,eyes.void,interface.null_mask,implant.neural_cable,mantle.field_collar,background.relay_well,signal.silent,corruption.intact
358,feasibility_only_not_final_art,entity.human,access.user,architecture.inset,material.biosynth,eyes.biometric,interface.none,implant.spinal_bus,mantle.ceramic_mantle,background.rack_shadow,signal.locked,corruption.scan_shear
359,feasibility_only_not_final_art,entity.synthetic,access.user,architecture.sealed,material.carbon,eyes.thermal,interface.none,implant.spinal_bus,mantle.archive_coat,background.relay_well,signal.locked,corruption.intact
360,feasibility_only_not_final_art,entity.synthetic,access.system,architecture.suspended_core,material.carbon,eyes.biometric,interface.none,implant.root_port,mantle.field_collar,background.evidence_void,signal.intermittent,corruption.scan_shear
361,feasibility_only_not_final_art,entity.synthetic,access.admin,architecture.inset,material.porcelain,eyes.biometric,interface.neural_veil,implant.memory_spindle,mantle.split_shell,background.evidence_void,signal.intermittent,corruption.scan_shear
362,feasibility_only_not_final_art,entity.synthetic,access.admin,architecture.inset,material.biosynth,eyes.biometric,interface.neural_veil,implant.antenna,mantle.archive_coat,background.evidence_void,signal.locked,corruption.intact
363,feasibility_only_not_final_art,entity.hollow,access.user,architecture.sealed,material.porcelain,eyes.void,interface.forensic_plate,implant.none,mantle.cable_shroud,background.service_tunnel,signal.locked,corruption.scan_shear
364,feasibility_only_not_final_art,entity.hollow,access.system,architecture.suspended_core,material.ceramic,eyes.void,interface.forensic_plate,implant.root_port,mantle.cable_shroud,background.rack_shadow,signal.locked,corruption.packet_ghosting
365,feasibility_only_not_final_art,entity.human,access.user,architecture.inset,material.biosynth,eyes.void,interface.respirator,implant.neural_cable,mantle.archive_coat,background.evidence_void,signal.intermittent,corruption.intact
366,feasibility_only_not_final_art,entity.specter,access.user,architecture.sealed,material.phase_glass,eyes.void,interface.none,implant.neural_cable,mantle.cable_shroud,background.cold_storage,signal.locked,corruption.absence
367,feasibility_only_not_final_art,entity.synthetic,access.user,architecture.inset,material.carbon,eyes.biometric,interface.none,implant.neural_cable,mantle.ceramic_mantle,background.cold_storage,signal.locked,corruption.scan_shear
368,feasibility_only_not_final_art,entity.synthetic,access.user,architecture.sealed,material.biosynth,eyes.optical_array,interface.none,implant.none,mantle.ceramic_mantle,background.service_tunnel,signal.intermittent,corruption.intact
369,feasibility_only_not_final_art,entity.synthetic,access.user,architecture.inset,material.biosynth,eyes.biometric,interface.none,implant.spinal_bus,mantle.ceramic_mantle,background.evidence_void,signal.silent,corruption.scan_shear
370,feasibility_only_not_final_art,entity.hollow,access.user,architecture.inset,material.carbon,eyes.void,interface.forensic_plate,implant.spinal_bus,mantle.archive_coat,background.cold_storage,signal.carrier_echo,corruption.packet_ghosting
371,feasibility_only_not_final_art,entity.hollow,access.user,architecture.sealed,material.carbon,eyes.void,interface.null_mask,implant.none,mantle.ceramic_mantle,background.cold_storage,signal.locked,corruption.scan_shear
372,feasibility_only_not_final_art,entity.hollow,access.admin,architecture.inset,material.ceramic,eyes.void,interface.neural_veil,implant.spinal_bus,mantle.cable_shroud,background.evidence_void,signal.intermittent,corruption.scan_shear
373,feasibility_only_not_final_art,entity.synthetic,access.user,architecture.sealed,material.porcelain,eyes.void,interface.neural_veil,implant.none,mantle.ceramic_mantle,background.rack_shadow,signal.intermittent,corruption.scan_shear
374,feasibility_only_not_final_art,entity.human,access.admin,architecture.double_plane,material.biosynth,eyes.void,interface.respirator,implant.spinal_bus,mantle.ceramic_mantle,background.anechoic_room,signal.carrier_echo,corruption.packet_ghosting
375,feasibility_only_not_final_art,entity.human,access.user,architecture.sealed,material.biosynth,eyes.biometric,interface.respirator,implant.none,mantle.ceramic_mantle,background.anechoic_room,signal.locked,corruption.packet_ghosting
376,feasibility_only_not_final_art,entity.synthetic,access.admin,architecture.double_plane,material.biosynth,eyes.thermal,interface.respirator,implant.neural_cable,mantle.ceramic_mantle,background.cold_storage,signal.carrier_echo,corruption.intact
377,feasibility_only_not_final_art,entity.synthetic,access.system,architecture.suspended_core,material.biosynth,eyes.biometric,interface.none,implant.root_port,mantle.archive_coat,background.cold_storage,signal.locked,corruption.intact
378,feasibility_only_not_final_art,entity.human,access.user,architecture.sealed,material.biosynth,eyes.biometric,interface.none,implant.none,mantle.field_collar,background.cold_storage,signal.silent,corruption.intact
379,feasibility_only_not_final_art,entity.human,access.user,architecture.sealed,material.ceramic,eyes.thermal,interface.none,implant.antenna,mantle.ceramic_mantle,background.cold_storage,signal.locked,corruption.intact
380,feasibility_only_not_final_art,entity.synthetic,access.user,architecture.sealed,material.carbon,eyes.optical_array,interface.none,implant.none,mantle.split_shell,background.rack_shadow,signal.intermittent,corruption.scan_shear
381,feasibility_only_not_final_art,entity.human,access.user,architecture.inset,material.biosynth,eyes.void,interface.forensic_plate,implant.neural_cable,mantle.archive_coat,background.relay_well,signal.locked,corruption.intact
382,feasibility_only_not_final_art,entity.human,access.user,architecture.sealed,material.reconstructed,eyes.void,interface.none,implant.none,mantle.archive_coat,background.evidence_void,signal.carrier_echo,corruption.intact
383,feasibility_only_not_final_art,entity.human,access.user,architecture.sealed,material.biosynth,eyes.void,interface.forensic_plate,implant.antenna,mantle.field_collar,background.rack_shadow,signal.locked,corruption.intact
384,feasibility_only_not_final_art,entity.human,access.admin,architecture.inset,material.biosynth,eyes.thermal,interface.forensic_plate,implant.neural_cable,mantle.split_shell,background.rack_shadow,signal.intermittent,corruption.packet_ghosting
385,feasibility_only_not_final_art,entity.human,access.user,architecture.inset,material.carbon,eyes.biometric,interface.none,implant.spinal_bus,mantle.cable_shroud,background.evidence_void,signal.silent,corruption.checksum_burn
386,feasibility_only_not_final_art,entity.human,access.user,architecture.sealed,material.biosynth,eyes.void,interface.forensic_plate,implant.none,mantle.ceramic_mantle,background.evidence_void,signal.locked,corruption.intact
387,feasibility_only_not_final_art,entity.human,access.user,architecture.sealed,material.biosynth,eyes.void,interface.none,implant.neural_cable,mantle.ceramic_mantle,background.rack_shadow,signal.locked,corruption.intact
388,feasibility_only_not_final_art,entity.synthetic,access.user,architecture.sealed,material.carbon,eyes.biometric,interface.respirator,implant.spinal_bus,mantle.ceramic_mantle,background.evidence_void,signal.locked,corruption.intact
389,feasibility_only_not_final_art,entity.human,access.user,architecture.sealed,material.carbon,eyes.biometric,interface.forensic_plate,implant.neural_cable,mantle.field_collar,background.cold_storage,signal.locked,corruption.intact
390,feasibility_only_not_final_art,entity.human,access.admin,architecture.inset,material.porcelain,eyes.biometric,interface.forensic_plate,implant.spinal_bus,mantle.archive_coat,background.evidence_void,signal.carrier_echo,corruption.intact
391,feasibility_only_not_final_art,entity.human,access.user,architecture.sealed,material.reconstructed,eyes.fractured,interface.none,implant.neural_cable,mantle.ceramic_mantle,background.evidence_void,signal.locked,corruption.intact
392,feasibility_only_not_final_art,entity.human,access.system,architecture.suspended_core,material.biosynth,eyes.thermal,interface.none,implant.root_port,mantle.field_collar,background.cold_storage,signal.carrier_echo,corruption.checksum_burn
393,feasibility_only_not_final_art,entity.hollow,access.admin,architecture.inset,material.porcelain,eyes.optical_array,interface.none,implant.none,mantle.archive_coat,background.cold_storage,signal.carrier_echo,corruption.absence
394,feasibility_only_not_final_art,entity.synthetic,access.user,architecture.sealed,material.carbon,eyes.biometric,interface.forensic_plate,implant.neural_cable,mantle.ceramic_mantle,background.evidence_void,signal.locked,corruption.scan_shear
395,feasibility_only_not_final_art,entity.human,access.admin,architecture.double_plane,material.porcelain,eyes.biometric,interface.none,implant.spinal_bus,mantle.split_shell,background.relay_well,signal.locked,corruption.memory_bleed
396,feasibility_only_not_final_art,entity.human,access.user,architecture.sealed,material.biosynth,eyes.biometric,interface.none,implant.neural_cable,mantle.ceramic_mantle,background.evidence_void,signal.locked,corruption.intact
397,feasibility_only_not_final_art,entity.synthetic,access.admin,architecture.inset,material.biosynth,eyes.biometric,interface.neural_veil,implant.neural_cable,mantle.cable_shroud,background.rack_shadow,signal.intermittent,corruption.scan_shear
398,feasibility_only_not_final_art,entity.human,access.user,architecture.sealed,material.porcelain,eyes.fractured,interface.none,implant.spinal_bus,mantle.cable_shroud,background.service_tunnel,signal.carrier_echo,corruption.intact
399,feasibility_only_not_final_art,entity.synthetic,access.user,architecture.sealed,material.biosynth,eyes.void,interface.respirator,implant.none,mantle.archive_coat,background.evidence_void,signal.locked,corruption.checksum_burn
400,feasibility_only_not_final_art,entity.synthetic,access.user,architecture.sealed,material.carbon,eyes.biometric,interface.respirator,implant.none,mantle.ceramic_mantle,background.service_tunnel,signal.locked,corruption.scan_shear
401,feasibility_only_not_final_art,entity.human,access.user,architecture.sealed,material.ceramic,eyes.biometric,interface.respirator,implant.neural_cable,mantle.cable_shroud,background.cold_storage,signal.intermittent,corruption.intact
402,feasibility_only_not_final_art,entity.synthetic,access.admin,architecture.double_plane,material.porcelain,eyes.thermal,interface.none,implant.spinal_bus,mantle.ceramic_mantle,background.rack_shadow,signal.silent,corruption.intact
403,feasibility_only_not_final_art,entity.synthetic,access.root,architecture.severed_halo,material.biosynth,eyes.biometric,interface.none,implant.root_port,mantle.archive_coat,background.cold_storage,signal.locked,corruption.packet_ghosting
404,feasibility_only_not_final_art,entity.synthetic,access.user,architecture.sealed,material.biosynth,eyes.void,interface.neural_veil,implant.neural_cable,mantle.cable_shroud,background.relay_well,signal.silent,corruption.intact
405,feasibility_only_not_final_art,entity.human,access.admin,architecture.double_plane,material.biosynth,eyes.thermal,interface.respirator,implant.neural_cable,mantle.archive_coat,background.rack_shadow,signal.locked,corruption.intact
406,feasibility_only_not_final_art,entity.human,access.user,architecture.sealed,material.biosynth,eyes.thermal,interface.forensic_plate,implant.antenna,mantle.archive_coat,background.rack_shadow,signal.carrier_echo,corruption.packet_ghosting
407,feasibility_only_not_final_art,entity.human,access.user,architecture.sealed,material.biosynth,eyes.thermal,interface.respirator,implant.none,mantle.ceramic_mantle,background.uplink_black,signal.silent,corruption.scan_shear
408,feasibility_only_not_final_art,entity.synthetic,access.admin,architecture.inset,material.porcelain,eyes.fractured,interface.respirator,implant.spinal_bus,mantle.archive_coat,background.cold_storage,signal.locked,corruption.intact
409,feasibility_only_not_final_art,entity.human,access.user,architecture.sealed,material.biosynth,eyes.void,interface.none,implant.neural_cable,mantle.ceramic_mantle,background.rack_shadow,signal.carrier_echo,corruption.scan_shear
410,feasibility_only_not_final_art,entity.human,access.user,architecture.inset,material.biosynth,eyes.thermal,interface.forensic_plate,implant.neural_cable,mantle.ceramic_mantle,background.relay_well,signal.locked,corruption.scan_shear
411,feasibility_only_not_final_art,entity.human,access.user,architecture.sealed,material.carbon,eyes.void,interface.null_mask,implant.neural_cable,mantle.cable_shroud,background.cold_storage,signal.intermittent,corruption.intact
412,feasibility_only_not_final_art,entity.synthetic,access.admin,architecture.double_plane,material.biosynth,eyes.thermal,interface.null_mask,implant.memory_spindle,mantle.ceramic_mantle,background.evidence_void,signal.carrier_echo,corruption.intact
413,feasibility_only_not_final_art,entity.synthetic,access.user,architecture.sealed,material.ceramic,eyes.biometric,interface.respirator,implant.neural_cable,mantle.ceramic_mantle,background.rack_shadow,signal.carrier_echo,corruption.scan_shear
414,feasibility_only_not_final_art,entity.synthetic,access.admin,architecture.double_plane,material.porcelain,eyes.thermal,interface.none,implant.neural_cable,mantle.cable_shroud,background.evidence_void,signal.carrier_echo,corruption.intact
415,feasibility_only_not_final_art,entity.human,access.user,architecture.sealed,material.biosynth,eyes.thermal,interface.none,implant.none,mantle.cable_shroud,background.uplink_black,signal.intermittent,corruption.checksum_burn
416,feasibility_only_not_final_art,entity.synthetic,access.user,architecture.inset,material.carbon,eyes.void,interface.respirator,implant.none,mantle.split_shell,background.rack_shadow,signal.locked,corruption.scan_shear
417,feasibility_only_not_final_art,entity.synthetic,access.user,architecture.sealed,material.porcelain,eyes.optical_array,interface.respirator,implant.spinal_bus,mantle.field_collar,background.evidence_void,signal.locked,corruption.intact
418,feasibility_only_not_final_art,entity.synthetic,access.admin,architecture.double_plane,material.ceramic,eyes.thermal,interface.neural_veil,implant.none,mantle.archive_coat,background.rack_shadow,signal.locked,corruption.scan_shear
419,feasibility_only_not_final_art,entity.human,access.admin,architecture.double_plane,material.porcelain,eyes.thermal,interface.none,implant.antenna,mantle.split_shell,background.anechoic_room,signal.intermittent,corruption.intact
420,feasibility_only_not_final_art,entity.human,access.user,architecture.sealed,material.ceramic,eyes.biometric,interface.none,implant.neural_cable,mantle.archive_coat,background.service_tunnel,signal.intermittent,corruption.intact
421,feasibility_only_not_final_art,entity.hollow,access.user,architecture.inset,material.porcelain,eyes.fractured,interface.none,implant.none,mantle.cable_shroud,background.rack_shadow,signal.carrier_echo,corruption.memory_bleed
422,feasibility_only_not_final_art,entity.synthetic,access.user,architecture.inset,material.carbon,eyes.biometric,interface.none,implant.none,mantle.ceramic_mantle,background.rack_shadow,signal.carrier_echo,corruption.scan_shear
423,feasibility_only_not_final_art,entity.hollow,access.user,architecture.inset,material.ceramic,eyes.void,interface.neural_veil,implant.spinal_bus,mantle.archive_coat,background.rack_shadow,signal.silent,corruption.intact
424,feasibility_only_not_final_art,entity.human,access.user,architecture.inset,material.biosynth,eyes.biometric,interface.forensic_plate,implant.neural_cable,mantle.archive_coat,background.service_tunnel,signal.locked,corruption.scan_shear
425,feasibility_only_not_final_art,entity.hollow,access.user,architecture.sealed,material.carbon,eyes.fractured,interface.skeletal_interface,implant.neural_cable,mantle.ceramic_mantle,background.evidence_void,signal.silent,corruption.intact
426,feasibility_only_not_final_art,entity.synthetic,access.user,architecture.sealed,material.reconstructed,eyes.biometric,interface.neural_veil,implant.spinal_bus,mantle.field_collar,background.evidence_void,signal.locked,corruption.checksum_burn
427,feasibility_only_not_final_art,entity.hollow,access.user,architecture.sealed,material.carbon,eyes.void,interface.neural_veil,implant.none,mantle.ceramic_mantle,background.evidence_void,signal.silent,corruption.checksum_burn
428,feasibility_only_not_final_art,entity.hollow,access.user,architecture.sealed,material.carbon,eyes.fractured,interface.forensic_plate,implant.spinal_bus,mantle.split_shell,background.service_tunnel,signal.intermittent,corruption.intact
429,feasibility_only_not_final_art,entity.human,access.admin,architecture.inset,material.biosynth,eyes.fractured,interface.none,implant.antenna,mantle.archive_coat,background.relay_well,signal.locked,corruption.intact
430,feasibility_only_not_final_art,entity.synthetic,access.admin,architecture.double_plane,material.biosynth,eyes.thermal,interface.none,implant.spinal_bus,mantle.archive_coat,background.evidence_void,signal.locked,corruption.intact
431,feasibility_only_not_final_art,entity.human,access.user,architecture.sealed,material.ceramic,eyes.void,interface.respirator,implant.none,mantle.cable_shroud,background.cold_storage,signal.carrier_echo,corruption.memory_bleed
432,feasibility_only_not_final_art,entity.hollow,access.user,architecture.sealed,material.ceramic,eyes.void,interface.neural_veil,implant.neural_cable,mantle.ceramic_mantle,background.service_tunnel,signal.locked,corruption.checksum_burn
433,feasibility_only_not_final_art,entity.human,access.user,architecture.sealed,material.ceramic,eyes.biometric,interface.forensic_plate,implant.none,mantle.archive_coat,background.evidence_void,signal.locked,corruption.intact
434,feasibility_only_not_final_art,entity.hollow,access.user,architecture.inset,material.carbon,eyes.fractured,interface.none,implant.antenna,mantle.ceramic_mantle,background.anechoic_room,signal.intermittent,corruption.intact
435,feasibility_only_not_final_art,entity.human,access.user,architecture.sealed,material.biosynth,eyes.biometric,interface.respirator,implant.neural_cable,mantle.archive_coat,background.rack_shadow,signal.intermittent,corruption.scan_shear
436,feasibility_only_not_final_art,entity.human,access.user,architecture.sealed,material.biosynth,eyes.biometric,interface.none,implant.neural_cable,mantle.cable_shroud,background.relay_well,signal.carrier_echo,corruption.intact
437,feasibility_only_not_final_art,entity.hollow,access.user,architecture.inset,material.carbon,eyes.optical_array,interface.forensic_plate,implant.none,mantle.cable_shroud,background.evidence_void,signal.carrier_echo,corruption.intact
438,feasibility_only_not_final_art,entity.synthetic,access.system,architecture.suspended_core,material.porcelain,eyes.optical_array,interface.none,implant.root_port,mantle.cable_shroud,background.relay_well,signal.locked,corruption.intact
439,feasibility_only_not_final_art,entity.human,access.system,architecture.suspended_core,material.porcelain,eyes.biometric,interface.respirator,implant.root_port,mantle.split_shell,background.evidence_void,signal.intermittent,corruption.scan_shear
440,feasibility_only_not_final_art,entity.hollow,access.user,architecture.sealed,material.carbon,eyes.void,interface.forensic_plate,implant.neural_cable,mantle.archive_coat,background.evidence_void,signal.carrier_echo,corruption.scan_shear
441,feasibility_only_not_final_art,entity.synthetic,access.system,architecture.suspended_core,material.ceramic,eyes.thermal,interface.neural_veil,implant.root_port,mantle.archive_coat,background.relay_well,signal.locked,corruption.intact
442,feasibility_only_not_final_art,entity.human,access.user,architecture.sealed,material.biosynth,eyes.thermal,interface.none,implant.none,mantle.archive_coat,background.evidence_void,signal.silent,corruption.scan_shear
443,feasibility_only_not_final_art,entity.specter,access.user,architecture.inset,material.reconstructed,eyes.fractured,interface.neural_veil,implant.none,mantle.ceramic_mantle,background.cold_storage,signal.locked,corruption.intact
444,feasibility_only_not_final_art,entity.human,access.admin,architecture.double_plane,material.ceramic,eyes.void,interface.none,implant.spinal_bus,mantle.archive_coat,background.evidence_void,signal.locked,corruption.memory_bleed
445,feasibility_only_not_final_art,entity.human,access.admin,architecture.double_plane,material.carbon,eyes.biometric,interface.forensic_plate,implant.none,mantle.field_collar,background.evidence_void,signal.carrier_echo,corruption.packet_ghosting
446,feasibility_only_not_final_art,entity.human,access.admin,architecture.double_plane,material.reconstructed,eyes.biometric,interface.forensic_plate,implant.memory_spindle,mantle.cable_shroud,background.relay_well,signal.silent,corruption.intact
447,feasibility_only_not_final_art,entity.synthetic,access.user,architecture.sealed,material.ceramic,eyes.thermal,interface.none,implant.neural_cable,mantle.archive_coat,background.evidence_void,signal.locked,corruption.intact
448,feasibility_only_not_final_art,entity.synthetic,access.system,architecture.suspended_core,material.biosynth,eyes.fractured,interface.forensic_plate,implant.root_port,mantle.field_collar,background.rack_shadow,signal.locked,corruption.intact
449,feasibility_only_not_final_art,entity.specter,access.admin,architecture.inset,material.phase_glass,eyes.void,interface.forensic_plate,implant.neural_cable,mantle.unsupported_frame,background.evidence_void,signal.intermittent,corruption.scan_shear
450,feasibility_only_not_final_art,entity.human,access.user,architecture.sealed,material.biosynth,eyes.biometric,interface.respirator,implant.none,mantle.archive_coat,background.service_tunnel,signal.silent,corruption.intact
451,feasibility_only_not_final_art,entity.synthetic,access.user,architecture.sealed,material.ceramic,eyes.biometric,interface.respirator,implant.none,mantle.field_collar,background.anechoic_room,signal.locked,corruption.intact
452,feasibility_only_not_final_art,entity.human,access.admin,architecture.double_plane,material.carbon,eyes.biometric,interface.none,implant.none,mantle.archive_coat,background.evidence_void,signal.locked,corruption.scan_shear
453,feasibility_only_not_final_art,entity.synthetic,access.user,architecture.inset,material.biosynth,eyes.thermal,interface.forensic_plate,implant.none,mantle.field_collar,background.anechoic_room,signal.intermittent,corruption.checksum_burn
454,feasibility_only_not_final_art,entity.synthetic,access.admin,architecture.inset,material.porcelain,eyes.optical_array,interface.neural_veil,implant.spinal_bus,mantle.ceramic_mantle,background.service_tunnel,signal.locked,corruption.intact
455,feasibility_only_not_final_art,entity.human,access.admin,architecture.double_plane,material.biosynth,eyes.biometric,interface.forensic_plate,implant.neural_cable,mantle.ceramic_mantle,background.cold_storage,signal.locked,corruption.scan_shear
456,feasibility_only_not_final_art,entity.human,access.admin,architecture.inset,material.biosynth,eyes.fractured,interface.forensic_plate,implant.memory_spindle,mantle.archive_coat,background.relay_well,signal.locked,corruption.checksum_burn
457,feasibility_only_not_final_art,entity.synthetic,access.user,architecture.sealed,material.biosynth,eyes.biometric,interface.none,implant.none,mantle.cable_shroud,background.evidence_void,signal.locked,corruption.scan_shear
458,feasibility_only_not_final_art,entity.hollow,access.system,architecture.suspended_core,material.porcelain,eyes.optical_array,interface.forensic_plate,implant.root_port,mantle.archive_coat,background.anechoic_room,signal.locked,corruption.packet_ghosting
459,feasibility_only_not_final_art,entity.human,access.user,architecture.sealed,material.ceramic,eyes.biometric,interface.none,implant.antenna,mantle.field_collar,background.cold_storage,signal.carrier_echo,corruption.scan_shear
460,feasibility_only_not_final_art,entity.human,access.admin,architecture.inset,material.ceramic,eyes.biometric,interface.respirator,implant.none,mantle.archive_coat,background.evidence_void,signal.locked,corruption.scan_shear
461,feasibility_only_not_final_art,entity.human,access.user,architecture.sealed,material.biosynth,eyes.void,interface.none,implant.spinal_bus,mantle.cable_shroud,background.rack_shadow,signal.locked,corruption.intact
462,feasibility_only_not_final_art,entity.hollow,access.user,architecture.sealed,material.carbon,eyes.optical_array,interface.null_mask,implant.none,mantle.cable_shroud,background.anechoic_room,signal.carrier_echo,corruption.checksum_burn
463,feasibility_only_not_final_art,entity.human,access.user,architecture.sealed,material.ceramic,eyes.biometric,interface.none,implant.antenna,mantle.cable_shroud,background.rack_shadow,signal.locked,corruption.scan_shear
464,feasibility_only_not_final_art,entity.synthetic,access.user,architecture.inset,material.biosynth,eyes.void,interface.respirator,implant.antenna,mantle.archive_coat,background.evidence_void,signal.locked,corruption.intact
465,feasibility_only_not_final_art,entity.human,access.system,architecture.suspended_core,material.biosynth,eyes.biometric,interface.respirator,implant.root_port,mantle.field_collar,background.rack_shadow,signal.locked,corruption.intact
466,feasibility_only_not_final_art,entity.synthetic,access.user,architecture.inset,material.porcelain,eyes.optical_array,interface.forensic_plate,implant.spinal_bus,mantle.ceramic_mantle,background.service_tunnel,signal.locked,corruption.checksum_burn
467,feasibility_only_not_final_art,entity.synthetic,access.user,architecture.sealed,material.ceramic,eyes.optical_array,interface.forensic_plate,implant.neural_cable,mantle.split_shell,background.rack_shadow,signal.intermittent,corruption.scan_shear
468,feasibility_only_not_final_art,entity.human,access.admin,architecture.inset,material.biosynth,eyes.biometric,interface.none,implant.neural_cable,mantle.archive_coat,background.evidence_void,signal.intermittent,corruption.packet_ghosting
469,feasibility_only_not_final_art,entity.human,access.system,architecture.suspended_core,material.biosynth,eyes.thermal,interface.none,implant.root_port,mantle.field_collar,background.evidence_void,signal.locked,corruption.intact
470,feasibility_only_not_final_art,entity.human,access.user,architecture.sealed,material.biosynth,eyes.biometric,interface.forensic_plate,implant.none,mantle.ceramic_mantle,background.relay_well,signal.intermittent,corruption.scan_shear
471,feasibility_only_not_final_art,entity.synthetic,access.admin,architecture.double_plane,material.porcelain,eyes.biometric,interface.null_mask,implant.none,mantle.archive_coat,background.evidence_void,signal.intermittent,corruption.scan_shear
472,feasibility_only_not_final_art,entity.human,access.admin,architecture.inset,material.carbon,eyes.biometric,interface.none,implant.antenna,mantle.archive_coat,background.anechoic_room,signal.locked,corruption.intact
473,feasibility_only_not_final_art,entity.synthetic,access.user,architecture.sealed,material.porcelain,eyes.biometric,interface.none,implant.neural_cable,mantle.field_collar,background.service_tunnel,signal.intermittent,corruption.intact
474,feasibility_only_not_final_art,entity.hollow,access.admin,architecture.inset,material.carbon,eyes.fractured,interface.null_mask,implant.antenna,mantle.field_collar,background.rack_shadow,signal.locked,corruption.intact
475,feasibility_only_not_final_art,entity.human,access.user,architecture.sealed,material.ceramic,eyes.biometric,interface.none,implant.antenna,mantle.ceramic_mantle,background.evidence_void,signal.locked,corruption.intact
476,feasibility_only_not_final_art,entity.synthetic,access.user,architecture.sealed,material.carbon,eyes.fractured,interface.forensic_plate,implant.antenna,mantle.archive_coat,background.service_tunnel,signal.locked,corruption.intact
477,feasibility_only_not_final_art,entity.human,access.user,architecture.sealed,material.carbon,eyes.biometric,interface.respirator,implant.none,mantle.archive_coat,background.relay_well,signal.carrier_echo,corruption.intact
478,feasibility_only_not_final_art,entity.synthetic,access.user,architecture.inset,material.biosynth,eyes.void,interface.forensic_plate,implant.spinal_bus,mantle.archive_coat,background.evidence_void,signal.carrier_echo,corruption.intact
479,feasibility_only_not_final_art,entity.human,access.user,architecture.inset,material.biosynth,eyes.biometric,interface.respirator,implant.neural_cable,mantle.archive_coat,background.service_tunnel,signal.silent,corruption.scan_shear
480,feasibility_only_not_final_art,entity.human,access.user,architecture.sealed,material.porcelain,eyes.thermal,interface.forensic_plate,implant.antenna,mantle.archive_coat,background.evidence_void,signal.locked,corruption.intact
481,feasibility_only_not_final_art,entity.hollow,access.user,architecture.inset,material.porcelain,eyes.void,interface.none,implant.neural_cable,mantle.ceramic_mantle,background.service_tunnel,signal.carrier_echo,corruption.packet_ghosting
482,feasibility_only_not_final_art,entity.synthetic,access.user,architecture.sealed,material.ceramic,eyes.void,interface.forensic_plate,implant.spinal_bus,mantle.cable_shroud,background.evidence_void,signal.locked,corruption.intact
483,feasibility_only_not_final_art,entity.human,access.user,architecture.sealed,material.biosynth,eyes.thermal,interface.forensic_plate,implant.none,mantle.ceramic_mantle,background.cold_storage,signal.locked,corruption.intact
484,feasibility_only_not_final_art,entity.synthetic,access.admin,architecture.inset,material.biosynth,eyes.biometric,interface.forensic_plate,implant.none,mantle.ceramic_mantle,background.cold_storage,signal.locked,corruption.intact
485,feasibility_only_not_final_art,entity.human,access.user,architecture.sealed,material.porcelain,eyes.biometric,interface.none,implant.neural_cable,mantle.cable_shroud,background.relay_well,signal.locked,corruption.intact
486,feasibility_only_not_final_art,entity.human,access.user,architecture.sealed,material.ceramic,eyes.void,interface.respirator,implant.none,mantle.archive_coat,background.evidence_void,signal.intermittent,corruption.scan_shear
487,feasibility_only_not_final_art,entity.human,access.user,architecture.sealed,material.carbon,eyes.biometric,interface.forensic_plate,implant.spinal_bus,mantle.archive_coat,background.evidence_void,signal.locked,corruption.checksum_burn
488,feasibility_only_not_final_art,entity.human,access.user,architecture.sealed,material.biosynth,eyes.thermal,interface.none,implant.spinal_bus,mantle.cable_shroud,background.evidence_void,signal.intermittent,corruption.scan_shear
489,feasibility_only_not_final_art,entity.human,access.admin,architecture.inset,material.biosynth,eyes.thermal,interface.none,implant.neural_cable,mantle.archive_coat,background.evidence_void,signal.locked,corruption.intact
490,feasibility_only_not_final_art,entity.human,access.user,architecture.sealed,material.porcelain,eyes.biometric,interface.forensic_plate,implant.antenna,mantle.archive_coat,background.evidence_void,signal.intermittent,corruption.intact
491,feasibility_only_not_final_art,entity.synthetic,access.user,architecture.sealed,material.ceramic,eyes.thermal,interface.respirator,implant.neural_cable,mantle.ceramic_mantle,background.anechoic_room,signal.locked,corruption.checksum_burn
492,feasibility_only_not_final_art,entity.synthetic,access.user,architecture.sealed,material.porcelain,eyes.thermal,interface.none,implant.none,mantle.ceramic_mantle,background.rack_shadow,signal.intermittent,corruption.packet_ghosting
493,feasibility_only_not_final_art,entity.specter,access.admin,architecture.double_plane,material.reconstructed,eyes.void,interface.neural_veil,implant.spinal_bus,mantle.cable_shroud,background.evidence_void,signal.locked,corruption.absence
494,feasibility_only_not_final_art,entity.human,access.user,architecture.sealed,material.carbon,eyes.thermal,interface.none,implant.none,mantle.cable_shroud,background.rack_shadow,signal.intermittent,corruption.intact
495,feasibility_only_not_final_art,entity.hollow,access.user,architecture.sealed,material.porcelain,eyes.fractured,interface.skeletal_interface,implant.none,mantle.ceramic_mantle,background.cold_storage,signal.intermittent,corruption.intact
496,feasibility_only_not_final_art,entity.specter,access.user,architecture.inset,material.reconstructed,eyes.fractured,interface.forensic_plate,implant.antenna,mantle.archive_coat,background.rack_shadow,signal.locked,corruption.intact
497,feasibility_only_not_final_art,entity.human,access.admin,architecture.double_plane,material.carbon,eyes.biometric,interface.respirator,implant.none,mantle.archive_coat,background.evidence_void,signal.intermittent,corruption.intact
498,feasibility_only_not_final_art,entity.hollow,access.admin,architecture.double_plane,material.porcelain,eyes.void,interface.none,implant.none,mantle.cable_shroud,background.rack_shadow,signal.intermittent,corruption.intact
499,feasibility_only_not_final_art,entity.human,access.user,architecture.inset,material.biosynth,eyes.thermal,interface.forensic_plate,implant.none,mantle.cable_shroud,background.service_tunnel,signal.locked,corruption.intact
500,feasibility_only_not_final_art,entity.human,access.user,architecture.sealed,material.porcelain,eyes.void,interface.forensic_plate,implant.none,mantle.archive_coat,background.rack_shadow,signal.silent,corruption.scan_shear
501,feasibility_only_not_final_art,entity.synthetic,access.admin,architecture.inset,material.carbon,eyes.biometric,interface.forensic_plate,implant.none,mantle.ceramic_mantle,background.service_tunnel,signal.carrier_echo,corruption.intact
502,feasibility_only_not_final_art,entity.hollow,access.system,architecture.suspended_core,material.porcelain,eyes.void,interface.none,implant.root_port,mantle.field_collar,background.evidence_void,signal.locked,corruption.intact
503,feasibility_only_not_final_art,entity.human,access.root,architecture.severed_halo,material.porcelain,eyes.biometric,interface.none,implant.signal_crown,mantle.cable_shroud,background.service_tunnel,signal.carrier_echo,corruption.intact
504,feasibility_only_not_final_art,entity.synthetic,access.user,architecture.inset,material.carbon,eyes.optical_array,interface.forensic_plate,implant.none,mantle.ceramic_mantle,background.cold_storage,signal.intermittent,corruption.scan_shear
505,feasibility_only_not_final_art,entity.synthetic,access.user,architecture.sealed,material.reconstructed,eyes.biometric,interface.respirator,implant.spinal_bus,mantle.cable_shroud,background.service_tunnel,signal.carrier_echo,corruption.intact
506,feasibility_only_not_final_art,entity.synthetic,access.user,architecture.sealed,material.carbon,eyes.fractured,interface.none,implant.antenna,mantle.ceramic_mantle,background.cold_storage,signal.locked,corruption.checksum_burn
507,feasibility_only_not_final_art,entity.synthetic,access.user,architecture.sealed,material.carbon,eyes.biometric,interface.none,implant.none,mantle.cable_shroud,background.rack_shadow,signal.carrier_echo,corruption.intact
508,feasibility_only_not_final_art,entity.human,access.user,architecture.sealed,material.porcelain,eyes.thermal,interface.none,implant.none,mantle.archive_coat,background.evidence_void,signal.carrier_echo,corruption.checksum_burn
509,feasibility_only_not_final_art,entity.synthetic,access.user,architecture.sealed,material.biosynth,eyes.biometric,interface.respirator,implant.antenna,mantle.archive_coat,background.relay_well,signal.locked,corruption.packet_ghosting
510,feasibility_only_not_final_art,entity.human,access.admin,architecture.double_plane,material.carbon,eyes.biometric,interface.forensic_plate,implant.none,mantle.archive_coat,background.cold_storage,signal.locked,corruption.intact
511,feasibility_only_not_final_art,entity.human,access.user,architecture.sealed,material.ceramic,eyes.thermal,interface.none,implant.none,mantle.field_collar,background.rack_shadow,signal.silent,corruption.intact
512,feasibility_only_not_final_art,entity.hollow,access.user,architecture.sealed,material.ceramic,eyes.fractured,interface.neural_veil,implant.none,mantle.archive_coat,background.relay_well,signal.intermittent,corruption.intact
513,feasibility_only_not_final_art,entity.synthetic,access.admin,architecture.double_plane,material.carbon,eyes.biometric,interface.none,implant.neural_cable,mantle.archive_coat,background.rack_shadow,signal.intermittent,corruption.scan_shear
514,feasibility_only_not_final_art,entity.hollow,access.user,architecture.sealed,material.porcelain,eyes.void,interface.none,implant.neural_cable,mantle.split_shell,background.evidence_void,signal.locked,corruption.scan_shear
515,feasibility_only_not_final_art,entity.synthetic,access.user,architecture.sealed,material.carbon,eyes.biometric,interface.none,implant.neural_cable,mantle.split_shell,background.anechoic_room,signal.carrier_echo,corruption.intact
516,feasibility_only_not_final_art,entity.synthetic,access.user,architecture.sealed,material.biosynth,eyes.void,interface.neural_veil,implant.antenna,mantle.split_shell,background.evidence_void,signal.locked,corruption.intact
517,feasibility_only_not_final_art,entity.human,access.admin,architecture.inset,material.carbon,eyes.biometric,interface.forensic_plate,implant.neural_cable,mantle.cable_shroud,background.rack_shadow,signal.locked,corruption.intact
518,feasibility_only_not_final_art,entity.human,access.admin,architecture.double_plane,material.biosynth,eyes.thermal,interface.none,implant.none,mantle.ceramic_mantle,background.evidence_void,signal.intermittent,corruption.scan_shear
519,feasibility_only_not_final_art,entity.specter,access.user,architecture.sealed,material.carbon,eyes.signal_burn,interface.none,implant.neural_cable,mantle.unsupported_frame,background.anechoic_room,signal.locked,corruption.intact
520,feasibility_only_not_final_art,entity.synthetic,access.user,architecture.sealed,material.reconstructed,eyes.biometric,interface.neural_veil,implant.none,mantle.archive_coat,background.cold_storage,signal.locked,corruption.intact
521,feasibility_only_not_final_art,entity.human,access.user,architecture.sealed,material.porcelain,eyes.void,interface.none,implant.none,mantle.field_collar,background.rack_shadow,signal.locked,corruption.intact
522,feasibility_only_not_final_art,entity.hollow,access.user,architecture.inset,material.ceramic,eyes.void,interface.forensic_plate,implant.antenna,mantle.cable_shroud,background.rack_shadow,signal.intermittent,corruption.intact
523,feasibility_only_not_final_art,entity.synthetic,access.user,architecture.sealed,material.reconstructed,eyes.biometric,interface.respirator,implant.none,mantle.field_collar,background.cold_storage,signal.locked,corruption.checksum_burn
524,feasibility_only_not_final_art,entity.human,access.user,architecture.inset,material.biosynth,eyes.thermal,interface.respirator,implant.none,mantle.ceramic_mantle,background.evidence_void,signal.locked,corruption.intact
525,feasibility_only_not_final_art,entity.hollow,access.system,architecture.suspended_core,material.porcelain,eyes.fractured,interface.none,implant.root_port,mantle.field_collar,background.service_tunnel,signal.locked,corruption.intact
526,feasibility_only_not_final_art,entity.human,access.user,architecture.inset,material.carbon,eyes.void,interface.none,implant.spinal_bus,mantle.ceramic_mantle,background.cold_storage,signal.locked,corruption.intact
527,feasibility_only_not_final_art,entity.human,access.admin,architecture.inset,material.porcelain,eyes.biometric,interface.none,implant.antenna,mantle.field_collar,background.evidence_void,signal.locked,corruption.intact
528,feasibility_only_not_final_art,entity.synthetic,access.user,architecture.sealed,material.ceramic,eyes.biometric,interface.none,implant.none,mantle.ceramic_mantle,background.rack_shadow,signal.locked,corruption.checksum_burn
529,feasibility_only_not_final_art,entity.human,access.user,architecture.sealed,material.biosynth,eyes.biometric,interface.respirator,implant.none,mantle.archive_coat,background.cold_storage,signal.locked,corruption.packet_ghosting
530,feasibility_only_not_final_art,entity.human,access.admin,architecture.double_plane,material.carbon,eyes.biometric,interface.none,implant.spinal_bus,mantle.field_collar,background.rack_shadow,signal.intermittent,corruption.intact
531,feasibility_only_not_final_art,entity.synthetic,access.user,architecture.inset,material.carbon,eyes.thermal,interface.none,implant.neural_cable,mantle.ceramic_mantle,background.evidence_void,signal.carrier_echo,corruption.intact
532,feasibility_only_not_final_art,entity.human,access.user,architecture.inset,material.porcelain,eyes.biometric,interface.respirator,implant.spinal_bus,mantle.field_collar,background.relay_well,signal.carrier_echo,corruption.intact
533,feasibility_only_not_final_art,entity.human,access.user,architecture.sealed,material.biosynth,eyes.thermal,interface.respirator,implant.none,mantle.archive_coat,background.uplink_black,signal.carrier_echo,corruption.scan_shear
534,feasibility_only_not_final_art,entity.synthetic,access.user,architecture.sealed,material.ceramic,eyes.biometric,interface.neural_veil,implant.none,mantle.ceramic_mantle,background.rack_shadow,signal.carrier_echo,corruption.intact
535,feasibility_only_not_final_art,entity.human,access.admin,architecture.double_plane,material.biosynth,eyes.biometric,interface.none,implant.neural_cable,mantle.archive_coat,background.cold_storage,signal.locked,corruption.intact
536,feasibility_only_not_final_art,entity.synthetic,access.user,architecture.sealed,material.biosynth,eyes.biometric,interface.neural_veil,implant.none,mantle.field_collar,background.relay_well,signal.locked,corruption.packet_ghosting
537,feasibility_only_not_final_art,entity.synthetic,access.user,architecture.sealed,material.porcelain,eyes.thermal,interface.forensic_plate,implant.neural_cable,mantle.archive_coat,background.cold_storage,signal.carrier_echo,corruption.scan_shear
538,feasibility_only_not_final_art,entity.human,access.user,architecture.sealed,material.ceramic,eyes.fractured,interface.none,implant.neural_cable,mantle.archive_coat,background.evidence_void,signal.intermittent,corruption.intact
539,feasibility_only_not_final_art,entity.synthetic,access.admin,architecture.double_plane,material.biosynth,eyes.thermal,interface.respirator,implant.none,mantle.archive_coat,background.rack_shadow,signal.carrier_echo,corruption.intact
540,feasibility_only_not_final_art,entity.synthetic,access.user,architecture.sealed,material.biosynth,eyes.fractured,interface.none,implant.none,mantle.field_collar,background.anechoic_room,signal.carrier_echo,corruption.intact
541,feasibility_only_not_final_art,entity.synthetic,access.user,architecture.inset,material.biosynth,eyes.fractured,interface.forensic_plate,implant.neural_cable,mantle.cable_shroud,background.evidence_void,signal.locked,corruption.packet_ghosting
542,feasibility_only_not_final_art,entity.human,access.user,architecture.sealed,material.ceramic,eyes.thermal,interface.forensic_plate,implant.none,mantle.cable_shroud,background.evidence_void,signal.unclocked,corruption.intact
543,feasibility_only_not_final_art,entity.specter,access.user,architecture.sealed,material.phase_glass,eyes.void,interface.none,implant.neural_cable,mantle.split_shell,background.cold_storage,signal.locked,corruption.absence
544,feasibility_only_not_final_art,entity.hollow,access.user,architecture.sealed,material.porcelain,eyes.optical_array,interface.none,implant.neural_cable,mantle.ceramic_mantle,background.evidence_void,signal.silent,corruption.intact
545,feasibility_only_not_final_art,entity.human,access.user,architecture.sealed,material.reconstructed,eyes.biometric,interface.null_mask,implant.neural_cable,mantle.archive_coat,background.rack_shadow,signal.intermittent,corruption.intact
546,feasibility_only_not_final_art,entity.hollow,access.user,architecture.inset,material.reconstructed,eyes.optical_array,interface.forensic_plate,implant.spinal_bus,mantle.archive_coat,background.cold_storage,signal.carrier_echo,corruption.scan_shear
547,feasibility_only_not_final_art,entity.synthetic,access.user,architecture.sealed,material.porcelain,eyes.biometric,interface.none,implant.neural_cable,mantle.cable_shroud,background.anechoic_room,signal.intermittent,corruption.scan_shear
548,feasibility_only_not_final_art,entity.hollow,access.admin,architecture.double_plane,material.ceramic,eyes.optical_array,interface.none,implant.neural_cable,mantle.field_collar,background.relay_well,signal.locked,corruption.scan_shear
549,feasibility_only_not_final_art,entity.synthetic,access.user,architecture.sealed,material.biosynth,eyes.thermal,interface.respirator,implant.neural_cable,mantle.field_collar,background.evidence_void,signal.carrier_echo,corruption.intact
550,feasibility_only_not_final_art,entity.synthetic,access.user,architecture.inset,material.ceramic,eyes.biometric,interface.respirator,implant.spinal_bus,mantle.archive_coat,background.uplink_black,signal.locked,corruption.intact
551,feasibility_only_not_final_art,entity.synthetic,access.user,architecture.sealed,material.ceramic,eyes.fractured,interface.forensic_plate,implant.none,mantle.archive_coat,background.service_tunnel,signal.intermittent,corruption.checksum_burn
552,feasibility_only_not_final_art,entity.synthetic,access.user,architecture.sealed,material.biosynth,eyes.thermal,interface.none,implant.none,mantle.archive_coat,background.rack_shadow,signal.locked,corruption.checksum_burn
553,feasibility_only_not_final_art,entity.synthetic,access.system,architecture.suspended_core,material.biosynth,eyes.optical_array,interface.respirator,implant.root_port,mantle.ceramic_mantle,background.relay_well,signal.carrier_echo,corruption.intact
554,feasibility_only_not_final_art,entity.synthetic,access.user,architecture.sealed,material.biosynth,eyes.fractured,interface.forensic_plate,implant.none,mantle.ceramic_mantle,background.evidence_void,signal.carrier_echo,corruption.intact
555,feasibility_only_not_final_art,entity.hollow,access.user,architecture.sealed,material.porcelain,eyes.void,interface.forensic_plate,implant.none,mantle.cable_shroud,background.cold_storage,signal.carrier_echo,corruption.scan_shear
556,feasibility_only_not_final_art,entity.synthetic,access.admin,architecture.inset,material.carbon,eyes.void,interface.none,implant.spinal_bus,mantle.field_collar,background.relay_well,signal.locked,corruption.scan_shear
557,feasibility_only_not_final_art,entity.synthetic,access.user,architecture.sealed,material.biosynth,eyes.thermal,interface.neural_veil,implant.none,mantle.ceramic_mantle,background.rack_shadow,signal.intermittent,corruption.intact
558,feasibility_only_not_final_art,entity.human,access.user,architecture.sealed,material.biosynth,eyes.fractured,interface.none,implant.neural_cable,mantle.ceramic_mantle,background.rack_shadow,signal.intermittent,corruption.checksum_burn
559,feasibility_only_not_final_art,entity.synthetic,access.user,architecture.inset,material.porcelain,eyes.biometric,interface.forensic_plate,implant.none,mantle.ceramic_mantle,background.relay_well,signal.carrier_echo,corruption.intact
560,feasibility_only_not_final_art,entity.synthetic,access.user,architecture.sealed,material.biosynth,eyes.biometric,interface.respirator,implant.none,mantle.cable_shroud,background.rack_shadow,signal.carrier_echo,corruption.packet_ghosting
561,feasibility_only_not_final_art,entity.human,access.user,architecture.sealed,material.carbon,eyes.biometric,interface.none,implant.antenna,mantle.field_collar,background.anechoic_room,signal.locked,corruption.scan_shear
562,feasibility_only_not_final_art,entity.human,access.user,architecture.sealed,material.biosynth,eyes.thermal,interface.none,implant.spinal_bus,mantle.archive_coat,background.uplink_black,signal.intermittent,corruption.intact
563,feasibility_only_not_final_art,entity.synthetic,access.user,architecture.sealed,material.porcelain,eyes.biometric,interface.forensic_plate,implant.none,mantle.field_collar,background.evidence_void,signal.intermittent,corruption.checksum_burn
564,feasibility_only_not_final_art,entity.hollow,access.user,architecture.inset,material.carbon,eyes.optical_array,interface.none,implant.spinal_bus,mantle.field_collar,background.rack_shadow,signal.intermittent,corruption.intact
565,feasibility_only_not_final_art,entity.human,access.user,architecture.inset,material.carbon,eyes.void,interface.forensic_plate,implant.neural_cable,mantle.split_shell,background.evidence_void,signal.locked,corruption.checksum_burn
566,feasibility_only_not_final_art,entity.human,access.user,architecture.sealed,material.porcelain,eyes.thermal,interface.forensic_plate,implant.spinal_bus,mantle.archive_coat,background.rack_shadow,signal.intermittent,corruption.scan_shear
567,feasibility_only_not_final_art,entity.human,access.user,architecture.sealed,material.ceramic,eyes.thermal,interface.none,implant.antenna,mantle.archive_coat,background.service_tunnel,signal.locked,corruption.checksum_burn
568,feasibility_only_not_final_art,entity.human,access.user,architecture.sealed,material.porcelain,eyes.void,interface.null_mask,implant.antenna,mantle.archive_coat,background.cold_storage,signal.locked,corruption.intact
569,feasibility_only_not_final_art,entity.hollow,access.system,architecture.suspended_core,material.ceramic,eyes.optical_array,interface.none,implant.root_port,mantle.field_collar,background.relay_well,signal.locked,corruption.intact
570,feasibility_only_not_final_art,entity.human,access.user,architecture.sealed,material.biosynth,eyes.biometric,interface.none,implant.antenna,mantle.field_collar,background.cold_storage,signal.locked,corruption.intact
571,feasibility_only_not_final_art,entity.human,access.user,architecture.sealed,material.biosynth,eyes.biometric,interface.respirator,implant.none,mantle.ceramic_mantle,background.cold_storage,signal.silent,corruption.checksum_burn
572,feasibility_only_not_final_art,entity.synthetic,access.user,architecture.sealed,material.porcelain,eyes.biometric,interface.neural_veil,implant.spinal_bus,mantle.ceramic_mantle,background.rack_shadow,signal.intermittent,corruption.intact
573,feasibility_only_not_final_art,entity.human,access.user,architecture.sealed,material.biosynth,eyes.thermal,interface.none,implant.neural_cable,mantle.cable_shroud,background.cold_storage,signal.carrier_echo,corruption.packet_ghosting
574,feasibility_only_not_final_art,entity.hollow,access.user,architecture.sealed,material.reconstructed,eyes.optical_array,interface.none,implant.spinal_bus,mantle.field_collar,background.cold_storage,signal.intermittent,corruption.scan_shear
575,feasibility_only_not_final_art,entity.human,access.admin,architecture.inset,material.carbon,eyes.biometric,interface.respirator,implant.spinal_bus,mantle.cable_shroud,background.rack_shadow,signal.carrier_echo,corruption.intact
576,feasibility_only_not_final_art,entity.synthetic,access.system,architecture.suspended_core,material.biosynth,eyes.biometric,interface.null_mask,implant.root_port,mantle.archive_coat,background.relay_well,signal.locked,corruption.intact
577,feasibility_only_not_final_art,entity.human,access.user,architecture.sealed,material.carbon,eyes.fractured,interface.none,implant.spinal_bus,mantle.cable_shroud,background.cold_storage,signal.locked,corruption.intact
578,feasibility_only_not_final_art,entity.synthetic,access.user,architecture.sealed,material.porcelain,eyes.fractured,interface.none,implant.spinal_bus,mantle.ceramic_mantle,background.evidence_void,signal.carrier_echo,corruption.intact
579,feasibility_only_not_final_art,entity.human,access.user,architecture.sealed,material.biosynth,eyes.biometric,interface.none,implant.antenna,mantle.ceramic_mantle,background.service_tunnel,signal.intermittent,corruption.packet_ghosting
580,feasibility_only_not_final_art,entity.human,access.admin,architecture.double_plane,material.biosynth,eyes.thermal,interface.respirator,implant.spinal_bus,mantle.archive_coat,background.service_tunnel,signal.silent,corruption.scan_shear
581,feasibility_only_not_final_art,entity.human,access.user,architecture.sealed,material.biosynth,eyes.biometric,interface.respirator,implant.neural_cable,mantle.cable_shroud,background.cold_storage,signal.carrier_echo,corruption.intact
582,feasibility_only_not_final_art,entity.hollow,access.user,architecture.inset,material.carbon,eyes.void,interface.none,implant.spinal_bus,mantle.cable_shroud,background.rack_shadow,signal.unclocked,corruption.intact
583,feasibility_only_not_final_art,entity.human,access.admin,architecture.inset,material.biosynth,eyes.void,interface.none,implant.neural_cable,mantle.archive_coat,background.evidence_void,signal.locked,corruption.intact
584,feasibility_only_not_final_art,entity.human,access.user,architecture.sealed,material.reconstructed,eyes.fractured,interface.forensic_plate,implant.neural_cable,mantle.ceramic_mantle,background.evidence_void,signal.locked,corruption.intact
585,feasibility_only_not_final_art,entity.human,access.user,architecture.sealed,material.biosynth,eyes.biometric,interface.forensic_plate,implant.none,mantle.archive_coat,background.cold_storage,signal.intermittent,corruption.intact
586,feasibility_only_not_final_art,entity.hollow,access.user,architecture.sealed,material.carbon,eyes.optical_array,interface.none,implant.spinal_bus,mantle.ceramic_mantle,background.service_tunnel,signal.carrier_echo,corruption.intact
587,feasibility_only_not_final_art,entity.hollow,access.user,architecture.sealed,material.porcelain,eyes.void,interface.neural_veil,implant.none,mantle.ceramic_mantle,background.cold_storage,signal.intermittent,corruption.intact
588,feasibility_only_not_final_art,entity.synthetic,access.user,architecture.inset,material.ceramic,eyes.thermal,interface.none,implant.spinal_bus,mantle.archive_coat,background.evidence_void,signal.locked,corruption.intact
589,feasibility_only_not_final_art,entity.synthetic,access.user,architecture.inset,material.biosynth,eyes.biometric,interface.neural_veil,implant.spinal_bus,mantle.archive_coat,background.evidence_void,signal.carrier_echo,corruption.intact
590,feasibility_only_not_final_art,entity.synthetic,access.user,architecture.sealed,material.ceramic,eyes.biometric,interface.respirator,implant.none,mantle.ceramic_mantle,background.evidence_void,signal.locked,corruption.intact
591,feasibility_only_not_final_art,entity.hollow,access.user,architecture.sealed,material.carbon,eyes.void,interface.forensic_plate,implant.neural_cable,mantle.ceramic_mantle,background.rack_shadow,signal.carrier_echo,corruption.intact
592,feasibility_only_not_final_art,entity.hollow,access.user,architecture.sealed,material.porcelain,eyes.void,interface.neural_veil,implant.none,mantle.ceramic_mantle,background.anechoic_room,signal.locked,corruption.scan_shear
593,feasibility_only_not_final_art,entity.human,access.admin,architecture.inset,material.porcelain,eyes.thermal,interface.forensic_plate,implant.antenna,mantle.field_collar,background.evidence_void,signal.silent,corruption.scan_shear
594,feasibility_only_not_final_art,entity.synthetic,access.system,architecture.suspended_core,material.porcelain,eyes.biometric,interface.none,implant.root_port,mantle.field_collar,background.relay_well,signal.locked,corruption.scan_shear
595,feasibility_only_not_final_art,entity.hollow,access.user,architecture.sealed,material.porcelain,eyes.optical_array,interface.neural_veil,implant.neural_cable,mantle.archive_coat,background.evidence_void,signal.intermittent,corruption.intact
596,feasibility_only_not_final_art,entity.specter,access.user,architecture.sealed,material.phase_glass,eyes.void,interface.null_mask,implant.none,mantle.ceramic_mantle,background.cold_storage,signal.carrier_echo,corruption.checksum_burn
597,feasibility_only_not_final_art,entity.human,access.admin,architecture.inset,material.biosynth,eyes.void,interface.forensic_plate,implant.neural_cable,mantle.archive_coat,background.evidence_void,signal.locked,corruption.scan_shear
598,feasibility_only_not_final_art,entity.hollow,access.user,architecture.inset,material.porcelain,eyes.optical_array,interface.null_mask,implant.neural_cable,mantle.ceramic_mantle,background.relay_well,signal.carrier_echo,corruption.intact
599,feasibility_only_not_final_art,entity.synthetic,access.admin,architecture.double_plane,material.biosynth,eyes.biometric,interface.respirator,implant.neural_cable,mantle.cable_shroud,background.cold_storage,signal.carrier_echo,corruption.scan_shear
600,feasibility_only_not_final_art,entity.human,access.user,architecture.inset,material.porcelain,eyes.void,interface.none,implant.none,mantle.archive_coat,background.rack_shadow,signal.locked,corruption.intact
601,feasibility_only_not_final_art,entity.synthetic,access.user,architecture.sealed,material.biosynth,eyes.biometric,interface.respirator,implant.none,mantle.archive_coat,background.cold_storage,signal.locked,corruption.scan_shear
602,feasibility_only_not_final_art,entity.human,access.user,architecture.sealed,material.biosynth,eyes.biometric,interface.none,implant.neural_cable,mantle.archive_coat,background.anechoic_room,signal.intermittent,corruption.intact
603,feasibility_only_not_final_art,entity.synthetic,access.root,architecture.severed_halo,material.carbon,eyes.thermal,interface.forensic_plate,implant.signal_crown,mantle.archive_coat,background.evidence_void,signal.locked,corruption.checksum_burn
604,feasibility_only_not_final_art,entity.human,access.user,architecture.sealed,material.ceramic,eyes.thermal,interface.none,implant.neural_cable,mantle.ceramic_mantle,background.rack_shadow,signal.locked,corruption.scan_shear
605,feasibility_only_not_final_art,entity.synthetic,access.user,architecture.sealed,material.biosynth,eyes.thermal,interface.none,implant.antenna,mantle.archive_coat,background.rack_shadow,signal.carrier_echo,corruption.intact
606,feasibility_only_not_final_art,entity.human,access.user,architecture.sealed,material.carbon,eyes.biometric,interface.none,implant.neural_cable,mantle.cable_shroud,background.evidence_void,signal.locked,corruption.intact
607,feasibility_only_not_final_art,entity.synthetic,access.user,architecture.inset,material.reconstructed,eyes.biometric,interface.forensic_plate,implant.neural_cable,mantle.field_collar,background.evidence_void,signal.locked,corruption.intact
608,feasibility_only_not_final_art,entity.human,access.user,architecture.sealed,material.porcelain,eyes.thermal,interface.forensic_plate,implant.none,mantle.archive_coat,background.anechoic_room,signal.carrier_echo,corruption.scan_shear
609,feasibility_only_not_final_art,entity.human,access.user,architecture.sealed,material.biosynth,eyes.fractured,interface.null_mask,implant.none,mantle.ceramic_mantle,background.service_tunnel,signal.intermittent,corruption.intact
610,feasibility_only_not_final_art,entity.human,access.user,architecture.inset,material.porcelain,eyes.biometric,interface.none,implant.neural_cable,mantle.cable_shroud,background.evidence_void,signal.locked,corruption.scan_shear
611,feasibility_only_not_final_art,entity.synthetic,access.admin,architecture.inset,material.ceramic,eyes.biometric,interface.none,implant.none,mantle.cable_shroud,background.evidence_void,signal.locked,corruption.scan_shear
612,feasibility_only_not_final_art,entity.synthetic,access.user,architecture.sealed,material.porcelain,eyes.thermal,interface.neural_veil,implant.neural_cable,mantle.field_collar,background.rack_shadow,signal.intermittent,corruption.scan_shear
613,feasibility_only_not_final_art,entity.human,access.user,architecture.inset,material.ceramic,eyes.biometric,interface.none,implant.neural_cable,mantle.field_collar,background.relay_well,signal.locked,corruption.intact
614,feasibility_only_not_final_art,entity.human,access.user,architecture.sealed,material.biosynth,eyes.thermal,interface.forensic_plate,implant.none,mantle.cable_shroud,background.cold_storage,signal.intermittent,corruption.intact
615,feasibility_only_not_final_art,entity.human,access.admin,architecture.inset,material.carbon,eyes.thermal,interface.none,implant.none,mantle.archive_coat,background.anechoic_room,signal.locked,corruption.scan_shear
616,feasibility_only_not_final_art,entity.hollow,access.user,architecture.sealed,material.reconstructed,eyes.fractured,interface.none,implant.none,mantle.cable_shroud,background.relay_well,signal.carrier_echo,corruption.checksum_burn
617,feasibility_only_not_final_art,entity.human,access.admin,architecture.inset,material.biosynth,eyes.biometric,interface.forensic_plate,implant.neural_cable,mantle.field_collar,background.cold_storage,signal.locked,corruption.intact
618,feasibility_only_not_final_art,entity.hollow,access.user,architecture.sealed,material.porcelain,eyes.optical_array,interface.forensic_plate,implant.none,mantle.field_collar,background.cold_storage,signal.locked,corruption.intact
619,feasibility_only_not_final_art,entity.synthetic,access.user,architecture.inset,material.biosynth,eyes.thermal,interface.respirator,implant.neural_cable,mantle.field_collar,background.cold_storage,signal.carrier_echo,corruption.packet_ghosting
620,feasibility_only_not_final_art,entity.synthetic,access.user,architecture.sealed,material.carbon,eyes.fractured,interface.neural_veil,implant.neural_cable,mantle.archive_coat,background.rack_shadow,signal.locked,corruption.intact
621,feasibility_only_not_final_art,entity.synthetic,access.user,architecture.sealed,material.ceramic,eyes.void,interface.none,implant.none,mantle.archive_coat,background.evidence_void,signal.carrier_echo,corruption.intact
622,feasibility_only_not_final_art,entity.hollow,access.user,architecture.sealed,material.porcelain,eyes.void,interface.forensic_plate,implant.none,mantle.cable_shroud,background.evidence_void,signal.carrier_echo,corruption.intact
623,feasibility_only_not_final_art,entity.synthetic,access.system,architecture.suspended_core,material.biosynth,eyes.thermal,interface.none,implant.root_port,mantle.cable_shroud,background.evidence_void,signal.carrier_echo,corruption.intact
624,feasibility_only_not_final_art,entity.human,access.user,architecture.sealed,material.biosynth,eyes.thermal,interface.forensic_plate,implant.none,mantle.cable_shroud,background.evidence_void,signal.locked,corruption.scan_shear
625,feasibility_only_not_final_art,entity.hollow,access.user,architecture.sealed,material.ceramic,eyes.void,interface.forensic_plate,implant.antenna,mantle.field_collar,background.cold_storage,signal.intermittent,corruption.intact
626,feasibility_only_not_final_art,entity.synthetic,access.admin,architecture.double_plane,material.biosynth,eyes.biometric,interface.neural_veil,implant.antenna,mantle.archive_coat,background.evidence_void,signal.locked,corruption.intact
627,feasibility_only_not_final_art,entity.human,access.admin,architecture.inset,material.reconstructed,eyes.thermal,interface.none,implant.none,mantle.ceramic_mantle,background.cold_storage,signal.locked,corruption.scan_shear
628,feasibility_only_not_final_art,entity.human,access.user,architecture.sealed,material.ceramic,eyes.biometric,interface.forensic_plate,implant.neural_cable,mantle.cable_shroud,background.evidence_void,signal.intermittent,corruption.intact
629,feasibility_only_not_final_art,entity.human,access.admin,architecture.inset,material.reconstructed,eyes.fractured,interface.none,implant.neural_cable,mantle.cable_shroud,background.relay_well,signal.locked,corruption.intact
630,feasibility_only_not_final_art,entity.human,access.admin,architecture.inset,material.porcelain,eyes.biometric,interface.none,implant.none,mantle.archive_coat,background.rack_shadow,signal.locked,corruption.intact
631,feasibility_only_not_final_art,entity.human,access.user,architecture.inset,material.ceramic,eyes.biometric,interface.none,implant.neural_cable,mantle.ceramic_mantle,background.cold_storage,signal.carrier_echo,corruption.scan_shear
632,feasibility_only_not_final_art,entity.human,access.admin,architecture.double_plane,material.carbon,eyes.void,interface.none,implant.memory_spindle,mantle.ceramic_mantle,background.service_tunnel,signal.locked,corruption.packet_ghosting
633,feasibility_only_not_final_art,entity.human,access.admin,architecture.double_plane,material.carbon,eyes.biometric,interface.none,implant.antenna,mantle.cable_shroud,background.evidence_void,signal.locked,corruption.packet_ghosting
634,feasibility_only_not_final_art,entity.human,access.user,architecture.sealed,material.porcelain,eyes.biometric,interface.respirator,implant.neural_cable,mantle.archive_coat,background.rack_shadow,signal.intermittent,corruption.intact
635,feasibility_only_not_final_art,entity.synthetic,access.admin,architecture.inset,material.porcelain,eyes.fractured,interface.none,implant.memory_spindle,mantle.cable_shroud,background.cold_storage,signal.intermittent,corruption.checksum_burn
636,feasibility_only_not_final_art,entity.synthetic,access.user,architecture.sealed,material.biosynth,eyes.fractured,interface.forensic_plate,implant.neural_cable,mantle.archive_coat,background.evidence_void,signal.carrier_echo,corruption.intact
637,feasibility_only_not_final_art,entity.human,access.user,architecture.sealed,material.porcelain,eyes.fractured,interface.null_mask,implant.neural_cable,mantle.split_shell,background.evidence_void,signal.intermittent,corruption.packet_ghosting
638,feasibility_only_not_final_art,entity.specter,access.user,architecture.sealed,material.phase_glass,eyes.void,interface.none,implant.none,mantle.cable_shroud,background.evidence_void,signal.locked,corruption.intact
639,feasibility_only_not_final_art,entity.human,access.user,architecture.inset,material.carbon,eyes.void,interface.null_mask,implant.neural_cable,mantle.field_collar,background.evidence_void,signal.silent,corruption.checksum_burn
640,feasibility_only_not_final_art,entity.human,access.user,architecture.sealed,material.reconstructed,eyes.fractured,interface.respirator,implant.neural_cable,mantle.ceramic_mantle,background.evidence_void,signal.locked,corruption.intact
641,feasibility_only_not_final_art,entity.hollow,access.user,architecture.sealed,material.porcelain,eyes.void,interface.null_mask,implant.none,mantle.ceramic_mantle,background.rack_shadow,signal.intermittent,corruption.intact
642,feasibility_only_not_final_art,entity.human,access.user,architecture.inset,material.biosynth,eyes.thermal,interface.respirator,implant.antenna,mantle.field_collar,background.evidence_void,signal.locked,corruption.packet_ghosting
643,feasibility_only_not_final_art,entity.hollow,access.user,architecture.sealed,material.carbon,eyes.optical_array,interface.neural_veil,implant.none,mantle.ceramic_mantle,background.service_tunnel,signal.carrier_echo,corruption.scan_shear
644,feasibility_only_not_final_art,entity.human,access.user,architecture.inset,material.porcelain,eyes.fractured,interface.none,implant.none,mantle.field_collar,background.cold_storage,signal.intermittent,corruption.checksum_burn
645,feasibility_only_not_final_art,entity.human,access.admin,architecture.double_plane,material.biosynth,eyes.fractured,interface.respirator,implant.neural_cable,mantle.archive_coat,background.rack_shadow,signal.carrier_echo,corruption.packet_ghosting
646,feasibility_only_not_final_art,entity.synthetic,access.user,architecture.inset,material.porcelain,eyes.optical_array,interface.forensic_plate,implant.spinal_bus,mantle.cable_shroud,background.evidence_void,signal.locked,corruption.scan_shear
647,feasibility_only_not_final_art,entity.human,access.user,architecture.inset,material.porcelain,eyes.void,interface.forensic_plate,implant.none,mantle.field_collar,background.rack_shadow,signal.locked,corruption.intact
648,feasibility_only_not_final_art,entity.human,access.admin,architecture.double_plane,material.biosynth,eyes.biometric,interface.respirator,implant.neural_cable,mantle.archive_coat,background.rack_shadow,signal.unclocked,corruption.intact
649,feasibility_only_not_final_art,entity.synthetic,access.system,architecture.suspended_core,material.porcelain,eyes.biometric,interface.none,implant.root_port,mantle.archive_coat,background.cold_storage,signal.silent,corruption.intact
650,feasibility_only_not_final_art,entity.hollow,access.admin,architecture.double_plane,material.carbon,eyes.void,interface.forensic_plate,implant.none,mantle.ceramic_mantle,background.rack_shadow,signal.locked,corruption.checksum_burn
651,feasibility_only_not_final_art,entity.human,access.user,architecture.sealed,material.ceramic,eyes.biometric,interface.none,implant.none,mantle.ceramic_mantle,background.cold_storage,signal.locked,corruption.intact
652,feasibility_only_not_final_art,entity.human,access.admin,architecture.inset,material.porcelain,eyes.void,interface.forensic_plate,implant.none,mantle.archive_coat,background.cold_storage,signal.locked,corruption.intact
653,feasibility_only_not_final_art,entity.human,access.admin,architecture.double_plane,material.biosynth,eyes.biometric,interface.none,implant.memory_spindle,mantle.archive_coat,background.evidence_void,signal.silent,corruption.checksum_burn
654,feasibility_only_not_final_art,entity.human,access.admin,architecture.inset,material.biosynth,eyes.void,interface.forensic_plate,implant.none,mantle.ceramic_mantle,background.rack_shadow,signal.intermittent,corruption.packet_ghosting
655,feasibility_only_not_final_art,entity.human,access.user,architecture.inset,material.biosynth,eyes.biometric,interface.none,implant.antenna,mantle.archive_coat,background.rack_shadow,signal.intermittent,corruption.intact
656,feasibility_only_not_final_art,entity.human,access.user,architecture.sealed,material.biosynth,eyes.biometric,interface.respirator,implant.none,mantle.archive_coat,background.relay_well,signal.locked,corruption.intact
657,feasibility_only_not_final_art,entity.human,access.admin,architecture.double_plane,material.biosynth,eyes.void,interface.none,implant.neural_cable,mantle.cable_shroud,background.service_tunnel,signal.carrier_echo,corruption.intact
658,feasibility_only_not_final_art,entity.synthetic,access.user,architecture.sealed,material.carbon,eyes.biometric,interface.forensic_plate,implant.neural_cable,mantle.archive_coat,background.evidence_void,signal.intermittent,corruption.intact
659,feasibility_only_not_final_art,entity.synthetic,access.admin,architecture.double_plane,material.carbon,eyes.optical_array,interface.forensic_plate,implant.none,mantle.cable_shroud,background.relay_well,signal.carrier_echo,corruption.scan_shear
660,feasibility_only_not_final_art,entity.synthetic,access.user,architecture.sealed,material.biosynth,eyes.fractured,interface.forensic_plate,implant.none,mantle.archive_coat,background.evidence_void,signal.intermittent,corruption.intact
661,feasibility_only_not_final_art,entity.human,access.system,architecture.suspended_core,material.porcelain,eyes.biometric,interface.forensic_plate,implant.root_port,mantle.archive_coat,background.evidence_void,signal.locked,corruption.scan_shear
662,feasibility_only_not_final_art,entity.specter,access.admin,architecture.inset,material.reconstructed,eyes.void,interface.forensic_plate,implant.antenna,mantle.archive_coat,background.rack_shadow,signal.locked,corruption.checksum_burn
663,feasibility_only_not_final_art,entity.human,access.user,architecture.inset,material.porcelain,eyes.biometric,interface.respirator,implant.none,mantle.ceramic_mantle,background.evidence_void,signal.locked,corruption.scan_shear
664,feasibility_only_not_final_art,entity.hollow,access.user,architecture.sealed,material.porcelain,eyes.fractured,interface.none,implant.none,mantle.archive_coat,background.service_tunnel,signal.locked,corruption.intact
665,feasibility_only_not_final_art,entity.synthetic,access.system,architecture.suspended_core,material.carbon,eyes.biometric,interface.none,implant.root_port,mantle.ceramic_mantle,background.evidence_void,signal.locked,corruption.intact
666,feasibility_only_not_final_art,entity.synthetic,access.user,architecture.inset,material.carbon,eyes.thermal,interface.none,implant.neural_cable,mantle.field_collar,background.rack_shadow,signal.locked,corruption.intact
667,feasibility_only_not_final_art,entity.synthetic,access.user,architecture.sealed,material.biosynth,eyes.fractured,interface.forensic_plate,implant.neural_cable,mantle.split_shell,background.rack_shadow,signal.intermittent,corruption.checksum_burn
668,feasibility_only_not_final_art,entity.human,access.user,architecture.sealed,material.porcelain,eyes.biometric,interface.forensic_plate,implant.none,mantle.cable_shroud,background.evidence_void,signal.unclocked,corruption.scan_shear
669,feasibility_only_not_final_art,entity.hollow,access.user,architecture.sealed,material.reconstructed,eyes.void,interface.forensic_plate,implant.spinal_bus,mantle.archive_coat,background.service_tunnel,signal.locked,corruption.intact
670,feasibility_only_not_final_art,entity.hollow,access.user,architecture.sealed,material.ceramic,eyes.optical_array,interface.none,implant.spinal_bus,mantle.field_collar,background.rack_shadow,signal.carrier_echo,corruption.scan_shear
671,feasibility_only_not_final_art,entity.synthetic,access.system,architecture.suspended_core,material.biosynth,eyes.fractured,interface.neural_veil,implant.root_port,mantle.ceramic_mantle,background.cold_storage,signal.locked,corruption.intact
672,feasibility_only_not_final_art,entity.human,access.user,architecture.inset,material.carbon,eyes.thermal,interface.forensic_plate,implant.none,mantle.archive_coat,background.anechoic_room,signal.intermittent,corruption.intact
673,feasibility_only_not_final_art,entity.synthetic,access.user,architecture.sealed,material.porcelain,eyes.fractured,interface.neural_veil,implant.none,mantle.archive_coat,background.relay_well,signal.silent,corruption.intact
674,feasibility_only_not_final_art,entity.human,access.admin,architecture.double_plane,material.porcelain,eyes.thermal,interface.none,implant.antenna,mantle.archive_coat,background.rack_shadow,signal.locked,corruption.intact
675,feasibility_only_not_final_art,entity.human,access.user,architecture.sealed,material.biosynth,eyes.biometric,interface.forensic_plate,implant.neural_cable,mantle.field_collar,background.evidence_void,signal.carrier_echo,corruption.intact
676,feasibility_only_not_final_art,entity.hollow,access.user,architecture.sealed,material.porcelain,eyes.void,interface.none,implant.none,mantle.archive_coat,background.service_tunnel,signal.locked,corruption.scan_shear
677,feasibility_only_not_final_art,entity.hollow,access.user,architecture.sealed,material.porcelain,eyes.fractured,interface.none,implant.neural_cable,mantle.cable_shroud,background.evidence_void,signal.intermittent,corruption.intact
678,feasibility_only_not_final_art,entity.synthetic,access.admin,architecture.double_plane,material.biosynth,eyes.fractured,interface.none,implant.antenna,mantle.ceramic_mantle,background.service_tunnel,signal.locked,corruption.intact
679,feasibility_only_not_final_art,entity.human,access.admin,architecture.inset,material.biosynth,eyes.thermal,interface.forensic_plate,implant.antenna,mantle.cable_shroud,background.relay_well,signal.locked,corruption.intact
680,feasibility_only_not_final_art,entity.human,access.admin,architecture.double_plane,material.biosynth,eyes.thermal,interface.respirator,implant.spinal_bus,mantle.field_collar,background.relay_well,signal.locked,corruption.scan_shear
681,feasibility_only_not_final_art,entity.synthetic,access.user,architecture.inset,material.ceramic,eyes.thermal,interface.none,implant.neural_cable,mantle.archive_coat,background.cold_storage,signal.locked,corruption.intact
682,feasibility_only_not_final_art,entity.human,access.user,architecture.sealed,material.biosynth,eyes.thermal,interface.forensic_plate,implant.none,mantle.archive_coat,background.anechoic_room,signal.locked,corruption.scan_shear
683,feasibility_only_not_final_art,entity.synthetic,access.admin,architecture.double_plane,material.carbon,eyes.void,interface.forensic_plate,implant.none,mantle.field_collar,background.cold_storage,signal.intermittent,corruption.intact
684,feasibility_only_not_final_art,entity.hollow,access.user,architecture.inset,material.carbon,eyes.optical_array,interface.neural_veil,implant.spinal_bus,mantle.archive_coat,background.cold_storage,signal.intermittent,corruption.intact
685,feasibility_only_not_final_art,entity.specter,access.user,architecture.sealed,material.phase_glass,eyes.fractured,interface.none,implant.spinal_bus,mantle.archive_coat,background.evidence_void,signal.locked,corruption.intact
686,feasibility_only_not_final_art,entity.human,access.user,architecture.inset,material.biosynth,eyes.thermal,interface.null_mask,implant.neural_cable,mantle.ceramic_mantle,background.rack_shadow,signal.locked,corruption.intact
687,feasibility_only_not_final_art,entity.human,access.admin,architecture.inset,material.biosynth,eyes.thermal,interface.none,implant.spinal_bus,mantle.ceramic_mantle,background.evidence_void,signal.locked,corruption.scan_shear
688,feasibility_only_not_final_art,entity.synthetic,access.user,architecture.sealed,material.porcelain,eyes.thermal,interface.none,implant.antenna,mantle.cable_shroud,background.evidence_void,signal.locked,corruption.packet_ghosting
689,feasibility_only_not_final_art,entity.hollow,access.user,architecture.sealed,material.reconstructed,eyes.void,interface.neural_veil,implant.none,mantle.ceramic_mantle,background.rack_shadow,signal.carrier_echo,corruption.scan_shear
690,feasibility_only_not_final_art,entity.hollow,access.user,architecture.sealed,material.porcelain,eyes.void,interface.forensic_plate,implant.none,mantle.ceramic_mantle,background.anechoic_room,signal.locked,corruption.memory_bleed
691,feasibility_only_not_final_art,entity.specter,access.admin,architecture.double_plane,material.reconstructed,eyes.void,interface.neural_veil,implant.spinal_bus,mantle.unsupported_frame,background.relay_well,signal.locked,corruption.intact
692,feasibility_only_not_final_art,entity.hollow,access.admin,architecture.inset,material.reconstructed,eyes.void,interface.neural_veil,implant.memory_spindle,mantle.ceramic_mantle,background.rack_shadow,signal.intermittent,corruption.intact
693,feasibility_only_not_final_art,entity.human,access.admin,architecture.double_plane,material.biosynth,eyes.void,interface.none,implant.spinal_bus,mantle.split_shell,background.evidence_void,signal.intermittent,corruption.scan_shear
694,feasibility_only_not_final_art,entity.hollow,access.user,architecture.sealed,material.ceramic,eyes.void,interface.neural_veil,implant.spinal_bus,mantle.field_collar,background.rack_shadow,signal.silent,corruption.intact
695,feasibility_only_not_final_art,entity.synthetic,access.user,architecture.sealed,material.porcelain,eyes.biometric,interface.respirator,implant.none,mantle.ceramic_mantle,background.service_tunnel,signal.carrier_echo,corruption.intact
696,feasibility_only_not_final_art,entity.synthetic,access.user,architecture.sealed,material.carbon,eyes.biometric,interface.neural_veil,implant.neural_cable,mantle.field_collar,background.cold_storage,signal.intermittent,corruption.scan_shear
697,feasibility_only_not_final_art,entity.synthetic,access.user,architecture.sealed,material.biosynth,eyes.thermal,interface.respirator,implant.neural_cable,mantle.cable_shroud,background.cold_storage,signal.silent,corruption.checksum_burn
698,feasibility_only_not_final_art,entity.human,access.user,architecture.sealed,material.biosynth,eyes.thermal,interface.null_mask,implant.none,mantle.field_collar,background.service_tunnel,signal.locked,corruption.intact
699,feasibility_only_not_final_art,entity.synthetic,access.user,architecture.sealed,material.ceramic,eyes.thermal,interface.forensic_plate,implant.neural_cable,mantle.archive_coat,background.cold_storage,signal.locked,corruption.intact
700,feasibility_only_not_final_art,entity.synthetic,access.user,architecture.sealed,material.porcelain,eyes.biometric,interface.none,implant.spinal_bus,mantle.ceramic_mantle,background.rack_shadow,signal.locked,corruption.intact
701,feasibility_only_not_final_art,entity.synthetic,access.user,architecture.sealed,material.biosynth,eyes.optical_array,interface.neural_veil,implant.spinal_bus,mantle.field_collar,background.uplink_black,signal.intermittent,corruption.intact
702,feasibility_only_not_final_art,entity.hollow,access.user,architecture.sealed,material.reconstructed,eyes.void,interface.none,implant.spinal_bus,mantle.archive_coat,background.evidence_void,signal.locked,corruption.intact
703,feasibility_only_not_final_art,entity.human,access.root,architecture.severed_halo,material.carbon,eyes.thermal,interface.null_mask,implant.signal_crown,mantle.archive_coat,background.evidence_void,signal.locked,corruption.scan_shear
704,feasibility_only_not_final_art,entity.hollow,access.system,architecture.suspended_core,material.porcelain,eyes.fractured,interface.neural_veil,implant.root_port,mantle.archive_coat,background.relay_well,signal.silent,corruption.packet_ghosting
705,feasibility_only_not_final_art,entity.synthetic,access.user,architecture.sealed,material.carbon,eyes.void,interface.none,implant.none,mantle.cable_shroud,background.rack_shadow,signal.locked,corruption.scan_shear
706,feasibility_only_not_final_art,entity.human,access.user,architecture.sealed,material.biosynth,eyes.fractured,interface.forensic_plate,implant.none,mantle.cable_shroud,background.cold_storage,signal.carrier_echo,corruption.checksum_burn
707,feasibility_only_not_final_art,entity.hollow,access.user,architecture.sealed,material.ceramic,eyes.fractured,interface.none,implant.neural_cable,mantle.ceramic_mantle,background.evidence_void,signal.locked,corruption.checksum_burn
708,feasibility_only_not_final_art,entity.hollow,access.system,architecture.suspended_core,material.porcelain,eyes.void,interface.none,implant.root_port,mantle.ceramic_mantle,background.service_tunnel,signal.intermittent,corruption.intact
709,feasibility_only_not_final_art,entity.specter,access.user,architecture.sealed,material.phase_glass,eyes.void,interface.null_mask,implant.neural_cable,mantle.archive_coat,background.cold_storage,signal.locked,corruption.intact
710,feasibility_only_not_final_art,entity.human,access.admin,architecture.inset,material.carbon,eyes.biometric,interface.none,implant.spinal_bus,mantle.archive_coat,background.evidence_void,signal.intermittent,corruption.intact
711,feasibility_only_not_final_art,entity.human,access.user,architecture.inset,material.porcelain,eyes.thermal,interface.respirator,implant.none,mantle.archive_coat,background.relay_well,signal.locked,corruption.scan_shear
712,feasibility_only_not_final_art,entity.synthetic,access.system,architecture.suspended_core,material.reconstructed,eyes.fractured,interface.neural_veil,implant.root_port,mantle.ceramic_mantle,background.rack_shadow,signal.carrier_echo,corruption.intact
713,feasibility_only_not_final_art,entity.human,access.user,architecture.sealed,material.porcelain,eyes.thermal,interface.none,implant.none,mantle.archive_coat,background.anechoic_room,signal.intermittent,corruption.scan_shear
714,feasibility_only_not_final_art,entity.human,access.user,architecture.inset,material.biosynth,eyes.biometric,interface.none,implant.none,mantle.field_collar,background.cold_storage,signal.locked,corruption.scan_shear
715,feasibility_only_not_final_art,entity.human,access.user,architecture.sealed,material.reconstructed,eyes.biometric,interface.forensic_plate,implant.neural_cable,mantle.archive_coat,background.relay_well,signal.locked,corruption.intact
716,feasibility_only_not_final_art,entity.synthetic,access.admin,architecture.double_plane,material.biosynth,eyes.void,interface.neural_veil,implant.none,mantle.archive_coat,background.evidence_void,signal.locked,corruption.scan_shear
717,feasibility_only_not_final_art,entity.human,access.user,architecture.inset,material.porcelain,eyes.biometric,interface.respirator,implant.neural_cable,mantle.archive_coat,background.cold_storage,signal.carrier_echo,corruption.memory_bleed
718,feasibility_only_not_final_art,entity.human,access.system,architecture.suspended_core,material.ceramic,eyes.biometric,interface.forensic_plate,implant.root_port,mantle.archive_coat,background.rack_shadow,signal.intermittent,corruption.scan_shear
719,feasibility_only_not_final_art,entity.human,access.admin,architecture.double_plane,material.biosynth,eyes.biometric,interface.forensic_plate,implant.none,mantle.ceramic_mantle,background.relay_well,signal.locked,corruption.scan_shear
720,feasibility_only_not_final_art,entity.synthetic,access.system,architecture.suspended_core,material.carbon,eyes.biometric,interface.none,implant.root_port,mantle.archive_coat,background.rack_shadow,signal.locked,corruption.scan_shear
721,feasibility_only_not_final_art,entity.human,access.user,architecture.sealed,material.porcelain,eyes.biometric,interface.respirator,implant.none,mantle.archive_coat,background.service_tunnel,signal.carrier_echo,corruption.intact
722,feasibility_only_not_final_art,entity.synthetic,access.admin,architecture.double_plane,material.biosynth,eyes.biometric,interface.neural_veil,implant.none,mantle.archive_coat,background.service_tunnel,signal.intermittent,corruption.intact
723,feasibility_only_not_final_art,entity.synthetic,access.user,architecture.inset,material.porcelain,eyes.thermal,interface.neural_veil,implant.spinal_bus,mantle.cable_shroud,background.rack_shadow,signal.silent,corruption.intact
724,feasibility_only_not_final_art,entity.synthetic,access.system,architecture.suspended_core,material.biosynth,eyes.biometric,interface.neural_veil,implant.root_port,mantle.archive_coat,background.cold_storage,signal.locked,corruption.intact
725,feasibility_only_not_final_art,entity.hollow,access.user,architecture.sealed,material.ceramic,eyes.optical_array,interface.none,implant.none,mantle.archive_coat,background.cold_storage,signal.locked,corruption.scan_shear
726,feasibility_only_not_final_art,entity.synthetic,access.user,architecture.sealed,material.porcelain,eyes.void,interface.neural_veil,implant.spinal_bus,mantle.ceramic_mantle,background.relay_well,signal.locked,corruption.scan_shear
727,feasibility_only_not_final_art,entity.hollow,access.user,architecture.sealed,material.porcelain,eyes.fractured,interface.forensic_plate,implant.antenna,mantle.archive_coat,background.evidence_void,signal.locked,corruption.intact
728,feasibility_only_not_final_art,entity.human,access.user,architecture.sealed,material.biosynth,eyes.fractured,interface.none,implant.antenna,mantle.archive_coat,background.evidence_void,signal.intermittent,corruption.intact
729,feasibility_only_not_final_art,entity.human,access.user,architecture.inset,material.reconstructed,eyes.thermal,interface.none,implant.none,mantle.ceramic_mantle,background.cold_storage,signal.locked,corruption.scan_shear
730,feasibility_only_not_final_art,entity.synthetic,access.admin,architecture.inset,material.biosynth,eyes.biometric,interface.none,implant.spinal_bus,mantle.ceramic_mantle,background.rack_shadow,signal.carrier_echo,corruption.packet_ghosting
731,feasibility_only_not_final_art,entity.human,access.admin,architecture.double_plane,material.porcelain,eyes.thermal,interface.forensic_plate,implant.neural_cable,mantle.cable_shroud,background.relay_well,signal.intermittent,corruption.scan_shear
732,feasibility_only_not_final_art,entity.human,access.user,architecture.sealed,material.reconstructed,eyes.void,interface.forensic_plate,implant.antenna,mantle.archive_coat,background.cold_storage,signal.locked,corruption.packet_ghosting
733,feasibility_only_not_final_art,entity.synthetic,access.user,architecture.sealed,material.reconstructed,eyes.biometric,interface.none,implant.spinal_bus,mantle.ceramic_mantle,background.rack_shadow,signal.intermittent,corruption.intact
734,feasibility_only_not_final_art,entity.synthetic,access.system,architecture.suspended_core,material.biosynth,eyes.void,interface.none,implant.root_port,mantle.ceramic_mantle,background.evidence_void,signal.locked,corruption.intact
735,feasibility_only_not_final_art,entity.hollow,access.user,architecture.sealed,material.porcelain,eyes.void,interface.neural_veil,implant.none,mantle.field_collar,background.service_tunnel,signal.carrier_echo,corruption.intact
736,feasibility_only_not_final_art,entity.human,access.user,architecture.sealed,material.biosynth,eyes.void,interface.none,implant.antenna,mantle.ceramic_mantle,background.evidence_void,signal.locked,corruption.intact
737,feasibility_only_not_final_art,entity.synthetic,access.user,architecture.inset,material.biosynth,eyes.biometric,interface.none,implant.spinal_bus,mantle.cable_shroud,background.relay_well,signal.intermittent,corruption.intact
738,feasibility_only_not_final_art,entity.human,access.user,architecture.sealed,material.biosynth,eyes.fractured,interface.none,implant.none,mantle.ceramic_mantle,background.relay_well,signal.locked,corruption.intact
739,feasibility_only_not_final_art,entity.specter,access.user,architecture.sealed,material.reconstructed,eyes.fractured,interface.none,implant.antenna,mantle.archive_coat,background.cold_storage,signal.intermittent,corruption.intact
740,feasibility_only_not_final_art,entity.synthetic,access.user,architecture.inset,material.porcelain,eyes.void,interface.forensic_plate,implant.spinal_bus,mantle.ceramic_mantle,background.service_tunnel,signal.locked,corruption.intact
741,feasibility_only_not_final_art,entity.human,access.user,architecture.sealed,material.biosynth,eyes.thermal,interface.none,implant.neural_cable,mantle.ceramic_mantle,background.relay_well,signal.locked,corruption.intact
742,feasibility_only_not_final_art,entity.hollow,access.admin,architecture.inset,material.carbon,eyes.optical_array,interface.forensic_plate,implant.spinal_bus,mantle.archive_coat,background.rack_shadow,signal.intermittent,corruption.absence
743,feasibility_only_not_final_art,entity.synthetic,access.user,architecture.sealed,material.carbon,eyes.fractured,interface.neural_veil,implant.none,mantle.archive_coat,background.evidence_void,signal.locked,corruption.intact
744,feasibility_only_not_final_art,entity.synthetic,access.user,architecture.sealed,material.biosynth,eyes.biometric,interface.none,implant.spinal_bus,mantle.ceramic_mantle,background.service_tunnel,signal.carrier_echo,corruption.scan_shear
745,feasibility_only_not_final_art,entity.human,access.user,architecture.sealed,material.biosynth,eyes.fractured,interface.forensic_plate,implant.none,mantle.field_collar,background.evidence_void,signal.locked,corruption.intact
746,feasibility_only_not_final_art,entity.hollow,access.user,architecture.sealed,material.porcelain,eyes.void,interface.null_mask,implant.neural_cable,mantle.cable_shroud,background.service_tunnel,signal.locked,corruption.intact
747,feasibility_only_not_final_art,entity.hollow,access.user,architecture.sealed,material.carbon,eyes.fractured,interface.null_mask,implant.none,mantle.cable_shroud,background.rack_shadow,signal.locked,corruption.intact
748,feasibility_only_not_final_art,entity.synthetic,access.admin,architecture.double_plane,material.carbon,eyes.biometric,interface.none,implant.spinal_bus,mantle.cable_shroud,background.cold_storage,signal.carrier_echo,corruption.intact
749,feasibility_only_not_final_art,entity.synthetic,access.user,architecture.inset,material.ceramic,eyes.thermal,interface.forensic_plate,implant.none,mantle.field_collar,background.rack_shadow,signal.carrier_echo,corruption.intact
750,feasibility_only_not_final_art,entity.human,access.admin,architecture.inset,material.carbon,eyes.biometric,interface.respirator,implant.none,mantle.archive_coat,background.evidence_void,signal.carrier_echo,corruption.intact
751,feasibility_only_not_final_art,entity.synthetic,access.user,architecture.sealed,material.reconstructed,eyes.biometric,interface.neural_veil,implant.none,mantle.cable_shroud,background.cold_storage,signal.carrier_echo,corruption.intact
752,feasibility_only_not_final_art,entity.human,access.user,architecture.inset,material.biosynth,eyes.fractured,interface.respirator,implant.spinal_bus,mantle.archive_coat,background.relay_well,signal.intermittent,corruption.intact
753,feasibility_only_not_final_art,entity.human,access.user,architecture.inset,material.ceramic,eyes.thermal,interface.none,implant.antenna,mantle.cable_shroud,background.service_tunnel,signal.locked,corruption.intact
754,feasibility_only_not_final_art,entity.synthetic,access.user,architecture.sealed,material.ceramic,eyes.void,interface.forensic_plate,implant.spinal_bus,mantle.field_collar,background.service_tunnel,signal.locked,corruption.intact
755,feasibility_only_not_final_art,entity.human,access.user,architecture.inset,material.biosynth,eyes.void,interface.none,implant.spinal_bus,mantle.archive_coat,background.rack_shadow,signal.intermittent,corruption.intact
756,feasibility_only_not_final_art,entity.human,access.user,architecture.sealed,material.biosynth,eyes.thermal,interface.forensic_plate,implant.none,mantle.ceramic_mantle,background.service_tunnel,signal.locked,corruption.scan_shear
757,feasibility_only_not_final_art,entity.synthetic,access.user,architecture.sealed,material.porcelain,eyes.biometric,interface.respirator,implant.none,mantle.ceramic_mantle,background.rack_shadow,signal.intermittent,corruption.packet_ghosting
758,feasibility_only_not_final_art,entity.human,access.admin,architecture.inset,material.carbon,eyes.fractured,interface.null_mask,implant.none,mantle.field_collar,background.evidence_void,signal.locked,corruption.intact
759,feasibility_only_not_final_art,entity.human,access.admin,architecture.double_plane,material.porcelain,eyes.biometric,interface.forensic_plate,implant.antenna,mantle.archive_coat,background.cold_storage,signal.intermittent,corruption.scan_shear
760,feasibility_only_not_final_art,entity.specter,access.user,architecture.sealed,material.reconstructed,eyes.void,interface.none,implant.neural_cable,mantle.unsupported_frame,background.cold_storage,signal.locked,corruption.scan_shear
761,feasibility_only_not_final_art,entity.synthetic,access.user,architecture.sealed,material.ceramic,eyes.biometric,interface.respirator,implant.spinal_bus,mantle.ceramic_mantle,background.evidence_void,signal.intermittent,corruption.scan_shear
762,feasibility_only_not_final_art,entity.synthetic,access.user,architecture.inset,material.biosynth,eyes.thermal,interface.none,implant.spinal_bus,mantle.ceramic_mantle,background.evidence_void,signal.intermittent,corruption.intact
763,feasibility_only_not_final_art,entity.synthetic,access.user,architecture.sealed,material.carbon,eyes.biometric,interface.none,implant.neural_cable,mantle.ceramic_mantle,background.anechoic_room,signal.locked,corruption.memory_bleed
764,feasibility_only_not_final_art,entity.hollow,access.user,architecture.inset,material.porcelain,eyes.fractured,interface.neural_veil,implant.neural_cable,mantle.archive_coat,background.relay_well,signal.locked,corruption.intact
765,feasibility_only_not_final_art,entity.synthetic,access.user,architecture.inset,material.biosynth,eyes.biometric,interface.none,implant.antenna,mantle.archive_coat,background.rack_shadow,signal.locked,corruption.scan_shear
766,feasibility_only_not_final_art,entity.synthetic,access.user,architecture.inset,material.carbon,eyes.biometric,interface.respirator,implant.neural_cable,mantle.field_collar,background.cold_storage,signal.silent,corruption.packet_ghosting
767,feasibility_only_not_final_art,entity.hollow,access.user,architecture.sealed,material.porcelain,eyes.optical_array,interface.forensic_plate,implant.neural_cable,mantle.ceramic_mantle,background.service_tunnel,signal.locked,corruption.packet_ghosting
768,feasibility_only_not_final_art,entity.human,access.user,architecture.sealed,material.biosynth,eyes.biometric,interface.none,implant.none,mantle.split_shell,background.evidence_void,signal.carrier_echo,corruption.intact
769,feasibility_only_not_final_art,entity.human,access.user,architecture.sealed,material.reconstructed,eyes.void,interface.respirator,implant.spinal_bus,mantle.archive_coat,background.service_tunnel,signal.locked,corruption.scan_shear
770,feasibility_only_not_final_art,entity.synthetic,access.admin,architecture.inset,material.porcelain,eyes.biometric,interface.neural_veil,implant.spinal_bus,mantle.ceramic_mantle,background.evidence_void,signal.locked,corruption.intact
771,feasibility_only_not_final_art,entity.human,access.user,architecture.sealed,material.reconstructed,eyes.void,interface.respirator,implant.antenna,mantle.archive_coat,background.relay_well,signal.intermittent,corruption.intact
772,feasibility_only_not_final_art,entity.synthetic,access.user,architecture.sealed,material.porcelain,eyes.thermal,interface.respirator,implant.spinal_bus,mantle.ceramic_mantle,background.rack_shadow,signal.locked,corruption.intact
773,feasibility_only_not_final_art,entity.human,access.admin,architecture.double_plane,material.ceramic,eyes.thermal,interface.forensic_plate,implant.memory_spindle,mantle.archive_coat,background.service_tunnel,signal.locked,corruption.checksum_burn
774,feasibility_only_not_final_art,entity.synthetic,access.user,architecture.sealed,material.biosynth,eyes.thermal,interface.respirator,implant.spinal_bus,mantle.archive_coat,background.rack_shadow,signal.intermittent,corruption.intact
775,feasibility_only_not_final_art,entity.human,access.user,architecture.inset,material.porcelain,eyes.thermal,interface.respirator,implant.antenna,mantle.archive_coat,background.anechoic_room,signal.locked,corruption.intact
776,feasibility_only_not_final_art,entity.specter,access.user,architecture.sealed,material.reconstructed,eyes.void,interface.neural_veil,implant.neural_cable,mantle.archive_coat,background.relay_well,signal.locked,corruption.scan_shear
777,feasibility_only_not_final_art,entity.synthetic,access.admin,architecture.inset,material.porcelain,eyes.fractured,interface.neural_veil,implant.none,mantle.ceramic_mantle,background.evidence_void,signal.locked,corruption.intact
778,feasibility_only_not_final_art,entity.human,access.user,architecture.inset,material.biosynth,eyes.thermal,interface.respirator,implant.antenna,mantle.ceramic_mantle,background.evidence_void,signal.intermittent,corruption.packet_ghosting
779,feasibility_only_not_final_art,entity.human,access.user,architecture.sealed,material.reconstructed,eyes.fractured,interface.none,implant.neural_cable,mantle.archive_coat,background.relay_well,signal.intermittent,corruption.intact
780,feasibility_only_not_final_art,entity.hollow,access.user,architecture.sealed,material.ceramic,eyes.void,interface.null_mask,implant.neural_cable,mantle.cable_shroud,background.anechoic_room,signal.locked,corruption.absence
781,feasibility_only_not_final_art,entity.human,access.user,architecture.sealed,material.biosynth,eyes.thermal,interface.none,implant.none,mantle.field_collar,background.service_tunnel,signal.silent,corruption.intact
782,feasibility_only_not_final_art,entity.hollow,access.user,architecture.inset,material.porcelain,eyes.optical_array,interface.none,implant.none,mantle.field_collar,background.relay_well,signal.intermittent,corruption.intact
783,feasibility_only_not_final_art,entity.synthetic,access.admin,architecture.double_plane,material.ceramic,eyes.void,interface.none,implant.neural_cable,mantle.field_collar,background.evidence_void,signal.intermittent,corruption.intact
784,feasibility_only_not_final_art,entity.synthetic,access.user,architecture.inset,material.biosynth,eyes.fractured,interface.none,implant.neural_cable,mantle.archive_coat,background.evidence_void,signal.intermittent,corruption.checksum_burn
785,feasibility_only_not_final_art,entity.human,access.user,architecture.inset,material.biosynth,eyes.fractured,interface.forensic_plate,implant.neural_cable,mantle.ceramic_mantle,background.evidence_void,signal.locked,corruption.intact
786,feasibility_only_not_final_art,entity.human,access.user,architecture.sealed,material.porcelain,eyes.void,interface.null_mask,implant.none,mantle.field_collar,background.rack_shadow,signal.carrier_echo,corruption.intact
787,feasibility_only_not_final_art,entity.human,access.user,architecture.sealed,material.ceramic,eyes.void,interface.null_mask,implant.antenna,mantle.field_collar,background.evidence_void,signal.locked,corruption.intact
788,feasibility_only_not_final_art,entity.human,access.user,architecture.sealed,material.biosynth,eyes.thermal,interface.forensic_plate,implant.neural_cable,mantle.archive_coat,background.relay_well,signal.locked,corruption.checksum_burn
789,feasibility_only_not_final_art,entity.synthetic,access.admin,architecture.double_plane,material.porcelain,eyes.void,interface.forensic_plate,implant.none,mantle.split_shell,background.relay_well,signal.locked,corruption.checksum_burn
790,feasibility_only_not_final_art,entity.hollow,access.user,architecture.sealed,material.porcelain,eyes.optical_array,interface.forensic_plate,implant.neural_cable,mantle.archive_coat,background.relay_well,signal.unclocked,corruption.scan_shear
791,feasibility_only_not_final_art,entity.hollow,access.user,architecture.sealed,material.porcelain,eyes.void,interface.none,implant.none,mantle.cable_shroud,background.cold_storage,signal.locked,corruption.scan_shear
792,feasibility_only_not_final_art,entity.human,access.user,architecture.sealed,material.biosynth,eyes.void,interface.none,implant.neural_cable,mantle.archive_coat,background.evidence_void,signal.locked,corruption.checksum_burn
793,feasibility_only_not_final_art,entity.human,access.user,architecture.sealed,material.biosynth,eyes.fractured,interface.respirator,implant.spinal_bus,mantle.field_collar,background.rack_shadow,signal.locked,corruption.intact
794,feasibility_only_not_final_art,entity.human,access.user,architecture.inset,material.biosynth,eyes.void,interface.none,implant.spinal_bus,mantle.cable_shroud,background.evidence_void,signal.locked,corruption.checksum_burn
795,feasibility_only_not_final_art,entity.hollow,access.user,architecture.sealed,material.porcelain,eyes.void,interface.forensic_plate,implant.antenna,mantle.ceramic_mantle,background.relay_well,signal.intermittent,corruption.intact
796,feasibility_only_not_final_art,entity.synthetic,access.user,architecture.sealed,material.porcelain,eyes.biometric,interface.neural_veil,implant.antenna,mantle.cable_shroud,background.evidence_void,signal.intermittent,corruption.intact
797,feasibility_only_not_final_art,entity.synthetic,access.user,architecture.sealed,material.biosynth,eyes.thermal,interface.forensic_plate,implant.spinal_bus,mantle.split_shell,background.evidence_void,signal.intermittent,corruption.intact
798,feasibility_only_not_final_art,entity.synthetic,access.user,architecture.sealed,material.carbon,eyes.optical_array,interface.none,implant.none,mantle.cable_shroud,background.evidence_void,signal.silent,corruption.intact
799,feasibility_only_not_final_art,entity.synthetic,access.user,architecture.sealed,material.biosynth,eyes.biometric,interface.forensic_plate,implant.antenna,mantle.archive_coat,background.rack_shadow,signal.locked,corruption.packet_ghosting
800,feasibility_only_not_final_art,entity.human,access.user,architecture.sealed,material.biosynth,eyes.void,interface.none,implant.spinal_bus,mantle.ceramic_mantle,background.evidence_void,signal.carrier_echo,corruption.intact
801,feasibility_only_not_final_art,entity.human,access.admin,architecture.inset,material.biosynth,eyes.void,interface.respirator,implant.neural_cable,mantle.cable_shroud,background.rack_shadow,signal.locked,corruption.memory_bleed
802,feasibility_only_not_final_art,entity.human,access.admin,architecture.inset,material.ceramic,eyes.thermal,interface.forensic_plate,implant.none,mantle.split_shell,background.rack_shadow,signal.silent,corruption.intact
803,feasibility_only_not_final_art,entity.synthetic,access.root,architecture.severed_halo,material.porcelain,eyes.thermal,interface.neural_veil,implant.signal_crown,mantle.split_shell,background.relay_well,signal.carrier_echo,corruption.packet_ghosting
804,feasibility_only_not_final_art,entity.human,access.admin,architecture.double_plane,material.biosynth,eyes.thermal,interface.none,implant.memory_spindle,mantle.archive_coat,background.anechoic_room,signal.carrier_echo,corruption.scan_shear
805,feasibility_only_not_final_art,entity.specter,access.admin,architecture.double_plane,material.carbon,eyes.signal_burn,interface.forensic_plate,implant.neural_cable,mantle.unsupported_frame,background.evidence_void,signal.intermittent,corruption.intact
806,feasibility_only_not_final_art,entity.hollow,access.user,architecture.sealed,material.porcelain,eyes.void,interface.none,implant.spinal_bus,mantle.archive_coat,background.relay_well,signal.locked,corruption.scan_shear
807,feasibility_only_not_final_art,entity.hollow,access.user,architecture.sealed,material.ceramic,eyes.void,interface.skeletal_interface,implant.spinal_bus,mantle.field_collar,background.rack_shadow,signal.intermittent,corruption.intact
808,feasibility_only_not_final_art,entity.human,access.user,architecture.sealed,material.biosynth,eyes.fractured,interface.none,implant.spinal_bus,mantle.cable_shroud,background.relay_well,signal.locked,corruption.intact
809,feasibility_only_not_final_art,entity.synthetic,access.user,architecture.inset,material.ceramic,eyes.thermal,interface.respirator,implant.spinal_bus,mantle.ceramic_mantle,background.evidence_void,signal.locked,corruption.scan_shear
810,feasibility_only_not_final_art,entity.human,access.user,architecture.sealed,material.porcelain,eyes.fractured,interface.respirator,implant.neural_cable,mantle.ceramic_mantle,background.evidence_void,signal.locked,corruption.intact
811,feasibility_only_not_final_art,entity.synthetic,access.admin,architecture.double_plane,material.ceramic,eyes.thermal,interface.respirator,implant.none,mantle.archive_coat,background.evidence_void,signal.intermittent,corruption.intact
812,feasibility_only_not_final_art,entity.human,access.admin,architecture.inset,material.porcelain,eyes.void,interface.null_mask,implant.memory_spindle,mantle.archive_coat,background.relay_well,signal.locked,corruption.scan_shear
813,feasibility_only_not_final_art,entity.human,access.user,architecture.inset,material.porcelain,eyes.void,interface.respirator,implant.none,mantle.cable_shroud,background.cold_storage,signal.locked,corruption.scan_shear
814,feasibility_only_not_final_art,entity.human,access.user,architecture.sealed,material.reconstructed,eyes.thermal,interface.forensic_plate,implant.neural_cable,mantle.ceramic_mantle,background.rack_shadow,signal.intermittent,corruption.intact
815,feasibility_only_not_final_art,entity.synthetic,access.system,architecture.suspended_core,material.biosynth,eyes.optical_array,interface.forensic_plate,implant.root_port,mantle.field_collar,background.relay_well,signal.silent,corruption.checksum_burn
816,feasibility_only_not_final_art,entity.human,access.user,architecture.inset,material.ceramic,eyes.biometric,interface.forensic_plate,implant.none,mantle.cable_shroud,background.anechoic_room,signal.locked,corruption.scan_shear
817,feasibility_only_not_final_art,entity.synthetic,access.user,architecture.inset,material.porcelain,eyes.void,interface.forensic_plate,implant.neural_cable,mantle.field_collar,background.evidence_void,signal.locked,corruption.packet_ghosting
818,feasibility_only_not_final_art,entity.hollow,access.admin,architecture.double_plane,material.carbon,eyes.fractured,interface.null_mask,implant.neural_cable,mantle.archive_coat,background.evidence_void,signal.locked,corruption.intact
819,feasibility_only_not_final_art,entity.human,access.user,architecture.sealed,material.ceramic,eyes.void,interface.none,implant.none,mantle.cable_shroud,background.relay_well,signal.carrier_echo,corruption.checksum_burn
820,feasibility_only_not_final_art,entity.synthetic,access.user,architecture.sealed,material.porcelain,eyes.optical_array,interface.forensic_plate,implant.neural_cable,mantle.archive_coat,background.cold_storage,signal.carrier_echo,corruption.checksum_burn
821,feasibility_only_not_final_art,entity.human,access.user,architecture.sealed,material.biosynth,eyes.thermal,interface.none,implant.neural_cable,mantle.split_shell,background.service_tunnel,signal.intermittent,corruption.checksum_burn
822,feasibility_only_not_final_art,entity.human,access.user,architecture.sealed,material.ceramic,eyes.thermal,interface.respirator,implant.none,mantle.cable_shroud,background.rack_shadow,signal.locked,corruption.intact
823,feasibility_only_not_final_art,entity.human,access.user,architecture.inset,material.porcelain,eyes.thermal,interface.respirator,implant.none,mantle.cable_shroud,background.service_tunnel,signal.locked,corruption.checksum_burn
824,feasibility_only_not_final_art,entity.human,access.user,architecture.sealed,material.biosynth,eyes.biometric,interface.forensic_plate,implant.none,mantle.cable_shroud,background.rack_shadow,signal.carrier_echo,corruption.intact
825,feasibility_only_not_final_art,entity.hollow,access.user,architecture.sealed,material.porcelain,eyes.optical_array,interface.neural_veil,implant.none,mantle.ceramic_mantle,background.relay_well,signal.locked,corruption.intact
826,feasibility_only_not_final_art,entity.synthetic,access.user,architecture.sealed,material.porcelain,eyes.fractured,interface.forensic_plate,implant.spinal_bus,mantle.ceramic_mantle,background.evidence_void,signal.locked,corruption.packet_ghosting
827,feasibility_only_not_final_art,entity.human,access.user,architecture.inset,material.porcelain,eyes.biometric,interface.respirator,implant.none,mantle.cable_shroud,background.cold_storage,signal.locked,corruption.scan_shear
828,feasibility_only_not_final_art,entity.human,access.user,architecture.sealed,material.porcelain,eyes.thermal,interface.none,implant.spinal_bus,mantle.ceramic_mantle,background.evidence_void,signal.locked,corruption.intact
829,feasibility_only_not_final_art,entity.human,access.admin,architecture.double_plane,material.porcelain,eyes.biometric,interface.respirator,implant.neural_cable,mantle.archive_coat,background.relay_well,signal.locked,corruption.checksum_burn
830,feasibility_only_not_final_art,entity.human,access.admin,architecture.double_plane,material.biosynth,eyes.fractured,interface.forensic_plate,implant.spinal_bus,mantle.archive_coat,background.evidence_void,signal.locked,corruption.checksum_burn
831,feasibility_only_not_final_art,entity.human,access.user,architecture.inset,material.porcelain,eyes.biometric,interface.respirator,implant.antenna,mantle.cable_shroud,background.evidence_void,signal.locked,corruption.intact
832,feasibility_only_not_final_art,entity.synthetic,access.user,architecture.sealed,material.carbon,eyes.biometric,interface.neural_veil,implant.neural_cable,mantle.archive_coat,background.evidence_void,signal.locked,corruption.packet_ghosting
833,feasibility_only_not_final_art,entity.human,access.admin,architecture.double_plane,material.porcelain,eyes.fractured,interface.respirator,implant.none,mantle.archive_coat,background.cold_storage,signal.carrier_echo,corruption.checksum_burn
834,feasibility_only_not_final_art,entity.human,access.user,architecture.sealed,material.biosynth,eyes.thermal,interface.forensic_plate,implant.spinal_bus,mantle.ceramic_mantle,background.cold_storage,signal.locked,corruption.intact
835,feasibility_only_not_final_art,entity.hollow,access.admin,architecture.double_plane,material.porcelain,eyes.void,interface.forensic_plate,implant.none,mantle.archive_coat,background.evidence_void,signal.locked,corruption.checksum_burn
836,feasibility_only_not_final_art,entity.specter,access.system,architecture.suspended_core,material.phase_glass,eyes.void,interface.forensic_plate,implant.root_port,mantle.unsupported_frame,background.cold_storage,signal.locked,corruption.intact
837,feasibility_only_not_final_art,entity.human,access.user,architecture.sealed,material.biosynth,eyes.biometric,interface.none,implant.spinal_bus,mantle.cable_shroud,background.cold_storage,signal.carrier_echo,corruption.scan_shear
838,feasibility_only_not_final_art,entity.synthetic,access.user,architecture.sealed,material.biosynth,eyes.thermal,interface.neural_veil,implant.none,mantle.cable_shroud,background.cold_storage,signal.locked,corruption.intact
839,feasibility_only_not_final_art,entity.synthetic,access.user,architecture.sealed,material.porcelain,eyes.void,interface.none,implant.neural_cable,mantle.field_collar,background.service_tunnel,signal.intermittent,corruption.intact
840,feasibility_only_not_final_art,entity.synthetic,access.user,architecture.sealed,material.carbon,eyes.fractured,interface.forensic_plate,implant.spinal_bus,mantle.field_collar,background.cold_storage,signal.locked,corruption.intact
841,feasibility_only_not_final_art,entity.synthetic,access.admin,architecture.double_plane,material.porcelain,eyes.fractured,interface.respirator,implant.antenna,mantle.cable_shroud,background.evidence_void,signal.locked,corruption.checksum_burn
842,feasibility_only_not_final_art,entity.human,access.user,architecture.sealed,material.carbon,eyes.thermal,interface.none,implant.neural_cable,mantle.cable_shroud,background.relay_well,signal.carrier_echo,corruption.intact
843,feasibility_only_not_final_art,entity.human,access.admin,architecture.double_plane,material.ceramic,eyes.biometric,interface.none,implant.antenna,mantle.ceramic_mantle,background.service_tunnel,signal.locked,corruption.scan_shear
844,feasibility_only_not_final_art,entity.human,access.user,architecture.sealed,material.biosynth,eyes.biometric,interface.respirator,implant.none,mantle.cable_shroud,background.service_tunnel,signal.locked,corruption.intact
845,feasibility_only_not_final_art,entity.human,access.user,architecture.inset,material.ceramic,eyes.thermal,interface.respirator,implant.neural_cable,mantle.archive_coat,background.rack_shadow,signal.silent,corruption.intact
846,feasibility_only_not_final_art,entity.synthetic,access.user,architecture.sealed,material.biosynth,eyes.void,interface.none,implant.neural_cable,mantle.archive_coat,background.rack_shadow,signal.carrier_echo,corruption.intact
847,feasibility_only_not_final_art,entity.human,access.user,architecture.sealed,material.ceramic,eyes.thermal,interface.forensic_plate,implant.spinal_bus,mantle.ceramic_mantle,background.evidence_void,signal.intermittent,corruption.scan_shear
848,feasibility_only_not_final_art,entity.synthetic,access.user,architecture.inset,material.biosynth,eyes.biometric,interface.neural_veil,implant.neural_cable,mantle.cable_shroud,background.evidence_void,signal.carrier_echo,corruption.intact
849,feasibility_only_not_final_art,entity.hollow,access.user,architecture.sealed,material.reconstructed,eyes.void,interface.neural_veil,implant.none,mantle.cable_shroud,background.relay_well,signal.locked,corruption.intact
850,feasibility_only_not_final_art,entity.human,access.user,architecture.sealed,material.carbon,eyes.biometric,interface.none,implant.neural_cable,mantle.ceramic_mantle,background.relay_well,signal.locked,corruption.intact
851,feasibility_only_not_final_art,entity.human,access.user,architecture.sealed,material.porcelain,eyes.fractured,interface.respirator,implant.spinal_bus,mantle.archive_coat,background.relay_well,signal.locked,corruption.intact
852,feasibility_only_not_final_art,entity.hollow,access.admin,architecture.double_plane,material.porcelain,eyes.void,interface.neural_veil,implant.spinal_bus,mantle.archive_coat,background.relay_well,signal.locked,corruption.intact
853,feasibility_only_not_final_art,entity.human,access.user,architecture.inset,material.biosynth,eyes.void,interface.forensic_plate,implant.antenna,mantle.ceramic_mantle,background.relay_well,signal.locked,corruption.scan_shear
854,feasibility_only_not_final_art,entity.synthetic,access.user,architecture.sealed,material.carbon,eyes.fractured,interface.null_mask,implant.neural_cable,mantle.ceramic_mantle,background.rack_shadow,signal.locked,corruption.intact
855,feasibility_only_not_final_art,entity.synthetic,access.admin,architecture.double_plane,material.carbon,eyes.thermal,interface.respirator,implant.neural_cable,mantle.ceramic_mantle,background.evidence_void,signal.carrier_echo,corruption.scan_shear
856,feasibility_only_not_final_art,entity.specter,access.user,architecture.sealed,material.phase_glass,eyes.signal_burn,interface.forensic_plate,implant.none,mantle.archive_coat,background.relay_well,signal.locked,corruption.intact
857,feasibility_only_not_final_art,entity.synthetic,access.user,architecture.sealed,material.porcelain,eyes.biometric,interface.null_mask,implant.neural_cable,mantle.field_collar,background.rack_shadow,signal.intermittent,corruption.intact
858,feasibility_only_not_final_art,entity.human,access.user,architecture.inset,material.porcelain,eyes.biometric,interface.respirator,implant.none,mantle.field_collar,background.evidence_void,signal.locked,corruption.packet_ghosting
859,feasibility_only_not_final_art,entity.hollow,access.user,architecture.inset,material.ceramic,eyes.optical_array,interface.forensic_plate,implant.none,mantle.ceramic_mantle,background.anechoic_room,signal.locked,corruption.packet_ghosting
860,feasibility_only_not_final_art,entity.hollow,access.admin,architecture.inset,material.porcelain,eyes.optical_array,interface.forensic_plate,implant.none,mantle.archive_coat,background.rack_shadow,signal.locked,corruption.intact
861,feasibility_only_not_final_art,entity.synthetic,access.user,architecture.sealed,material.carbon,eyes.biometric,interface.neural_veil,implant.spinal_bus,mantle.cable_shroud,background.rack_shadow,signal.carrier_echo,corruption.intact
862,feasibility_only_not_final_art,entity.synthetic,access.user,architecture.sealed,material.biosynth,eyes.thermal,interface.respirator,implant.spinal_bus,mantle.split_shell,background.cold_storage,signal.silent,corruption.checksum_burn
863,feasibility_only_not_final_art,entity.hollow,access.user,architecture.sealed,material.porcelain,eyes.fractured,interface.null_mask,implant.antenna,mantle.ceramic_mantle,background.service_tunnel,signal.intermittent,corruption.checksum_burn
864,feasibility_only_not_final_art,entity.synthetic,access.user,architecture.sealed,material.biosynth,eyes.biometric,interface.forensic_plate,implant.spinal_bus,mantle.split_shell,background.evidence_void,signal.unclocked,corruption.scan_shear
865,feasibility_only_not_final_art,entity.hollow,access.user,architecture.sealed,material.porcelain,eyes.void,interface.none,implant.spinal_bus,mantle.ceramic_mantle,background.relay_well,signal.locked,corruption.scan_shear
866,feasibility_only_not_final_art,entity.human,access.user,architecture.sealed,material.porcelain,eyes.biometric,interface.none,implant.antenna,mantle.cable_shroud,background.evidence_void,signal.locked,corruption.intact
867,feasibility_only_not_final_art,entity.human,access.user,architecture.sealed,material.ceramic,eyes.thermal,interface.null_mask,implant.none,mantle.cable_shroud,background.evidence_void,signal.intermittent,corruption.intact
868,feasibility_only_not_final_art,entity.human,access.user,architecture.sealed,material.biosynth,eyes.thermal,interface.forensic_plate,implant.neural_cable,mantle.field_collar,background.cold_storage,signal.locked,corruption.scan_shear
869,feasibility_only_not_final_art,entity.human,access.user,architecture.sealed,material.biosynth,eyes.void,interface.none,implant.antenna,mantle.field_collar,background.cold_storage,signal.intermittent,corruption.intact
870,feasibility_only_not_final_art,entity.human,access.user,architecture.inset,material.reconstructed,eyes.biometric,interface.forensic_plate,implant.none,mantle.archive_coat,background.evidence_void,signal.carrier_echo,corruption.scan_shear
871,feasibility_only_not_final_art,entity.hollow,access.user,architecture.inset,material.porcelain,eyes.void,interface.none,implant.antenna,mantle.ceramic_mantle,background.evidence_void,signal.silent,corruption.scan_shear
872,feasibility_only_not_final_art,entity.human,access.user,architecture.sealed,material.biosynth,eyes.biometric,interface.forensic_plate,implant.spinal_bus,mantle.ceramic_mantle,background.rack_shadow,signal.locked,corruption.intact
873,feasibility_only_not_final_art,entity.synthetic,access.user,architecture.sealed,material.porcelain,eyes.thermal,interface.none,implant.antenna,mantle.cable_shroud,background.service_tunnel,signal.locked,corruption.intact
874,feasibility_only_not_final_art,entity.human,access.user,architecture.sealed,material.biosynth,eyes.thermal,interface.respirator,implant.neural_cable,mantle.ceramic_mantle,background.evidence_void,signal.locked,corruption.scan_shear
875,feasibility_only_not_final_art,entity.specter,access.user,architecture.inset,material.reconstructed,eyes.signal_burn,interface.none,implant.neural_cable,mantle.ceramic_mantle,background.cold_storage,signal.locked,corruption.intact
876,feasibility_only_not_final_art,entity.synthetic,access.system,architecture.suspended_core,material.porcelain,eyes.biometric,interface.forensic_plate,implant.root_port,mantle.archive_coat,background.rack_shadow,signal.intermittent,corruption.checksum_burn
877,feasibility_only_not_final_art,entity.hollow,access.user,architecture.inset,material.porcelain,eyes.void,interface.forensic_plate,implant.none,mantle.cable_shroud,background.cold_storage,signal.locked,corruption.packet_ghosting
878,feasibility_only_not_final_art,entity.human,access.user,architecture.sealed,material.porcelain,eyes.fractured,interface.forensic_plate,implant.antenna,mantle.cable_shroud,background.cold_storage,signal.locked,corruption.intact
879,feasibility_only_not_final_art,entity.human,access.user,architecture.sealed,material.biosynth,eyes.void,interface.respirator,implant.antenna,mantle.ceramic_mantle,background.rack_shadow,signal.intermittent,corruption.intact
880,feasibility_only_not_final_art,entity.synthetic,access.admin,architecture.double_plane,material.reconstructed,eyes.biometric,interface.none,implant.none,mantle.archive_coat,background.evidence_void,signal.locked,corruption.intact
881,feasibility_only_not_final_art,entity.human,access.user,architecture.sealed,material.reconstructed,eyes.fractured,interface.respirator,implant.spinal_bus,mantle.archive_coat,background.cold_storage,signal.locked,corruption.checksum_burn
882,feasibility_only_not_final_art,entity.human,access.user,architecture.sealed,material.carbon,eyes.void,interface.forensic_plate,implant.antenna,mantle.field_collar,background.evidence_void,signal.intermittent,corruption.intact
883,feasibility_only_not_final_art,entity.hollow,access.user,architecture.inset,material.carbon,eyes.optical_array,interface.none,implant.none,mantle.ceramic_mantle,background.rack_shadow,signal.intermittent,corruption.intact
884,feasibility_only_not_final_art,entity.synthetic,access.user,architecture.sealed,material.biosynth,eyes.optical_array,interface.none,implant.none,mantle.archive_coat,background.rack_shadow,signal.locked,corruption.scan_shear
885,feasibility_only_not_final_art,entity.specter,access.user,architecture.sealed,material.reconstructed,eyes.void,interface.forensic_plate,implant.none,mantle.unsupported_frame,background.evidence_void,signal.intermittent,corruption.scan_shear
886,feasibility_only_not_final_art,entity.human,access.user,architecture.inset,material.biosynth,eyes.fractured,interface.forensic_plate,implant.neural_cable,mantle.archive_coat,background.rack_shadow,signal.carrier_echo,corruption.intact
887,feasibility_only_not_final_art,entity.human,access.user,architecture.inset,material.carbon,eyes.void,interface.forensic_plate,implant.none,mantle.ceramic_mantle,background.cold_storage,signal.locked,corruption.scan_shear
888,feasibility_only_not_final_art,entity.human,access.user,architecture.sealed,material.carbon,eyes.biometric,interface.forensic_plate,implant.neural_cable,mantle.ceramic_mantle,background.evidence_void,signal.silent,corruption.intact
889,feasibility_only_not_final_art,entity.human,access.user,architecture.sealed,material.ceramic,eyes.void,interface.null_mask,implant.antenna,mantle.cable_shroud,background.cold_storage,signal.locked,corruption.memory_bleed
890,feasibility_only_not_final_art,entity.hollow,access.admin,architecture.double_plane,material.carbon,eyes.void,interface.none,implant.none,mantle.archive_coat,background.service_tunnel,signal.locked,corruption.scan_shear
891,feasibility_only_not_final_art,entity.human,access.user,architecture.sealed,material.carbon,eyes.void,interface.none,implant.none,mantle.archive_coat,background.evidence_void,signal.carrier_echo,corruption.scan_shear
892,feasibility_only_not_final_art,entity.specter,access.system,architecture.suspended_core,material.reconstructed,eyes.fractured,interface.none,implant.root_port,mantle.cable_shroud,background.cold_storage,signal.locked,corruption.absence
893,feasibility_only_not_final_art,entity.synthetic,access.user,architecture.sealed,material.porcelain,eyes.biometric,interface.none,implant.neural_cable,mantle.archive_coat,background.rack_shadow,signal.carrier_echo,corruption.checksum_burn
894,feasibility_only_not_final_art,entity.human,access.user,architecture.sealed,material.biosynth,eyes.fractured,interface.none,implant.none,mantle.archive_coat,background.cold_storage,signal.intermittent,corruption.intact
895,feasibility_only_not_final_art,entity.human,access.user,architecture.inset,material.carbon,eyes.thermal,interface.null_mask,implant.antenna,mantle.archive_coat,background.rack_shadow,signal.carrier_echo,corruption.intact
896,feasibility_only_not_final_art,entity.synthetic,access.user,architecture.sealed,material.reconstructed,eyes.biometric,interface.respirator,implant.none,mantle.cable_shroud,background.evidence_void,signal.intermittent,corruption.intact
897,feasibility_only_not_final_art,entity.human,access.admin,architecture.double_plane,material.porcelain,eyes.fractured,interface.none,implant.neural_cable,mantle.archive_coat,background.uplink_black,signal.locked,corruption.intact
898,feasibility_only_not_final_art,entity.synthetic,access.user,architecture.sealed,material.carbon,eyes.thermal,interface.forensic_plate,implant.none,mantle.archive_coat,background.evidence_void,signal.intermittent,corruption.intact
899,feasibility_only_not_final_art,entity.synthetic,access.user,architecture.sealed,material.porcelain,eyes.optical_array,interface.none,implant.neural_cable,mantle.ceramic_mantle,background.evidence_void,signal.locked,corruption.memory_bleed
900,feasibility_only_not_final_art,entity.hollow,access.user,architecture.inset,material.carbon,eyes.void,interface.forensic_plate,implant.none,mantle.cable_shroud,background.rack_shadow,signal.intermittent,corruption.intact
901,feasibility_only_not_final_art,entity.human,access.user,architecture.sealed,material.porcelain,eyes.biometric,interface.none,implant.none,mantle.field_collar,background.service_tunnel,signal.locked,corruption.intact
902,feasibility_only_not_final_art,entity.human,access.system,architecture.suspended_core,material.porcelain,eyes.biometric,interface.none,implant.root_port,mantle.archive_coat,background.rack_shadow,signal.intermittent,corruption.intact
903,feasibility_only_not_final_art,entity.synthetic,access.root,architecture.severed_halo,material.porcelain,eyes.biometric,interface.neural_veil,implant.signal_crown,mantle.ceramic_mantle,background.relay_well,signal.locked,corruption.intact
904,feasibility_only_not_final_art,entity.human,access.user,architecture.sealed,material.biosynth,eyes.fractured,interface.forensic_plate,implant.none,mantle.archive_coat,background.cold_storage,signal.locked,corruption.intact
905,feasibility_only_not_final_art,entity.human,access.user,architecture.inset,material.carbon,eyes.thermal,interface.none,implant.spinal_bus,mantle.cable_shroud,background.cold_storage,signal.locked,corruption.intact
906,feasibility_only_not_final_art,entity.human,access.user,architecture.sealed,material.biosynth,eyes.biometric,interface.respirator,implant.antenna,mantle.archive_coat,background.relay_well,signal.intermittent,corruption.checksum_burn
907,feasibility_only_not_final_art,entity.human,access.user,architecture.inset,material.carbon,eyes.fractured,interface.respirator,implant.spinal_bus,mantle.archive_coat,background.cold_storage,signal.silent,corruption.intact
908,feasibility_only_not_final_art,entity.synthetic,access.user,architecture.sealed,material.biosynth,eyes.biometric,interface.none,implant.spinal_bus,mantle.cable_shroud,background.cold_storage,signal.intermittent,corruption.scan_shear
909,feasibility_only_not_final_art,entity.synthetic,access.user,architecture.inset,material.biosynth,eyes.biometric,interface.respirator,implant.antenna,mantle.archive_coat,background.anechoic_room,signal.intermittent,corruption.intact
910,feasibility_only_not_final_art,entity.synthetic,access.user,architecture.sealed,material.biosynth,eyes.biometric,interface.none,implant.neural_cable,mantle.ceramic_mantle,background.relay_well,signal.intermittent,corruption.intact
911,feasibility_only_not_final_art,entity.hollow,access.user,architecture.inset,material.carbon,eyes.void,interface.forensic_plate,implant.none,mantle.archive_coat,background.evidence_void,signal.intermittent,corruption.scan_shear
912,feasibility_only_not_final_art,entity.human,access.user,architecture.sealed,material.ceramic,eyes.void,interface.none,implant.antenna,mantle.archive_coat,background.evidence_void,signal.carrier_echo,corruption.intact
913,feasibility_only_not_final_art,entity.synthetic,access.user,architecture.sealed,material.biosynth,eyes.thermal,interface.forensic_plate,implant.spinal_bus,mantle.cable_shroud,background.evidence_void,signal.locked,corruption.scan_shear
914,feasibility_only_not_final_art,entity.synthetic,access.admin,architecture.inset,material.biosynth,eyes.void,interface.forensic_plate,implant.none,mantle.ceramic_mantle,background.evidence_void,signal.intermittent,corruption.packet_ghosting
915,feasibility_only_not_final_art,entity.human,access.user,architecture.sealed,material.biosynth,eyes.biometric,interface.none,implant.antenna,mantle.cable_shroud,background.evidence_void,signal.carrier_echo,corruption.intact
916,feasibility_only_not_final_art,entity.synthetic,access.user,architecture.sealed,material.carbon,eyes.biometric,interface.none,implant.none,mantle.ceramic_mantle,background.evidence_void,signal.locked,corruption.intact
917,feasibility_only_not_final_art,entity.synthetic,access.user,architecture.sealed,material.reconstructed,eyes.optical_array,interface.none,implant.none,mantle.ceramic_mantle,background.relay_well,signal.locked,corruption.intact
918,feasibility_only_not_final_art,entity.hollow,access.user,architecture.sealed,material.ceramic,eyes.optical_array,interface.none,implant.neural_cable,mantle.archive_coat,background.evidence_void,signal.locked,corruption.intact
919,feasibility_only_not_final_art,entity.synthetic,access.user,architecture.sealed,material.porcelain,eyes.biometric,interface.forensic_plate,implant.none,mantle.ceramic_mantle,background.rack_shadow,signal.intermittent,corruption.checksum_burn
920,feasibility_only_not_final_art,entity.human,access.user,architecture.sealed,material.ceramic,eyes.thermal,interface.respirator,implant.neural_cable,mantle.split_shell,background.relay_well,signal.silent,corruption.checksum_burn
921,feasibility_only_not_final_art,entity.human,access.user,architecture.sealed,material.reconstructed,eyes.fractured,interface.none,implant.spinal_bus,mantle.ceramic_mantle,background.relay_well,signal.intermittent,corruption.intact
922,feasibility_only_not_final_art,entity.human,access.user,architecture.sealed,material.ceramic,eyes.biometric,interface.respirator,implant.neural_cable,mantle.split_shell,background.evidence_void,signal.intermittent,corruption.intact
923,feasibility_only_not_final_art,entity.human,access.user,architecture.sealed,material.biosynth,eyes.thermal,interface.none,implant.spinal_bus,mantle.archive_coat,background.evidence_void,signal.intermittent,corruption.intact
924,feasibility_only_not_final_art,entity.synthetic,access.system,architecture.suspended_core,material.biosynth,eyes.biometric,interface.respirator,implant.root_port,mantle.ceramic_mantle,background.service_tunnel,signal.carrier_echo,corruption.intact
925,feasibility_only_not_final_art,entity.hollow,access.user,architecture.sealed,material.carbon,eyes.void,interface.neural_veil,implant.neural_cable,mantle.field_collar,background.evidence_void,signal.locked,corruption.checksum_burn
926,feasibility_only_not_final_art,entity.hollow,access.user,architecture.sealed,material.porcelain,eyes.void,interface.null_mask,implant.none,mantle.cable_shroud,background.cold_storage,signal.locked,corruption.intact
927,feasibility_only_not_final_art,entity.synthetic,access.user,architecture.sealed,material.ceramic,eyes.optical_array,interface.none,implant.neural_cable,mantle.cable_shroud,background.relay_well,signal.intermittent,corruption.intact
928,feasibility_only_not_final_art,entity.human,access.user,architecture.sealed,material.carbon,eyes.biometric,interface.respirator,implant.spinal_bus,mantle.field_collar,background.cold_storage,signal.intermittent,corruption.intact
929,feasibility_only_not_final_art,entity.hollow,access.user,architecture.sealed,material.ceramic,eyes.void,interface.none,implant.spinal_bus,mantle.archive_coat,background.cold_storage,signal.carrier_echo,corruption.intact
930,feasibility_only_not_final_art,entity.synthetic,access.user,architecture.sealed,material.carbon,eyes.fractured,interface.respirator,implant.antenna,mantle.ceramic_mantle,background.relay_well,signal.intermittent,corruption.packet_ghosting
931,feasibility_only_not_final_art,entity.human,access.user,architecture.sealed,material.reconstructed,eyes.thermal,interface.none,implant.none,mantle.field_collar,background.anechoic_room,signal.locked,corruption.scan_shear
932,feasibility_only_not_final_art,entity.human,access.admin,architecture.double_plane,material.carbon,eyes.fractured,interface.none,implant.none,mantle.cable_shroud,background.rack_shadow,signal.locked,corruption.intact
933,feasibility_only_not_final_art,entity.human,access.user,architecture.inset,material.ceramic,eyes.thermal,interface.forensic_plate,implant.antenna,mantle.archive_coat,background.relay_well,signal.intermittent,corruption.intact
934,feasibility_only_not_final_art,entity.synthetic,access.user,architecture.inset,material.ceramic,eyes.biometric,interface.none,implant.none,mantle.archive_coat,background.cold_storage,signal.silent,corruption.checksum_burn
935,feasibility_only_not_final_art,entity.human,access.admin,architecture.double_plane,material.porcelain,eyes.biometric,interface.forensic_plate,implant.none,mantle.archive_coat,background.cold_storage,signal.locked,corruption.scan_shear
936,feasibility_only_not_final_art,entity.synthetic,access.admin,architecture.inset,material.carbon,eyes.biometric,interface.respirator,implant.spinal_bus,mantle.cable_shroud,background.evidence_void,signal.intermittent,corruption.intact
937,feasibility_only_not_final_art,entity.hollow,access.user,architecture.sealed,material.ceramic,eyes.void,interface.none,implant.antenna,mantle.archive_coat,background.cold_storage,signal.locked,corruption.packet_ghosting
938,feasibility_only_not_final_art,entity.human,access.user,architecture.sealed,material.carbon,eyes.void,interface.none,implant.antenna,mantle.archive_coat,background.rack_shadow,signal.intermittent,corruption.packet_ghosting
939,feasibility_only_not_final_art,entity.human,access.user,architecture.sealed,material.ceramic,eyes.thermal,interface.none,implant.none,mantle.archive_coat,background.cold_storage,signal.silent,corruption.scan_shear
940,feasibility_only_not_final_art,entity.specter,access.admin,architecture.double_plane,material.carbon,eyes.void,interface.forensic_plate,implant.none,mantle.field_collar,background.service_tunnel,signal.silent,corruption.intact
941,feasibility_only_not_final_art,entity.human,access.user,architecture.sealed,material.porcelain,eyes.void,interface.none,implant.none,mantle.archive_coat,background.anechoic_room,signal.locked,corruption.intact
942,feasibility_only_not_final_art,entity.human,access.user,architecture.sealed,material.porcelain,eyes.fractured,interface.null_mask,implant.neural_cable,mantle.ceramic_mantle,background.cold_storage,signal.carrier_echo,corruption.intact
943,feasibility_only_not_final_art,entity.specter,access.user,architecture.sealed,material.carbon,eyes.fractured,interface.skeletal_interface,implant.spinal_bus,mantle.cable_shroud,background.service_tunnel,signal.carrier_echo,corruption.checksum_burn
944,feasibility_only_not_final_art,entity.synthetic,access.admin,architecture.double_plane,material.reconstructed,eyes.optical_array,interface.none,implant.none,mantle.ceramic_mantle,background.service_tunnel,signal.intermittent,corruption.scan_shear
945,feasibility_only_not_final_art,entity.human,access.user,architecture.inset,material.porcelain,eyes.thermal,interface.none,implant.none,mantle.archive_coat,background.evidence_void,signal.locked,corruption.intact
946,feasibility_only_not_final_art,entity.synthetic,access.user,architecture.sealed,material.biosynth,eyes.thermal,interface.forensic_plate,implant.spinal_bus,mantle.archive_coat,background.relay_well,signal.locked,corruption.intact
947,feasibility_only_not_final_art,entity.synthetic,access.user,architecture.inset,material.biosynth,eyes.biometric,interface.null_mask,implant.antenna,mantle.archive_coat,background.evidence_void,signal.locked,corruption.scan_shear
948,feasibility_only_not_final_art,entity.human,access.user,architecture.sealed,material.porcelain,eyes.thermal,interface.none,implant.none,mantle.split_shell,background.service_tunnel,signal.locked,corruption.intact
949,feasibility_only_not_final_art,entity.hollow,access.user,architecture.sealed,material.reconstructed,eyes.optical_array,interface.neural_veil,implant.neural_cable,mantle.field_collar,background.rack_shadow,signal.locked,corruption.scan_shear
950,feasibility_only_not_final_art,entity.synthetic,access.user,architecture.sealed,material.carbon,eyes.fractured,interface.neural_veil,implant.antenna,mantle.field_collar,background.service_tunnel,signal.intermittent,corruption.intact
951,feasibility_only_not_final_art,entity.human,access.admin,architecture.inset,material.biosynth,eyes.thermal,interface.respirator,implant.none,mantle.ceramic_mantle,background.evidence_void,signal.carrier_echo,corruption.intact
952,feasibility_only_not_final_art,entity.hollow,access.user,architecture.sealed,material.carbon,eyes.void,interface.neural_veil,implant.neural_cable,mantle.archive_coat,background.evidence_void,signal.locked,corruption.intact
953,feasibility_only_not_final_art,entity.hollow,access.admin,architecture.inset,material.porcelain,eyes.optical_array,interface.none,implant.none,mantle.ceramic_mantle,background.evidence_void,signal.locked,corruption.checksum_burn
954,feasibility_only_not_final_art,entity.hollow,access.user,architecture.sealed,material.reconstructed,eyes.void,interface.none,implant.neural_cable,mantle.archive_coat,background.relay_well,signal.carrier_echo,corruption.intact
955,feasibility_only_not_final_art,entity.human,access.system,architecture.suspended_core,material.porcelain,eyes.biometric,interface.none,implant.root_port,mantle.ceramic_mantle,background.evidence_void,signal.intermittent,corruption.intact
956,feasibility_only_not_final_art,entity.synthetic,access.user,architecture.inset,material.porcelain,eyes.optical_array,interface.neural_veil,implant.spinal_bus,mantle.ceramic_mantle,background.evidence_void,signal.locked,corruption.intact
957,feasibility_only_not_final_art,entity.synthetic,access.user,architecture.inset,material.porcelain,eyes.thermal,interface.null_mask,implant.neural_cable,mantle.archive_coat,background.anechoic_room,signal.locked,corruption.checksum_burn
958,feasibility_only_not_final_art,entity.synthetic,access.user,architecture.inset,material.biosynth,eyes.optical_array,interface.forensic_plate,implant.none,mantle.archive_coat,background.evidence_void,signal.intermittent,corruption.intact
959,feasibility_only_not_final_art,entity.synthetic,access.user,architecture.sealed,material.reconstructed,eyes.thermal,interface.forensic_plate,implant.neural_cable,mantle.cable_shroud,background.service_tunnel,signal.carrier_echo,corruption.intact
960,feasibility_only_not_final_art,entity.human,access.user,architecture.inset,material.biosynth,eyes.void,interface.none,implant.spinal_bus,mantle.archive_coat,background.relay_well,signal.locked,corruption.intact
961,feasibility_only_not_final_art,entity.synthetic,access.user,architecture.sealed,material.biosynth,eyes.fractured,interface.neural_veil,implant.neural_cable,mantle.split_shell,background.rack_shadow,signal.intermittent,corruption.checksum_burn
962,feasibility_only_not_final_art,entity.human,access.user,architecture.inset,material.porcelain,eyes.biometric,interface.respirator,implant.none,mantle.field_collar,background.evidence_void,signal.intermittent,corruption.intact
963,feasibility_only_not_final_art,entity.synthetic,access.user,architecture.sealed,material.biosynth,eyes.biometric,interface.forensic_plate,implant.spinal_bus,mantle.ceramic_mantle,background.evidence_void,signal.carrier_echo,corruption.checksum_burn
964,feasibility_only_not_final_art,entity.human,access.admin,architecture.double_plane,material.ceramic,eyes.void,interface.respirator,implant.spinal_bus,mantle.archive_coat,background.rack_shadow,signal.locked,corruption.packet_ghosting
965,feasibility_only_not_final_art,entity.human,access.admin,architecture.inset,material.reconstructed,eyes.thermal,interface.none,implant.neural_cable,mantle.archive_coat,background.service_tunnel,signal.intermittent,corruption.scan_shear
966,feasibility_only_not_final_art,entity.hollow,access.user,architecture.sealed,material.reconstructed,eyes.fractured,interface.forensic_plate,implant.neural_cable,mantle.field_collar,background.relay_well,signal.locked,corruption.intact
967,feasibility_only_not_final_art,entity.synthetic,access.user,architecture.sealed,material.porcelain,eyes.biometric,interface.neural_veil,implant.neural_cable,mantle.ceramic_mantle,background.evidence_void,signal.carrier_echo,corruption.packet_ghosting
968,feasibility_only_not_final_art,entity.human,access.user,architecture.sealed,material.carbon,eyes.thermal,interface.forensic_plate,implant.spinal_bus,mantle.ceramic_mantle,background.evidence_void,signal.carrier_echo,corruption.intact
969,feasibility_only_not_final_art,entity.synthetic,access.user,architecture.sealed,material.biosynth,eyes.void,interface.respirator,implant.none,mantle.ceramic_mantle,background.cold_storage,signal.intermittent,corruption.intact
970,feasibility_only_not_final_art,entity.hollow,access.user,architecture.sealed,material.ceramic,eyes.void,interface.forensic_plate,implant.antenna,mantle.cable_shroud,background.evidence_void,signal.intermittent,corruption.checksum_burn
971,feasibility_only_not_final_art,entity.human,access.user,architecture.sealed,material.biosynth,eyes.thermal,interface.forensic_plate,implant.none,mantle.cable_shroud,background.rack_shadow,signal.silent,corruption.scan_shear
972,feasibility_only_not_final_art,entity.synthetic,access.user,architecture.sealed,material.biosynth,eyes.biometric,interface.respirator,implant.neural_cable,mantle.ceramic_mantle,background.rack_shadow,signal.carrier_echo,corruption.intact
973,feasibility_only_not_final_art,entity.synthetic,access.admin,architecture.double_plane,material.biosynth,eyes.biometric,interface.forensic_plate,implant.none,mantle.archive_coat,background.rack_shadow,signal.locked,corruption.checksum_burn
974,feasibility_only_not_final_art,entity.synthetic,access.admin,architecture.inset,material.carbon,eyes.fractured,interface.neural_veil,implant.none,mantle.field_collar,background.cold_storage,signal.intermittent,corruption.intact
975,feasibility_only_not_final_art,entity.hollow,access.user,architecture.sealed,material.ceramic,eyes.optical_array,interface.none,implant.none,mantle.split_shell,background.service_tunnel,signal.intermittent,corruption.intact
976,feasibility_only_not_final_art,entity.synthetic,access.user,architecture.sealed,material.biosynth,eyes.biometric,interface.null_mask,implant.none,mantle.archive_coat,background.service_tunnel,signal.locked,corruption.intact
977,feasibility_only_not_final_art,entity.human,access.user,architecture.sealed,material.biosynth,eyes.biometric,interface.respirator,implant.antenna,mantle.cable_shroud,background.evidence_void,signal.carrier_echo,corruption.packet_ghosting
978,feasibility_only_not_final_art,entity.synthetic,access.user,architecture.sealed,material.porcelain,eyes.biometric,interface.respirator,implant.neural_cable,mantle.archive_coat,background.cold_storage,signal.intermittent,corruption.intact
979,feasibility_only_not_final_art,entity.synthetic,access.user,architecture.sealed,material.porcelain,eyes.thermal,interface.forensic_plate,implant.none,mantle.split_shell,background.evidence_void,signal.carrier_echo,corruption.checksum_burn
980,feasibility_only_not_final_art,entity.hollow,access.admin,architecture.double_plane,material.ceramic,eyes.void,interface.neural_veil,implant.none,mantle.split_shell,background.relay_well,signal.intermittent,corruption.intact
981,feasibility_only_not_final_art,entity.human,access.user,architecture.sealed,material.porcelain,eyes.void,interface.none,implant.antenna,mantle.archive_coat,background.anechoic_room,signal.locked,corruption.scan_shear
982,feasibility_only_not_final_art,entity.hollow,access.user,architecture.sealed,material.carbon,eyes.fractured,interface.neural_veil,implant.neural_cable,mantle.archive_coat,background.cold_storage,signal.locked,corruption.intact
983,feasibility_only_not_final_art,entity.human,access.admin,architecture.double_plane,material.reconstructed,eyes.biometric,interface.null_mask,implant.none,mantle.cable_shroud,background.relay_well,signal.locked,corruption.checksum_burn
984,feasibility_only_not_final_art,entity.human,access.user,architecture.inset,material.biosynth,eyes.void,interface.none,implant.antenna,mantle.cable_shroud,background.relay_well,signal.carrier_echo,corruption.intact
985,feasibility_only_not_final_art,entity.human,access.user,architecture.inset,material.ceramic,eyes.thermal,interface.none,implant.none,mantle.archive_coat,background.relay_well,signal.intermittent,corruption.scan_shear
986,feasibility_only_not_final_art,entity.synthetic,access.user,architecture.sealed,material.biosynth,eyes.biometric,interface.none,implant.neural_cable,mantle.cable_shroud,background.rack_shadow,signal.intermittent,corruption.intact
987,feasibility_only_not_final_art,entity.specter,access.system,architecture.suspended_core,material.phase_glass,eyes.void,interface.forensic_plate,implant.root_port,mantle.cable_shroud,background.cold_storage,signal.locked,corruption.checksum_burn
988,feasibility_only_not_final_art,entity.synthetic,access.user,architecture.sealed,material.porcelain,eyes.void,interface.forensic_plate,implant.none,mantle.split_shell,background.cold_storage,signal.locked,corruption.intact
989,feasibility_only_not_final_art,entity.human,access.admin,architecture.inset,material.porcelain,eyes.biometric,interface.forensic_plate,implant.antenna,mantle.cable_shroud,background.cold_storage,signal.intermittent,corruption.scan_shear
990,feasibility_only_not_final_art,entity.human,access.system,architecture.suspended_core,material.carbon,eyes.biometric,interface.none,implant.root_port,mantle.ceramic_mantle,background.evidence_void,signal.locked,corruption.checksum_burn
991,feasibility_only_not_final_art,entity.hollow,access.admin,architecture.double_plane,material.carbon,eyes.fractured,interface.forensic_plate,implant.neural_cable,mantle.archive_coat,background.cold_storage,signal.locked,corruption.intact
992,feasibility_only_not_final_art,entity.hollow,access.admin,architecture.inset,material.carbon,eyes.void,interface.none,implant.antenna,mantle.field_collar,background.rack_shadow,signal.silent,corruption.intact
993,feasibility_only_not_final_art,entity.human,access.user,architecture.sealed,material.carbon,eyes.void,interface.forensic_plate,implant.neural_cable,mantle.ceramic_mantle,background.evidence_void,signal.intermittent,corruption.intact
994,feasibility_only_not_final_art,entity.synthetic,access.user,architecture.inset,material.biosynth,eyes.biometric,interface.respirator,implant.spinal_bus,mantle.field_collar,background.anechoic_room,signal.intermittent,corruption.intact
995,feasibility_only_not_final_art,entity.hollow,access.admin,architecture.double_plane,material.carbon,eyes.optical_array,interface.forensic_plate,implant.memory_spindle,mantle.cable_shroud,background.anechoic_room,signal.intermittent,corruption.scan_shear
996,feasibility_only_not_final_art,entity.synthetic,access.user,architecture.sealed,material.porcelain,eyes.fractured,interface.none,implant.antenna,mantle.split_shell,background.uplink_black,signal.intermittent,corruption.intact
997,feasibility_only_not_final_art,entity.human,access.user,architecture.sealed,material.porcelain,eyes.thermal,interface.none,implant.none,mantle.ceramic_mantle,background.evidence_void,signal.intermittent,corruption.intact
998,feasibility_only_not_final_art,entity.human,access.user,architecture.inset,material.porcelain,eyes.biometric,interface.none,implant.none,mantle.cable_shroud,background.cold_storage,signal.intermittent,corruption.intact
999,feasibility_only_not_final_art,entity.human,access.user,architecture.inset,material.porcelain,eyes.biometric,interface.none,implant.none,mantle.split_shell,background.cold_storage,signal.intermittent,corruption.intact
1000,feasibility_only_not_final_art,entity.synthetic,access.user,architecture.sealed,material.porcelain,eyes.fractured,interface.forensic_plate,implant.spinal_bus,mantle.archive_coat,background.evidence_void,signal.locked,corruption.checksum_burn
1001,feasibility_only_not_final_art,entity.specter,access.user,architecture.sealed,material.carbon,eyes.signal_burn,interface.skeletal_interface,implant.none,mantle.cable_shroud,background.cold_storage,signal.carrier_echo,corruption.intact
1002,feasibility_only_not_final_art,entity.synthetic,access.user,architecture.sealed,material.porcelain,eyes.fractured,interface.none,implant.none,mantle.archive_coat,background.service_tunnel,signal.intermittent,corruption.checksum_burn
1003,feasibility_only_not_final_art,entity.human,access.root,architecture.severed_halo,material.porcelain,eyes.thermal,interface.respirator,implant.signal_crown,mantle.cable_shroud,background.evidence_void,signal.locked,corruption.intact
1004,feasibility_only_not_final_art,entity.human,access.user,architecture.sealed,material.carbon,eyes.thermal,interface.forensic_plate,implant.neural_cable,mantle.archive_coat,background.anechoic_room,signal.locked,corruption.intact
1005,feasibility_only_not_final_art,entity.synthetic,access.system,architecture.suspended_core,material.biosynth,eyes.thermal,interface.none,implant.root_port,mantle.ceramic_mantle,background.evidence_void,signal.intermittent,corruption.intact
1006,feasibility_only_not_final_art,entity.human,access.user,architecture.inset,material.ceramic,eyes.thermal,interface.none,implant.none,mantle.ceramic_mantle,background.rack_shadow,signal.locked,corruption.checksum_burn
1007,feasibility_only_not_final_art,entity.hollow,access.user,architecture.sealed,material.reconstructed,eyes.void,interface.none,implant.neural_cable,mantle.cable_shroud,background.cold_storage,signal.carrier_echo,corruption.intact
1008,feasibility_only_not_final_art,entity.human,access.user,architecture.sealed,material.porcelain,eyes.thermal,interface.forensic_plate,implant.none,mantle.field_collar,background.service_tunnel,signal.locked,corruption.packet_ghosting
1009,feasibility_only_not_final_art,entity.human,access.user,architecture.sealed,material.biosynth,eyes.biometric,interface.none,implant.none,mantle.field_collar,background.evidence_void,signal.locked,corruption.intact
1010,feasibility_only_not_final_art,entity.synthetic,access.admin,architecture.double_plane,material.biosynth,eyes.thermal,interface.forensic_plate,implant.antenna,mantle.ceramic_mantle,background.relay_well,signal.silent,corruption.checksum_burn
1011,feasibility_only_not_final_art,entity.hollow,access.user,architecture.sealed,material.carbon,eyes.fractured,interface.none,implant.none,mantle.archive_coat,background.cold_storage,signal.locked,corruption.packet_ghosting
1012,feasibility_only_not_final_art,entity.synthetic,access.system,architecture.suspended_core,material.reconstructed,eyes.void,interface.forensic_plate,implant.root_port,mantle.archive_coat,background.uplink_black,signal.intermittent,corruption.intact
1013,feasibility_only_not_final_art,entity.synthetic,access.user,architecture.inset,material.biosynth,eyes.thermal,interface.none,implant.spinal_bus,mantle.field_collar,background.cold_storage,signal.locked,corruption.intact
1014,feasibility_only_not_final_art,entity.synthetic,access.user,architecture.sealed,material.carbon,eyes.thermal,interface.forensic_plate,implant.none,mantle.cable_shroud,background.rack_shadow,signal.locked,corruption.scan_shear
1015,feasibility_only_not_final_art,entity.synthetic,access.user,architecture.sealed,material.carbon,eyes.void,interface.none,implant.none,mantle.archive_coat,background.rack_shadow,signal.locked,corruption.checksum_burn
1016,feasibility_only_not_final_art,entity.hollow,access.user,architecture.inset,material.porcelain,eyes.optical_array,interface.forensic_plate,implant.neural_cable,mantle.archive_coat,background.rack_shadow,signal.locked,corruption.intact
1017,feasibility_only_not_final_art,entity.synthetic,access.system,architecture.suspended_core,material.carbon,eyes.biometric,interface.forensic_plate,implant.root_port,mantle.ceramic_mantle,background.evidence_void,signal.locked,corruption.checksum_burn
1018,feasibility_only_not_final_art,entity.hollow,access.admin,architecture.double_plane,material.carbon,eyes.void,interface.null_mask,implant.memory_spindle,mantle.cable_shroud,background.evidence_void,signal.intermittent,corruption.scan_shear
1019,feasibility_only_not_final_art,entity.hollow,access.user,architecture.sealed,material.porcelain,eyes.void,interface.neural_veil,implant.antenna,mantle.split_shell,background.evidence_void,signal.locked,corruption.intact
1020,feasibility_only_not_final_art,entity.hollow,access.user,architecture.sealed,material.porcelain,eyes.fractured,interface.none,implant.none,mantle.ceramic_mantle,background.relay_well,signal.locked,corruption.intact
1021,feasibility_only_not_final_art,entity.human,access.system,architecture.suspended_core,material.biosynth,eyes.fractured,interface.null_mask,implant.root_port,mantle.field_collar,background.evidence_void,signal.locked,corruption.intact
1022,feasibility_only_not_final_art,entity.synthetic,access.user,architecture.sealed,material.porcelain,eyes.biometric,interface.neural_veil,implant.none,mantle.cable_shroud,background.rack_shadow,signal.intermittent,corruption.intact
1023,feasibility_only_not_final_art,entity.hollow,access.user,architecture.inset,material.ceramic,eyes.optical_array,interface.forensic_plate,implant.spinal_bus,mantle.ceramic_mantle,background.rack_shadow,signal.locked,corruption.checksum_burn
1024,feasibility_only_not_final_art,entity.synthetic,access.user,architecture.inset,material.porcelain,eyes.biometric,interface.forensic_plate,implant.none,mantle.field_collar,background.evidence_void,signal.locked,corruption.packet_ghosting
1025,feasibility_only_not_final_art,entity.human,access.user,architecture.inset,material.porcelain,eyes.biometric,interface.respirator,implant.spinal_bus,mantle.cable_shroud,background.cold_storage,signal.locked,corruption.intact
1026,feasibility_only_not_final_art,entity.specter,access.user,architecture.sealed,material.reconstructed,eyes.void,interface.neural_veil,implant.none,mantle.archive_coat,background.evidence_void,signal.locked,corruption.scan_shear
1027,feasibility_only_not_final_art,entity.synthetic,access.user,architecture.sealed,material.biosynth,eyes.biometric,interface.neural_veil,implant.none,mantle.cable_shroud,background.rack_shadow,signal.locked,corruption.intact
1028,feasibility_only_not_final_art,entity.human,access.user,architecture.sealed,material.biosynth,eyes.biometric,interface.respirator,implant.neural_cable,mantle.archive_coat,background.cold_storage,signal.intermittent,corruption.intact
1029,feasibility_only_not_final_art,entity.specter,access.user,architecture.sealed,material.phase_glass,eyes.void,interface.forensic_plate,implant.neural_cable,mantle.cable_shroud,background.rack_shadow,signal.locked,corruption.intact
1030,feasibility_only_not_final_art,entity.synthetic,access.user,architecture.sealed,material.biosynth,eyes.void,interface.respirator,implant.none,mantle.field_collar,background.evidence_void,signal.intermittent,corruption.intact
1031,feasibility_only_not_final_art,entity.human,access.user,architecture.sealed,material.carbon,eyes.thermal,interface.forensic_plate,implant.none,mantle.ceramic_mantle,background.cold_storage,signal.locked,corruption.scan_shear
1032,feasibility_only_not_final_art,entity.hollow,access.admin,architecture.inset,material.porcelain,eyes.void,interface.none,implant.memory_spindle,mantle.cable_shroud,background.relay_well,signal.locked,corruption.scan_shear
1033,feasibility_only_not_final_art,entity.human,access.user,architecture.sealed,material.biosynth,eyes.void,interface.forensic_plate,implant.neural_cable,mantle.ceramic_mantle,background.relay_well,signal.carrier_echo,corruption.intact
1034,feasibility_only_not_final_art,entity.human,access.user,architecture.sealed,material.biosynth,eyes.thermal,interface.none,implant.none,mantle.archive_coat,background.evidence_void,signal.locked,corruption.checksum_burn
1035,feasibility_only_not_final_art,entity.human,access.admin,architecture.double_plane,material.porcelain,eyes.thermal,interface.respirator,implant.spinal_bus,mantle.cable_shroud,background.relay_well,signal.carrier_echo,corruption.packet_ghosting
1036,feasibility_only_not_final_art,entity.human,access.user,architecture.inset,material.biosynth,eyes.thermal,interface.respirator,implant.neural_cable,mantle.cable_shroud,background.service_tunnel,signal.locked,corruption.scan_shear
1037,feasibility_only_not_final_art,entity.human,access.user,architecture.sealed,material.ceramic,eyes.void,interface.none,implant.spinal_bus,mantle.archive_coat,background.relay_well,signal.locked,corruption.intact
1038,feasibility_only_not_final_art,entity.synthetic,access.user,architecture.sealed,material.porcelain,eyes.void,interface.none,implant.spinal_bus,mantle.archive_coat,background.relay_well,signal.silent,corruption.intact
1039,feasibility_only_not_final_art,entity.human,access.admin,architecture.inset,material.ceramic,eyes.biometric,interface.none,implant.neural_cable,mantle.archive_coat,background.evidence_void,signal.intermittent,corruption.scan_shear
1040,feasibility_only_not_final_art,entity.human,access.user,architecture.inset,material.biosynth,eyes.biometric,interface.none,implant.spinal_bus,mantle.archive_coat,background.cold_storage,signal.locked,corruption.intact
1041,feasibility_only_not_final_art,entity.synthetic,access.user,architecture.sealed,material.carbon,eyes.void,interface.respirator,implant.none,mantle.ceramic_mantle,background.rack_shadow,signal.locked,corruption.scan_shear
1042,feasibility_only_not_final_art,entity.synthetic,access.admin,architecture.double_plane,material.porcelain,eyes.fractured,interface.forensic_plate,implant.memory_spindle,mantle.cable_shroud,background.evidence_void,signal.locked,corruption.intact
1043,feasibility_only_not_final_art,entity.synthetic,access.user,architecture.inset,material.porcelain,eyes.optical_array,interface.null_mask,implant.neural_cable,mantle.field_collar,background.anechoic_room,signal.intermittent,corruption.scan_shear
1044,feasibility_only_not_final_art,entity.human,access.user,architecture.sealed,material.biosynth,eyes.biometric,interface.none,implant.none,mantle.cable_shroud,background.service_tunnel,signal.carrier_echo,corruption.checksum_burn
1045,feasibility_only_not_final_art,entity.human,access.user,architecture.sealed,material.porcelain,eyes.thermal,interface.none,implant.none,mantle.ceramic_mantle,background.service_tunnel,signal.intermittent,corruption.scan_shear
1046,feasibility_only_not_final_art,entity.human,access.user,architecture.inset,material.ceramic,eyes.void,interface.forensic_plate,implant.spinal_bus,mantle.ceramic_mantle,background.relay_well,signal.intermittent,corruption.intact
1047,feasibility_only_not_final_art,entity.human,access.user,architecture.sealed,material.biosynth,eyes.fractured,interface.none,implant.none,mantle.archive_coat,background.rack_shadow,signal.locked,corruption.intact
1048,feasibility_only_not_final_art,entity.hollow,access.user,architecture.sealed,material.carbon,eyes.void,interface.forensic_plate,implant.none,mantle.archive_coat,background.service_tunnel,signal.locked,corruption.scan_shear
1049,feasibility_only_not_final_art,entity.human,access.admin,architecture.double_plane,material.biosynth,eyes.thermal,interface.respirator,implant.none,mantle.field_collar,background.cold_storage,signal.locked,corruption.intact
1050,feasibility_only_not_final_art,entity.human,access.admin,architecture.inset,material.biosynth,eyes.biometric,interface.respirator,implant.none,mantle.cable_shroud,background.evidence_void,signal.intermittent,corruption.packet_ghosting
1051,feasibility_only_not_final_art,entity.hollow,access.system,architecture.suspended_core,material.carbon,eyes.void,interface.null_mask,implant.root_port,mantle.archive_coat,background.evidence_void,signal.locked,corruption.scan_shear
1052,feasibility_only_not_final_art,entity.specter,access.user,architecture.sealed,material.carbon,eyes.fractured,interface.neural_veil,implant.none,mantle.field_collar,background.rack_shadow,signal.carrier_echo,corruption.checksum_burn
1053,feasibility_only_not_final_art,entity.synthetic,access.user,architecture.inset,material.porcelain,eyes.thermal,interface.neural_veil,implant.neural_cable,mantle.archive_coat,background.uplink_black,signal.intermittent,corruption.scan_shear
1054,feasibility_only_not_final_art,entity.human,access.user,architecture.inset,material.biosynth,eyes.void,interface.none,implant.neural_cable,mantle.archive_coat,background.rack_shadow,signal.intermittent,corruption.intact
1055,feasibility_only_not_final_art,entity.synthetic,access.user,architecture.sealed,material.biosynth,eyes.thermal,interface.none,implant.spinal_bus,mantle.archive_coat,background.cold_storage,signal.locked,corruption.intact
1056,feasibility_only_not_final_art,entity.synthetic,access.user,architecture.sealed,material.biosynth,eyes.biometric,interface.forensic_plate,implant.none,mantle.cable_shroud,background.service_tunnel,signal.locked,corruption.intact
1057,feasibility_only_not_final_art,entity.hollow,access.user,architecture.sealed,material.carbon,eyes.void,interface.forensic_plate,implant.none,mantle.archive_coat,background.service_tunnel,signal.locked,corruption.packet_ghosting
1058,feasibility_only_not_final_art,entity.synthetic,access.user,architecture.sealed,material.biosynth,eyes.fractured,interface.neural_veil,implant.none,mantle.archive_coat,background.relay_well,signal.intermittent,corruption.intact
1059,feasibility_only_not_final_art,entity.human,access.admin,architecture.double_plane,material.biosynth,eyes.thermal,interface.none,implant.none,mantle.archive_coat,background.cold_storage,signal.carrier_echo,corruption.intact
1060,feasibility_only_not_final_art,entity.hollow,access.user,architecture.inset,material.reconstructed,eyes.optical_array,interface.forensic_plate,implant.spinal_bus,mantle.archive_coat,background.rack_shadow,signal.locked,corruption.intact
1061,feasibility_only_not_final_art,entity.human,access.user,architecture.sealed,material.biosynth,eyes.biometric,interface.forensic_plate,implant.spinal_bus,mantle.archive_coat,background.rack_shadow,signal.carrier_echo,corruption.scan_shear
1062,feasibility_only_not_final_art,entity.human,access.user,architecture.inset,material.biosynth,eyes.thermal,interface.none,implant.none,mantle.cable_shroud,background.rack_shadow,signal.locked,corruption.intact
1063,feasibility_only_not_final_art,entity.hollow,access.user,architecture.sealed,material.carbon,eyes.fractured,interface.forensic_plate,implant.antenna,mantle.cable_shroud,background.rack_shadow,signal.locked,corruption.packet_ghosting
1064,feasibility_only_not_final_art,entity.hollow,access.admin,architecture.double_plane,material.porcelain,eyes.void,interface.neural_veil,implant.none,mantle.cable_shroud,background.evidence_void,signal.carrier_echo,corruption.checksum_burn
1065,feasibility_only_not_final_art,entity.human,access.user,architecture.sealed,material.biosynth,eyes.biometric,interface.none,implant.none,mantle.ceramic_mantle,background.cold_storage,signal.intermittent,corruption.intact
1066,feasibility_only_not_final_art,entity.human,access.user,architecture.inset,material.ceramic,eyes.biometric,interface.none,implant.neural_cable,mantle.cable_shroud,background.cold_storage,signal.carrier_echo,corruption.scan_shear
1067,feasibility_only_not_final_art,entity.synthetic,access.user,architecture.sealed,material.carbon,eyes.thermal,interface.respirator,implant.neural_cable,mantle.cable_shroud,background.uplink_black,signal.locked,corruption.intact
1068,feasibility_only_not_final_art,entity.synthetic,access.admin,architecture.double_plane,material.carbon,eyes.thermal,interface.neural_veil,implant.none,mantle.ceramic_mantle,background.relay_well,signal.silent,corruption.checksum_burn
1069,feasibility_only_not_final_art,entity.synthetic,access.user,architecture.sealed,material.biosynth,eyes.thermal,interface.forensic_plate,implant.spinal_bus,mantle.field_collar,background.evidence_void,signal.intermittent,corruption.packet_ghosting
1070,feasibility_only_not_final_art,entity.hollow,access.user,architecture.sealed,material.carbon,eyes.optical_array,interface.none,implant.none,mantle.archive_coat,background.cold_storage,signal.locked,corruption.intact
1071,feasibility_only_not_final_art,entity.hollow,access.user,architecture.sealed,material.porcelain,eyes.void,interface.neural_veil,implant.none,mantle.ceramic_mantle,background.cold_storage,signal.locked,corruption.scan_shear
1072,feasibility_only_not_final_art,entity.human,access.user,architecture.sealed,material.biosynth,eyes.biometric,interface.none,implant.spinal_bus,mantle.cable_shroud,background.rack_shadow,signal.locked,corruption.intact
1073,feasibility_only_not_final_art,entity.synthetic,access.user,architecture.sealed,material.biosynth,eyes.thermal,interface.none,implant.spinal_bus,mantle.archive_coat,background.relay_well,signal.unclocked,corruption.checksum_burn
1074,feasibility_only_not_final_art,entity.human,access.admin,architecture.inset,material.porcelain,eyes.biometric,interface.none,implant.memory_spindle,mantle.ceramic_mantle,background.evidence_void,signal.intermittent,corruption.packet_ghosting
1075,feasibility_only_not_final_art,entity.human,access.user,architecture.sealed,material.porcelain,eyes.biometric,interface.forensic_plate,implant.spinal_bus,mantle.ceramic_mantle,background.service_tunnel,signal.locked,corruption.intact
1076,feasibility_only_not_final_art,entity.synthetic,access.admin,architecture.double_plane,material.porcelain,eyes.thermal,interface.forensic_plate,implant.none,mantle.ceramic_mantle,background.evidence_void,signal.locked,corruption.intact
1077,feasibility_only_not_final_art,entity.synthetic,access.system,architecture.suspended_core,material.porcelain,eyes.optical_array,interface.none,implant.root_port,mantle.cable_shroud,background.rack_shadow,signal.carrier_echo,corruption.checksum_burn
1078,feasibility_only_not_final_art,entity.synthetic,access.user,architecture.sealed,material.biosynth,eyes.biometric,interface.neural_veil,implant.spinal_bus,mantle.ceramic_mantle,background.service_tunnel,signal.locked,corruption.scan_shear
1079,feasibility_only_not_final_art,entity.human,access.user,architecture.sealed,material.biosynth,eyes.thermal,interface.none,implant.none,mantle.ceramic_mantle,background.anechoic_room,signal.locked,corruption.scan_shear
1080,feasibility_only_not_final_art,entity.human,access.user,architecture.sealed,material.biosynth,eyes.thermal,interface.respirator,implant.none,mantle.archive_coat,background.evidence_void,signal.intermittent,corruption.scan_shear
1081,feasibility_only_not_final_art,entity.hollow,access.user,architecture.inset,material.porcelain,eyes.void,interface.none,implant.spinal_bus,mantle.archive_coat,background.anechoic_room,signal.intermittent,corruption.intact
1082,feasibility_only_not_final_art,entity.human,access.user,architecture.sealed,material.biosynth,eyes.biometric,interface.forensic_plate,implant.none,mantle.field_collar,background.service_tunnel,signal.locked,corruption.packet_ghosting
1083,feasibility_only_not_final_art,entity.human,access.user,architecture.sealed,material.biosynth,eyes.thermal,interface.none,implant.antenna,mantle.archive_coat,background.evidence_void,signal.intermittent,corruption.intact
1084,feasibility_only_not_final_art,entity.human,access.user,architecture.inset,material.ceramic,eyes.biometric,interface.none,implant.antenna,mantle.ceramic_mantle,background.rack_shadow,signal.carrier_echo,corruption.scan_shear
1085,feasibility_only_not_final_art,entity.synthetic,access.admin,architecture.inset,material.biosynth,eyes.fractured,interface.neural_veil,implant.none,mantle.cable_shroud,background.cold_storage,signal.silent,corruption.intact
1086,feasibility_only_not_final_art,entity.hollow,access.user,architecture.sealed,material.carbon,eyes.void,interface.none,implant.neural_cable,mantle.ceramic_mantle,background.evidence_void,signal.locked,corruption.memory_bleed
1087,feasibility_only_not_final_art,entity.synthetic,access.user,architecture.sealed,material.carbon,eyes.optical_array,interface.forensic_plate,implant.spinal_bus,mantle.ceramic_mantle,background.service_tunnel,signal.locked,corruption.packet_ghosting
1088,feasibility_only_not_final_art,entity.human,access.user,architecture.inset,material.porcelain,eyes.void,interface.none,implant.antenna,mantle.archive_coat,background.cold_storage,signal.locked,corruption.checksum_burn
1089,feasibility_only_not_final_art,entity.human,access.user,architecture.inset,material.porcelain,eyes.void,interface.none,implant.antenna,mantle.ceramic_mantle,background.service_tunnel,signal.locked,corruption.intact
1090,feasibility_only_not_final_art,entity.synthetic,access.user,architecture.sealed,material.biosynth,eyes.biometric,interface.respirator,implant.none,mantle.archive_coat,background.evidence_void,signal.carrier_echo,corruption.checksum_burn
1091,feasibility_only_not_final_art,entity.specter,access.user,architecture.inset,material.reconstructed,eyes.void,interface.none,implant.neural_cable,mantle.unsupported_frame,background.evidence_void,signal.intermittent,corruption.intact
1092,feasibility_only_not_final_art,entity.human,access.admin,architecture.double_plane,material.biosynth,eyes.thermal,interface.none,implant.none,mantle.cable_shroud,background.anechoic_room,signal.carrier_echo,corruption.scan_shear
1093,feasibility_only_not_final_art,entity.human,access.admin,architecture.double_plane,material.biosynth,eyes.biometric,interface.none,implant.memory_spindle,mantle.cable_shroud,background.cold_storage,signal.locked,corruption.intact
1094,feasibility_only_not_final_art,entity.human,access.admin,architecture.double_plane,material.carbon,eyes.void,interface.respirator,implant.antenna,mantle.field_collar,background.evidence_void,signal.locked,corruption.intact
1095,feasibility_only_not_final_art,entity.synthetic,access.user,architecture.sealed,material.biosynth,eyes.biometric,interface.respirator,implant.none,mantle.archive_coat,background.relay_well,signal.locked,corruption.intact
1096,feasibility_only_not_final_art,entity.hollow,access.user,architecture.inset,material.porcelain,eyes.void,interface.neural_veil,implant.neural_cable,mantle.split_shell,background.evidence_void,signal.intermittent,corruption.checksum_burn
1097,feasibility_only_not_final_art,entity.human,access.user,architecture.sealed,material.biosynth,eyes.biometric,interface.forensic_plate,implant.neural_cable,mantle.cable_shroud,background.anechoic_room,signal.intermittent,corruption.intact
1098,feasibility_only_not_final_art,entity.human,access.user,architecture.sealed,material.carbon,eyes.thermal,interface.none,implant.spinal_bus,mantle.field_collar,background.cold_storage,signal.carrier_echo,corruption.scan_shear
1099,feasibility_only_not_final_art,entity.synthetic,access.user,architecture.inset,material.biosynth,eyes.biometric,interface.neural_veil,implant.neural_cable,mantle.archive_coat,background.evidence_void,signal.carrier_echo,corruption.intact
1100,feasibility_only_not_final_art,entity.human,access.admin,architecture.inset,material.carbon,eyes.thermal,interface.forensic_plate,implant.memory_spindle,mantle.field_collar,background.service_tunnel,signal.intermittent,corruption.checksum_burn
1101,feasibility_only_not_final_art,entity.human,access.user,architecture.sealed,material.ceramic,eyes.void,interface.respirator,implant.antenna,mantle.archive_coat,background.evidence_void,signal.locked,corruption.packet_ghosting
1102,feasibility_only_not_final_art,entity.human,access.user,architecture.sealed,material.porcelain,eyes.thermal,interface.forensic_plate,implant.none,mantle.ceramic_mantle,background.rack_shadow,signal.silent,corruption.scan_shear
1103,feasibility_only_not_final_art,entity.human,access.root,architecture.severed_halo,material.carbon,eyes.fractured,interface.respirator,implant.signal_crown,mantle.ceramic_mantle,background.relay_well,signal.locked,corruption.intact
1104,feasibility_only_not_final_art,entity.synthetic,access.user,architecture.sealed,material.biosynth,eyes.thermal,interface.null_mask,implant.neural_cable,mantle.archive_coat,background.cold_storage,signal.locked,corruption.intact
1105,feasibility_only_not_final_art,entity.hollow,access.user,architecture.sealed,material.ceramic,eyes.void,interface.none,implant.none,mantle.cable_shroud,background.service_tunnel,signal.locked,corruption.intact
1106,feasibility_only_not_final_art,entity.synthetic,access.user,architecture.sealed,material.reconstructed,eyes.optical_array,interface.forensic_plate,implant.neural_cable,mantle.field_collar,background.cold_storage,signal.locked,corruption.intact
1107,feasibility_only_not_final_art,entity.human,access.user,architecture.sealed,material.biosynth,eyes.thermal,interface.forensic_plate,implant.neural_cable,mantle.ceramic_mantle,background.rack_shadow,signal.silent,corruption.scan_shear
1108,feasibility_only_not_final_art,entity.human,access.user,architecture.sealed,material.carbon,eyes.fractured,interface.respirator,implant.none,mantle.field_collar,background.rack_shadow,signal.locked,corruption.intact
1109,feasibility_only_not_final_art,entity.human,access.user,architecture.sealed,material.carbon,eyes.fractured,interface.none,implant.neural_cable,mantle.split_shell,background.service_tunnel,signal.intermittent,corruption.intact
1110,feasibility_only_not_final_art,entity.synthetic,access.user,architecture.sealed,material.ceramic,eyes.thermal,interface.none,implant.none,mantle.cable_shroud,background.cold_storage,signal.carrier_echo,corruption.intact
1111,feasibility_only_not_final_art,entity.synthetic,access.user,architecture.sealed,material.ceramic,eyes.biometric,interface.neural_veil,implant.spinal_bus,mantle.cable_shroud,background.service_tunnel,signal.locked,corruption.scan_shear
1112,feasibility_only_not_final_art,entity.synthetic,access.user,architecture.sealed,material.ceramic,eyes.optical_array,interface.neural_veil,implant.spinal_bus,mantle.archive_coat,background.rack_shadow,signal.locked,corruption.intact
1113,feasibility_only_not_final_art,entity.human,access.user,architecture.sealed,material.porcelain,eyes.thermal,interface.forensic_plate,implant.neural_cable,mantle.split_shell,background.rack_shadow,signal.locked,corruption.intact
1114,feasibility_only_not_final_art,entity.synthetic,access.user,architecture.sealed,material.biosynth,eyes.biometric,interface.none,implant.neural_cable,mantle.cable_shroud,background.service_tunnel,signal.locked,corruption.scan_shear
1115,feasibility_only_not_final_art,entity.human,access.admin,architecture.inset,material.biosynth,eyes.thermal,interface.respirator,implant.none,mantle.field_collar,background.anechoic_room,signal.intermittent,corruption.intact
1116,feasibility_only_not_final_art,entity.human,access.admin,architecture.double_plane,material.carbon,eyes.void,interface.respirator,implant.none,mantle.archive_coat,background.service_tunnel,signal.silent,corruption.scan_shear
1117,feasibility_only_not_final_art,entity.synthetic,access.system,architecture.suspended_core,material.biosynth,eyes.biometric,interface.none,implant.root_port,mantle.cable_shroud,background.anechoic_room,signal.intermittent,corruption.checksum_burn
1118,feasibility_only_not_final_art,entity.human,access.system,architecture.suspended_core,material.ceramic,eyes.thermal,interface.forensic_plate,implant.root_port,mantle.ceramic_mantle,background.service_tunnel,signal.locked,corruption.checksum_burn
1119,feasibility_only_not_final_art,entity.hollow,access.admin,architecture.double_plane,material.ceramic,eyes.void,interface.none,implant.none,mantle.ceramic_mantle,background.relay_well,signal.locked,corruption.scan_shear
1120,feasibility_only_not_final_art,entity.human,access.user,architecture.sealed,material.porcelain,eyes.void,interface.none,implant.none,mantle.cable_shroud,background.cold_storage,signal.intermittent,corruption.intact
1121,feasibility_only_not_final_art,entity.synthetic,access.user,architecture.inset,material.biosynth,eyes.optical_array,interface.neural_veil,implant.neural_cable,mantle.archive_coat,background.evidence_void,signal.carrier_echo,corruption.intact
1122,feasibility_only_not_final_art,entity.human,access.user,architecture.sealed,material.biosynth,eyes.biometric,interface.respirator,implant.spinal_bus,mantle.archive_coat,background.rack_shadow,signal.intermittent,corruption.scan_shear
1123,feasibility_only_not_final_art,entity.human,access.system,architecture.suspended_core,material.porcelain,eyes.biometric,interface.none,implant.root_port,mantle.archive_coat,background.cold_storage,signal.locked,corruption.intact
1124,feasibility_only_not_final_art,entity.synthetic,access.user,architecture.sealed,material.biosynth,eyes.void,interface.none,implant.neural_cable,mantle.ceramic_mantle,background.service_tunnel,signal.intermittent,corruption.intact
1125,feasibility_only_not_final_art,entity.human,access.admin,architecture.inset,material.ceramic,eyes.biometric,interface.none,implant.antenna,mantle.archive_coat,background.cold_storage,signal.locked,corruption.scan_shear
1126,feasibility_only_not_final_art,entity.synthetic,access.admin,architecture.double_plane,material.reconstructed,eyes.biometric,interface.respirator,implant.neural_cable,mantle.field_collar,background.evidence_void,signal.locked,corruption.checksum_burn
1127,feasibility_only_not_final_art,entity.hollow,access.user,architecture.sealed,material.carbon,eyes.fractured,interface.none,implant.antenna,mantle.archive_coat,background.evidence_void,signal.intermittent,corruption.intact
1128,feasibility_only_not_final_art,entity.human,access.admin,architecture.inset,material.biosynth,eyes.thermal,interface.forensic_plate,implant.none,mantle.cable_shroud,background.cold_storage,signal.carrier_echo,corruption.intact
1129,feasibility_only_not_final_art,entity.hollow,access.admin,architecture.inset,material.porcelain,eyes.void,interface.forensic_plate,implant.spinal_bus,mantle.cable_shroud,background.evidence_void,signal.intermittent,corruption.absence
1130,feasibility_only_not_final_art,entity.human,access.user,architecture.sealed,material.porcelain,eyes.thermal,interface.respirator,implant.neural_cable,mantle.ceramic_mantle,background.uplink_black,signal.silent,corruption.intact
1131,feasibility_only_not_final_art,entity.synthetic,access.user,architecture.sealed,material.biosynth,eyes.biometric,interface.respirator,implant.none,mantle.ceramic_mantle,background.cold_storage,signal.locked,corruption.intact
1132,feasibility_only_not_final_art,entity.human,access.user,architecture.sealed,material.biosynth,eyes.biometric,interface.none,implant.none,mantle.archive_coat,background.relay_well,signal.silent,corruption.checksum_burn
1133,feasibility_only_not_final_art,entity.synthetic,access.user,architecture.inset,material.porcelain,eyes.thermal,interface.forensic_plate,implant.spinal_bus,mantle.ceramic_mantle,background.cold_storage,signal.locked,corruption.scan_shear
1134,feasibility_only_not_final_art,entity.synthetic,access.user,architecture.inset,material.porcelain,eyes.biometric,interface.neural_veil,implant.neural_cable,mantle.archive_coat,background.evidence_void,signal.locked,corruption.checksum_burn
1135,feasibility_only_not_final_art,entity.hollow,access.system,architecture.suspended_core,material.carbon,eyes.optical_array,interface.none,implant.root_port,mantle.archive_coat,background.anechoic_room,signal.locked,corruption.scan_shear
1136,feasibility_only_not_final_art,entity.hollow,access.user,architecture.sealed,material.reconstructed,eyes.void,interface.null_mask,implant.none,mantle.ceramic_mantle,background.service_tunnel,signal.locked,corruption.scan_shear
1137,feasibility_only_not_final_art,entity.synthetic,access.user,architecture.inset,material.carbon,eyes.optical_array,interface.forensic_plate,implant.neural_cable,mantle.cable_shroud,background.uplink_black,signal.locked,corruption.intact
1138,feasibility_only_not_final_art,entity.human,access.admin,architecture.inset,material.biosynth,eyes.thermal,interface.none,implant.memory_spindle,mantle.field_collar,background.evidence_void,signal.intermittent,corruption.intact
1139,feasibility_only_not_final_art,entity.human,access.admin,architecture.inset,material.porcelain,eyes.biometric,interface.none,implant.spinal_bus,mantle.field_collar,background.evidence_void,signal.locked,corruption.intact
1140,feasibility_only_not_final_art,entity.human,access.user,architecture.sealed,material.ceramic,eyes.biometric,interface.none,implant.antenna,mantle.archive_coat,background.rack_shadow,signal.carrier_echo,corruption.checksum_burn
1141,feasibility_only_not_final_art,entity.hollow,access.admin,architecture.double_plane,material.carbon,eyes.optical_array,interface.neural_veil,implant.memory_spindle,mantle.archive_coat,background.relay_well,signal.locked,corruption.intact
1142,feasibility_only_not_final_art,entity.synthetic,access.admin,architecture.double_plane,material.biosynth,eyes.fractured,interface.none,implant.none,mantle.cable_shroud,background.evidence_void,signal.intermittent,corruption.intact
1143,feasibility_only_not_final_art,entity.synthetic,access.user,architecture.sealed,material.ceramic,eyes.thermal,interface.none,implant.antenna,mantle.ceramic_mantle,background.cold_storage,signal.intermittent,corruption.intact
1144,feasibility_only_not_final_art,entity.human,access.admin,architecture.inset,material.biosynth,eyes.biometric,interface.forensic_plate,implant.none,mantle.ceramic_mantle,background.relay_well,signal.silent,corruption.scan_shear
1145,feasibility_only_not_final_art,entity.human,access.user,architecture.sealed,material.biosynth,eyes.void,interface.none,implant.none,mantle.archive_coat,background.evidence_void,signal.carrier_echo,corruption.scan_shear
1146,feasibility_only_not_final_art,entity.synthetic,access.admin,architecture.double_plane,material.porcelain,eyes.thermal,interface.null_mask,implant.antenna,mantle.field_collar,background.evidence_void,signal.locked,corruption.intact
1147,feasibility_only_not_final_art,entity.synthetic,access.user,architecture.inset,material.biosynth,eyes.biometric,interface.none,implant.spinal_bus,mantle.archive_coat,background.cold_storage,signal.locked,corruption.scan_shear
1148,feasibility_only_not_final_art,entity.synthetic,access.admin,architecture.inset,material.biosynth,eyes.fractured,interface.none,implant.neural_cable,mantle.field_collar,background.anechoic_room,signal.locked,corruption.intact
1149,feasibility_only_not_final_art,entity.synthetic,access.admin,architecture.inset,material.biosynth,eyes.biometric,interface.forensic_plate,implant.neural_cable,mantle.archive_coat,background.service_tunnel,signal.locked,corruption.intact
1150,feasibility_only_not_final_art,entity.human,access.admin,architecture.double_plane,material.biosynth,eyes.thermal,interface.respirator,implant.none,mantle.archive_coat,background.rack_shadow,signal.intermittent,corruption.intact
1151,feasibility_only_not_final_art,entity.synthetic,access.admin,architecture.double_plane,material.ceramic,eyes.optical_array,interface.forensic_plate,implant.none,mantle.archive_coat,background.cold_storage,signal.carrier_echo,corruption.packet_ghosting
1152,feasibility_only_not_final_art,entity.synthetic,access.user,architecture.sealed,material.porcelain,eyes.void,interface.respirator,implant.none,mantle.ceramic_mantle,background.evidence_void,signal.locked,corruption.scan_shear
1153,feasibility_only_not_final_art,entity.synthetic,access.user,architecture.sealed,material.carbon,eyes.optical_array,interface.none,implant.neural_cable,mantle.archive_coat,background.evidence_void,signal.locked,corruption.packet_ghosting
1154,feasibility_only_not_final_art,entity.hollow,access.user,architecture.sealed,material.carbon,eyes.void,interface.none,implant.spinal_bus,mantle.cable_shroud,background.evidence_void,signal.locked,corruption.intact
1155,feasibility_only_not_final_art,entity.synthetic,access.user,architecture.inset,material.reconstructed,eyes.biometric,interface.respirator,implant.none,mantle.split_shell,background.rack_shadow,signal.locked,corruption.intact
1156,feasibility_only_not_final_art,entity.human,access.user,architecture.sealed,material.carbon,eyes.biometric,interface.forensic_plate,implant.antenna,mantle.ceramic_mantle,background.rack_shadow,signal.carrier_echo,corruption.intact
1157,feasibility_only_not_final_art,entity.hollow,access.user,architecture.inset,material.ceramic,eyes.optical_array,interface.none,implant.spinal_bus,mantle.archive_coat,background.service_tunnel,signal.carrier_echo,corruption.intact
1158,feasibility_only_not_final_art,entity.synthetic,access.user,architecture.sealed,material.carbon,eyes.fractured,interface.respirator,implant.neural_cable,mantle.archive_coat,background.evidence_void,signal.intermittent,corruption.intact
1159,feasibility_only_not_final_art,entity.human,access.admin,architecture.double_plane,material.reconstructed,eyes.thermal,interface.none,implant.none,mantle.field_collar,background.evidence_void,signal.intermittent,corruption.checksum_burn
1160,feasibility_only_not_final_art,entity.human,access.user,architecture.inset,material.biosynth,eyes.biometric,interface.forensic_plate,implant.none,mantle.archive_coat,background.evidence_void,signal.intermittent,corruption.packet_ghosting
1161,feasibility_only_not_final_art,entity.synthetic,access.user,architecture.inset,material.biosynth,eyes.biometric,interface.null_mask,implant.antenna,mantle.ceramic_mantle,background.evidence_void,signal.silent,corruption.intact
1162,feasibility_only_not_final_art,entity.synthetic,access.admin,architecture.inset,material.biosynth,eyes.optical_array,interface.forensic_plate,implant.spinal_bus,mantle.cable_shroud,background.cold_storage,signal.locked,corruption.checksum_burn
1163,feasibility_only_not_final_art,entity.hollow,access.user,architecture.sealed,material.carbon,eyes.void,interface.forensic_plate,implant.none,mantle.cable_shroud,background.evidence_void,signal.locked,corruption.intact
1164,feasibility_only_not_final_art,entity.human,access.user,architecture.sealed,material.porcelain,eyes.thermal,interface.none,implant.none,mantle.ceramic_mantle,background.anechoic_room,signal.locked,corruption.intact
1165,feasibility_only_not_final_art,entity.synthetic,access.admin,architecture.double_plane,material.porcelain,eyes.biometric,interface.neural_veil,implant.none,mantle.field_collar,background.evidence_void,signal.intermittent,corruption.intact
1166,feasibility_only_not_final_art,entity.human,access.user,architecture.inset,material.carbon,eyes.biometric,interface.respirator,implant.neural_cable,mantle.cable_shroud,background.evidence_void,signal.locked,corruption.intact
1167,feasibility_only_not_final_art,entity.synthetic,access.user,architecture.inset,material.carbon,eyes.biometric,interface.none,implant.neural_cable,mantle.field_collar,background.relay_well,signal.carrier_echo,corruption.checksum_burn
1168,feasibility_only_not_final_art,entity.synthetic,access.user,architecture.sealed,material.carbon,eyes.thermal,interface.null_mask,implant.neural_cable,mantle.split_shell,background.anechoic_room,signal.intermittent,corruption.intact
1169,feasibility_only_not_final_art,entity.human,access.system,architecture.suspended_core,material.biosynth,eyes.void,interface.none,implant.root_port,mantle.archive_coat,background.rack_shadow,signal.intermittent,corruption.intact
1170,feasibility_only_not_final_art,entity.synthetic,access.user,architecture.inset,material.biosynth,eyes.biometric,interface.neural_veil,implant.neural_cable,mantle.ceramic_mantle,background.rack_shadow,signal.carrier_echo,corruption.checksum_burn
1171,feasibility_only_not_final_art,entity.synthetic,access.system,architecture.suspended_core,material.ceramic,eyes.biometric,interface.none,implant.root_port,mantle.field_collar,background.rack_shadow,signal.locked,corruption.packet_ghosting
1172,feasibility_only_not_final_art,entity.human,access.admin,architecture.double_plane,material.biosynth,eyes.fractured,interface.none,implant.spinal_bus,mantle.cable_shroud,background.cold_storage,signal.locked,corruption.intact
1173,feasibility_only_not_final_art,entity.hollow,access.user,architecture.sealed,material.porcelain,eyes.void,interface.none,implant.spinal_bus,mantle.split_shell,background.service_tunnel,signal.locked,corruption.checksum_burn
1174,feasibility_only_not_final_art,entity.synthetic,access.user,architecture.sealed,material.biosynth,eyes.biometric,interface.neural_veil,implant.none,mantle.ceramic_mantle,background.evidence_void,signal.locked,corruption.intact
1175,feasibility_only_not_final_art,entity.hollow,access.admin,architecture.double_plane,material.porcelain,eyes.optical_array,interface.none,implant.neural_cable,mantle.cable_shroud,background.cold_storage,signal.carrier_echo,corruption.scan_shear
1176,feasibility_only_not_final_art,entity.hollow,access.admin,architecture.double_plane,material.carbon,eyes.void,interface.none,implant.spinal_bus,mantle.ceramic_mantle,background.service_tunnel,signal.locked,corruption.intact
1177,feasibility_only_not_final_art,entity.human,access.admin,architecture.double_plane,material.biosynth,eyes.thermal,interface.none,implant.neural_cable,mantle.cable_shroud,background.cold_storage,signal.locked,corruption.intact
1178,feasibility_only_not_final_art,entity.synthetic,access.user,architecture.sealed,material.ceramic,eyes.biometric,interface.none,implant.neural_cable,mantle.archive_coat,background.service_tunnel,signal.intermittent,corruption.intact
1179,feasibility_only_not_final_art,entity.synthetic,access.admin,architecture.double_plane,material.porcelain,eyes.void,interface.neural_veil,implant.spinal_bus,mantle.archive_coat,background.cold_storage,signal.intermittent,corruption.checksum_burn
1180,feasibility_only_not_final_art,entity.hollow,access.user,architecture.sealed,material.carbon,eyes.void,interface.null_mask,implant.neural_cable,mantle.ceramic_mantle,background.rack_shadow,signal.locked,corruption.packet_ghosting
1181,feasibility_only_not_final_art,entity.synthetic,access.user,architecture.sealed,material.carbon,eyes.biometric,interface.respirator,implant.neural_cable,mantle.ceramic_mantle,background.evidence_void,signal.intermittent,corruption.scan_shear
1182,feasibility_only_not_final_art,entity.synthetic,access.admin,architecture.inset,material.biosynth,eyes.void,interface.none,implant.none,mantle.cable_shroud,background.rack_shadow,signal.locked,corruption.scan_shear
1183,feasibility_only_not_final_art,entity.specter,access.user,architecture.inset,material.reconstructed,eyes.void,interface.none,implant.none,mantle.archive_coat,background.evidence_void,signal.carrier_echo,corruption.checksum_burn
1184,feasibility_only_not_final_art,entity.hollow,access.user,architecture.sealed,material.carbon,eyes.fractured,interface.neural_veil,implant.spinal_bus,mantle.cable_shroud,background.cold_storage,signal.locked,corruption.intact
1185,feasibility_only_not_final_art,entity.hollow,access.user,architecture.sealed,material.carbon,eyes.fractured,interface.none,implant.none,mantle.ceramic_mantle,background.cold_storage,signal.intermittent,corruption.intact
1186,feasibility_only_not_final_art,entity.human,access.user,architecture.sealed,material.carbon,eyes.biometric,interface.respirator,implant.neural_cable,mantle.ceramic_mantle,background.cold_storage,signal.locked,corruption.intact
1187,feasibility_only_not_final_art,entity.synthetic,access.user,architecture.inset,material.ceramic,eyes.void,interface.forensic_plate,implant.antenna,mantle.cable_shroud,background.evidence_void,signal.locked,corruption.packet_ghosting
1188,feasibility_only_not_final_art,entity.human,access.user,architecture.inset,material.biosynth,eyes.thermal,interface.none,implant.antenna,mantle.split_shell,background.evidence_void,signal.intermittent,corruption.intact
1189,feasibility_only_not_final_art,entity.human,access.user,architecture.inset,material.carbon,eyes.thermal,interface.none,implant.antenna,mantle.archive_coat,background.evidence_void,signal.locked,corruption.scan_shear
1190,feasibility_only_not_final_art,entity.human,access.user,architecture.sealed,material.ceramic,eyes.thermal,interface.none,implant.none,mantle.archive_coat,background.cold_storage,signal.intermittent,corruption.intact
1191,feasibility_only_not_final_art,entity.human,access.user,architecture.sealed,material.biosynth,eyes.biometric,interface.respirator,implant.none,mantle.cable_shroud,background.rack_shadow,signal.locked,corruption.intact
1192,feasibility_only_not_final_art,entity.hollow,access.admin,architecture.inset,material.reconstructed,eyes.fractured,interface.forensic_plate,implant.spinal_bus,mantle.split_shell,background.cold_storage,signal.locked,corruption.packet_ghosting
1193,feasibility_only_not_final_art,entity.synthetic,access.user,architecture.sealed,material.biosynth,eyes.thermal,interface.none,implant.none,mantle.split_shell,background.rack_shadow,signal.intermittent,corruption.scan_shear
1194,feasibility_only_not_final_art,entity.human,access.user,architecture.sealed,material.biosynth,eyes.fractured,interface.null_mask,implant.none,mantle.archive_coat,background.service_tunnel,signal.intermittent,corruption.intact
1195,feasibility_only_not_final_art,entity.specter,access.user,architecture.inset,material.reconstructed,eyes.signal_burn,interface.neural_veil,implant.none,mantle.unsupported_frame,background.cold_storage,signal.locked,corruption.packet_ghosting
1196,feasibility_only_not_final_art,entity.hollow,access.user,architecture.sealed,material.porcelain,eyes.optical_array,interface.none,implant.spinal_bus,mantle.cable_shroud,background.rack_shadow,signal.locked,corruption.scan_shear
1197,feasibility_only_not_final_art,entity.synthetic,access.user,architecture.sealed,material.carbon,eyes.thermal,interface.neural_veil,implant.antenna,mantle.ceramic_mantle,background.rack_shadow,signal.locked,corruption.scan_shear
1198,feasibility_only_not_final_art,entity.synthetic,access.user,architecture.sealed,material.biosynth,eyes.optical_array,interface.neural_veil,implant.none,mantle.ceramic_mantle,background.relay_well,signal.locked,corruption.intact
1199,feasibility_only_not_final_art,entity.hollow,access.admin,architecture.double_plane,material.porcelain,eyes.void,interface.neural_veil,implant.none,mantle.cable_shroud,background.cold_storage,signal.intermittent,corruption.scan_shear
1200,feasibility_only_not_final_art,entity.synthetic,access.user,architecture.sealed,material.carbon,eyes.biometric,interface.forensic_plate,implant.neural_cable,mantle.field_collar,background.evidence_void,signal.carrier_echo,corruption.intact
1201,feasibility_only_not_final_art,entity.synthetic,access.user,architecture.sealed,material.porcelain,eyes.biometric,interface.none,implant.none,mantle.ceramic_mantle,background.evidence_void,signal.locked,corruption.intact
1202,feasibility_only_not_final_art,entity.human,access.user,architecture.sealed,material.porcelain,eyes.thermal,interface.respirator,implant.none,mantle.archive_coat,background.cold_storage,signal.locked,corruption.intact
1203,feasibility_only_not_final_art,entity.synthetic,access.root,architecture.severed_halo,material.carbon,eyes.void,interface.none,implant.signal_crown,mantle.archive_coat,background.evidence_void,signal.carrier_echo,corruption.checksum_burn
1204,feasibility_only_not_final_art,entity.human,access.user,architecture.sealed,material.biosynth,eyes.thermal,interface.none,implant.neural_cable,mantle.field_collar,background.evidence_void,signal.intermittent,corruption.intact
1205,feasibility_only_not_final_art,entity.human,access.user,architecture.sealed,material.biosynth,eyes.thermal,interface.respirator,implant.antenna,mantle.ceramic_mantle,background.evidence_void,signal.carrier_echo,corruption.intact
1206,feasibility_only_not_final_art,entity.synthetic,access.user,architecture.sealed,material.biosynth,eyes.biometric,interface.forensic_plate,implant.antenna,mantle.field_collar,background.evidence_void,signal.carrier_echo,corruption.intact
1207,feasibility_only_not_final_art,entity.human,access.user,architecture.sealed,material.ceramic,eyes.thermal,interface.forensic_plate,implant.none,mantle.ceramic_mantle,background.evidence_void,signal.silent,corruption.scan_shear
1208,feasibility_only_not_final_art,entity.hollow,access.user,architecture.sealed,material.ceramic,eyes.void,interface.forensic_plate,implant.none,mantle.field_collar,background.relay_well,signal.carrier_echo,corruption.intact
1209,feasibility_only_not_final_art,entity.specter,access.system,architecture.suspended_core,material.reconstructed,eyes.fractured,interface.forensic_plate,implant.root_port,mantle.archive_coat,background.evidence_void,signal.carrier_echo,corruption.intact
1210,feasibility_only_not_final_art,entity.hollow,access.user,architecture.sealed,material.carbon,eyes.void,interface.none,implant.neural_cable,mantle.archive_coat,background.evidence_void,signal.locked,corruption.intact
1211,feasibility_only_not_final_art,entity.hollow,access.admin,architecture.double_plane,material.porcelain,eyes.void,interface.none,implant.neural_cable,mantle.archive_coat,background.rack_shadow,signal.carrier_echo,corruption.intact
1212,feasibility_only_not_final_art,entity.synthetic,access.user,architecture.inset,material.biosynth,eyes.fractured,interface.forensic_plate,implant.none,mantle.archive_coat,background.evidence_void,signal.intermittent,corruption.checksum_burn
1213,feasibility_only_not_final_art,entity.synthetic,access.user,architecture.sealed,material.porcelain,eyes.optical_array,interface.respirator,implant.none,mantle.cable_shroud,background.relay_well,signal.unclocked,corruption.intact
1214,feasibility_only_not_final_art,entity.hollow,access.user,architecture.sealed,material.porcelain,eyes.fractured,interface.none,implant.spinal_bus,mantle.cable_shroud,background.anechoic_room,signal.locked,corruption.intact
1215,feasibility_only_not_final_art,entity.synthetic,access.user,architecture.sealed,material.carbon,eyes.biometric,interface.respirator,implant.neural_cable,mantle.archive_coat,background.cold_storage,signal.locked,corruption.scan_shear
1216,feasibility_only_not_final_art,entity.human,access.user,architecture.inset,material.carbon,eyes.thermal,interface.forensic_plate,implant.neural_cable,mantle.cable_shroud,background.evidence_void,signal.locked,corruption.scan_shear
1217,feasibility_only_not_final_art,entity.synthetic,access.user,architecture.sealed,material.biosynth,eyes.fractured,interface.none,implant.none,mantle.cable_shroud,background.cold_storage,signal.intermittent,corruption.intact
1218,feasibility_only_not_final_art,entity.synthetic,access.user,architecture.inset,material.ceramic,eyes.thermal,interface.respirator,implant.antenna,mantle.field_collar,background.anechoic_room,signal.locked,corruption.intact
1219,feasibility_only_not_final_art,entity.synthetic,access.admin,architecture.double_plane,material.carbon,eyes.thermal,interface.respirator,implant.none,mantle.ceramic_mantle,background.rack_shadow,signal.carrier_echo,corruption.scan_shear
1220,feasibility_only_not_final_art,entity.synthetic,access.user,architecture.sealed,material.carbon,eyes.biometric,interface.respirator,implant.neural_cable,mantle.field_collar,background.rack_shadow,signal.intermittent,corruption.scan_shear
1221,feasibility_only_not_final_art,entity.human,access.user,architecture.sealed,material.biosynth,eyes.biometric,interface.none,implant.neural_cable,mantle.ceramic_mantle,background.evidence_void,signal.silent,corruption.scan_shear
1222,feasibility_only_not_final_art,entity.synthetic,access.user,architecture.sealed,material.biosynth,eyes.biometric,interface.neural_veil,implant.spinal_bus,mantle.archive_coat,background.cold_storage,signal.locked,corruption.scan_shear
1223,feasibility_only_not_final_art,entity.human,access.user,architecture.sealed,material.ceramic,eyes.biometric,interface.none,implant.spinal_bus,mantle.split_shell,background.relay_well,signal.locked,corruption.scan_shear
1224,feasibility_only_not_final_art,entity.human,access.admin,architecture.inset,material.biosynth,eyes.fractured,interface.none,implant.none,mantle.archive_coat,background.cold_storage,signal.locked,corruption.checksum_burn
1225,feasibility_only_not_final_art,entity.human,access.user,architecture.sealed,material.biosynth,eyes.thermal,interface.none,implant.neural_cable,mantle.archive_coat,background.relay_well,signal.intermittent,corruption.intact
1226,feasibility_only_not_final_art,entity.hollow,access.user,architecture.sealed,material.carbon,eyes.void,interface.none,implant.none,mantle.cable_shroud,background.cold_storage,signal.intermittent,corruption.packet_ghosting
1227,feasibility_only_not_final_art,entity.synthetic,access.user,architecture.sealed,material.porcelain,eyes.thermal,interface.null_mask,implant.neural_cable,mantle.field_collar,background.evidence_void,signal.intermittent,corruption.scan_shear
1228,feasibility_only_not_final_art,entity.synthetic,access.user,architecture.sealed,material.porcelain,eyes.biometric,interface.forensic_plate,implant.none,mantle.ceramic_mantle,background.cold_storage,signal.intermittent,corruption.intact
1229,feasibility_only_not_final_art,entity.synthetic,access.user,architecture.sealed,material.reconstructed,eyes.biometric,interface.respirator,implant.spinal_bus,mantle.archive_coat,background.rack_shadow,signal.locked,corruption.intact
1230,feasibility_only_not_final_art,entity.specter,access.user,architecture.sealed,material.carbon,eyes.signal_burn,interface.neural_veil,implant.spinal_bus,mantle.archive_coat,background.cold_storage,signal.locked,corruption.scan_shear
1231,feasibility_only_not_final_art,entity.human,access.user,architecture.sealed,material.biosynth,eyes.thermal,interface.forensic_plate,implant.neural_cable,mantle.archive_coat,background.rack_shadow,signal.intermittent,corruption.intact
1232,feasibility_only_not_final_art,entity.synthetic,access.user,architecture.sealed,material.biosynth,eyes.void,interface.none,implant.spinal_bus,mantle.archive_coat,background.service_tunnel,signal.locked,corruption.scan_shear
1233,feasibility_only_not_final_art,entity.human,access.user,architecture.sealed,material.carbon,eyes.biometric,interface.respirator,implant.none,mantle.ceramic_mantle,background.evidence_void,signal.locked,corruption.scan_shear
1234,feasibility_only_not_final_art,entity.human,access.user,architecture.sealed,material.carbon,eyes.thermal,interface.respirator,implant.none,mantle.archive_coat,background.service_tunnel,signal.locked,corruption.scan_shear
1235,feasibility_only_not_final_art,entity.synthetic,access.user,architecture.sealed,material.biosynth,eyes.void,interface.null_mask,implant.none,mantle.ceramic_mantle,background.relay_well,signal.carrier_echo,corruption.scan_shear
1236,feasibility_only_not_final_art,entity.hollow,access.admin,architecture.double_plane,material.porcelain,eyes.void,interface.neural_veil,implant.none,mantle.archive_coat,background.cold_storage,signal.carrier_echo,corruption.scan_shear
1237,feasibility_only_not_final_art,entity.human,access.admin,architecture.inset,material.biosynth,eyes.biometric,interface.respirator,implant.none,mantle.split_shell,background.evidence_void,signal.carrier_echo,corruption.scan_shear
1238,feasibility_only_not_final_art,entity.synthetic,access.user,architecture.sealed,material.carbon,eyes.thermal,interface.none,implant.spinal_bus,mantle.ceramic_mantle,background.relay_well,signal.intermittent,corruption.intact
1239,feasibility_only_not_final_art,entity.human,access.admin,architecture.double_plane,material.porcelain,eyes.biometric,interface.respirator,implant.antenna,mantle.archive_coat,background.cold_storage,signal.intermittent,corruption.scan_shear
1240,feasibility_only_not_final_art,entity.human,access.admin,architecture.double_plane,material.biosynth,eyes.thermal,interface.respirator,implant.neural_cable,mantle.ceramic_mantle,background.evidence_void,signal.locked,corruption.scan_shear
1241,feasibility_only_not_final_art,entity.synthetic,access.user,architecture.sealed,material.biosynth,eyes.biometric,interface.respirator,implant.antenna,mantle.archive_coat,background.cold_storage,signal.intermittent,corruption.intact
1242,feasibility_only_not_final_art,entity.synthetic,access.user,architecture.sealed,material.carbon,eyes.thermal,interface.neural_veil,implant.spinal_bus,mantle.field_collar,background.anechoic_room,signal.intermittent,corruption.intact
1243,feasibility_only_not_final_art,entity.hollow,access.system,architecture.suspended_core,material.porcelain,eyes.fractured,interface.forensic_plate,implant.root_port,mantle.field_collar,background.evidence_void,signal.carrier_echo,corruption.memory_bleed
1244,feasibility_only_not_final_art,entity.human,access.admin,architecture.double_plane,material.carbon,eyes.thermal,interface.none,implant.spinal_bus,mantle.split_shell,background.evidence_void,signal.intermittent,corruption.intact
1245,feasibility_only_not_final_art,entity.hollow,access.user,architecture.sealed,material.ceramic,eyes.void,interface.neural_veil,implant.none,mantle.ceramic_mantle,background.evidence_void,signal.intermittent,corruption.scan_shear
1246,feasibility_only_not_final_art,entity.human,access.admin,architecture.inset,material.ceramic,eyes.biometric,interface.respirator,implant.spinal_bus,mantle.archive_coat,background.cold_storage,signal.locked,corruption.scan_shear
1247,feasibility_only_not_final_art,entity.hollow,access.system,architecture.suspended_core,material.ceramic,eyes.optical_array,interface.neural_veil,implant.root_port,mantle.split_shell,background.evidence_void,signal.locked,corruption.intact
1248,feasibility_only_not_final_art,entity.synthetic,access.user,architecture.inset,material.carbon,eyes.biometric,interface.neural_veil,implant.spinal_bus,mantle.field_collar,background.rack_shadow,signal.locked,corruption.checksum_burn
1249,feasibility_only_not_final_art,entity.specter,access.user,architecture.sealed,material.carbon,eyes.signal_burn,interface.neural_veil,implant.none,mantle.field_collar,background.relay_well,signal.intermittent,corruption.scan_shear
1250,feasibility_only_not_final_art,entity.hollow,access.user,architecture.sealed,material.ceramic,eyes.optical_array,interface.none,implant.none,mantle.cable_shroud,background.anechoic_room,signal.silent,corruption.intact
1251,feasibility_only_not_final_art,entity.human,access.admin,architecture.double_plane,material.biosynth,eyes.thermal,interface.respirator,implant.spinal_bus,mantle.ceramic_mantle,background.relay_well,signal.locked,corruption.intact
1252,feasibility_only_not_final_art,entity.human,access.admin,architecture.double_plane,material.porcelain,eyes.biometric,interface.none,implant.none,mantle.cable_shroud,background.anechoic_room,signal.intermittent,corruption.packet_ghosting
1253,feasibility_only_not_final_art,entity.synthetic,access.user,architecture.inset,material.biosynth,eyes.biometric,interface.neural_veil,implant.antenna,mantle.ceramic_mantle,background.evidence_void,signal.intermittent,corruption.checksum_burn
1254,feasibility_only_not_final_art,entity.synthetic,access.user,architecture.sealed,material.biosynth,eyes.biometric,interface.neural_veil,implant.neural_cable,mantle.archive_coat,background.evidence_void,signal.locked,corruption.memory_bleed
1255,feasibility_only_not_final_art,entity.human,access.user,architecture.sealed,material.porcelain,eyes.thermal,interface.none,implant.spinal_bus,mantle.field_collar,background.evidence_void,signal.locked,corruption.packet_ghosting
1256,feasibility_only_not_final_art,entity.hollow,access.user,architecture.sealed,material.porcelain,eyes.void,interface.none,implant.none,mantle.field_collar,background.cold_storage,signal.carrier_echo,corruption.intact
1257,feasibility_only_not_final_art,entity.synthetic,access.admin,architecture.double_plane,material.biosynth,eyes.optical_array,interface.forensic_plate,implant.none,mantle.field_collar,background.evidence_void,signal.carrier_echo,corruption.scan_shear
1258,feasibility_only_not_final_art,entity.synthetic,access.admin,architecture.double_plane,material.ceramic,eyes.fractured,interface.none,implant.neural_cable,mantle.archive_coat,background.uplink_black,signal.carrier_echo,corruption.intact
1259,feasibility_only_not_final_art,entity.hollow,access.user,architecture.sealed,material.carbon,eyes.fractured,interface.forensic_plate,implant.spinal_bus,mantle.split_shell,background.relay_well,signal.carrier_echo,corruption.intact
1260,feasibility_only_not_final_art,entity.specter,access.user,architecture.inset,material.phase_glass,eyes.fractured,interface.none,implant.neural_cable,mantle.field_collar,background.evidence_void,signal.locked,corruption.intact
1261,feasibility_only_not_final_art,entity.human,access.admin,architecture.double_plane,material.carbon,eyes.biometric,interface.none,implant.none,mantle.cable_shroud,background.evidence_void,signal.intermittent,corruption.scan_shear
1262,feasibility_only_not_final_art,entity.human,access.user,architecture.sealed,material.biosynth,eyes.thermal,interface.none,implant.spinal_bus,mantle.ceramic_mantle,background.evidence_void,signal.locked,corruption.scan_shear
1263,feasibility_only_not_final_art,entity.human,access.user,architecture.inset,material.biosynth,eyes.biometric,interface.forensic_plate,implant.neural_cable,mantle.field_collar,background.rack_shadow,signal.locked,corruption.scan_shear
1264,feasibility_only_not_final_art,entity.human,access.system,architecture.suspended_core,material.biosynth,eyes.biometric,interface.none,implant.root_port,mantle.field_collar,background.evidence_void,signal.intermittent,corruption.scan_shear
1265,feasibility_only_not_final_art,entity.human,access.user,architecture.sealed,material.biosynth,eyes.thermal,interface.forensic_plate,implant.antenna,mantle.field_collar,background.rack_shadow,signal.carrier_echo,corruption.scan_shear
1266,feasibility_only_not_final_art,entity.hollow,access.user,architecture.sealed,material.porcelain,eyes.fractured,interface.forensic_plate,implant.spinal_bus,mantle.field_collar,background.rack_shadow,signal.carrier_echo,corruption.checksum_burn
1267,feasibility_only_not_final_art,entity.synthetic,access.user,architecture.sealed,material.biosynth,eyes.optical_array,interface.none,implant.none,mantle.archive_coat,background.relay_well,signal.locked,corruption.intact
1268,feasibility_only_not_final_art,entity.human,access.user,architecture.sealed,material.porcelain,eyes.biometric,interface.null_mask,implant.none,mantle.split_shell,background.relay_well,signal.intermittent,corruption.intact
1269,feasibility_only_not_final_art,entity.synthetic,access.admin,architecture.double_plane,material.biosynth,eyes.thermal,interface.none,implant.spinal_bus,mantle.archive_coat,background.relay_well,signal.carrier_echo,corruption.intact
1270,feasibility_only_not_final_art,entity.synthetic,access.user,architecture.inset,material.biosynth,eyes.biometric,interface.forensic_plate,implant.none,mantle.archive_coat,background.service_tunnel,signal.intermittent,corruption.scan_shear
1271,feasibility_only_not_final_art,entity.synthetic,access.user,architecture.sealed,material.porcelain,eyes.biometric,interface.none,implant.none,mantle.cable_shroud,background.evidence_void,signal.locked,corruption.intact
1272,feasibility_only_not_final_art,entity.hollow,access.user,architecture.sealed,material.ceramic,eyes.void,interface.neural_veil,implant.neural_cable,mantle.archive_coat,background.evidence_void,signal.carrier_echo,corruption.intact
1273,feasibility_only_not_final_art,entity.hollow,access.system,architecture.suspended_core,material.carbon,eyes.void,interface.none,implant.root_port,mantle.archive_coat,background.evidence_void,signal.carrier_echo,corruption.checksum_burn
1274,feasibility_only_not_final_art,entity.synthetic,access.admin,architecture.inset,material.porcelain,eyes.thermal,interface.forensic_plate,implant.antenna,mantle.field_collar,background.cold_storage,signal.intermittent,corruption.scan_shear
1275,feasibility_only_not_final_art,entity.synthetic,access.user,architecture.inset,material.porcelain,eyes.thermal,interface.neural_veil,implant.neural_cable,mantle.archive_coat,background.relay_well,signal.locked,corruption.intact
1276,feasibility_only_not_final_art,entity.hollow,access.user,architecture.sealed,material.porcelain,eyes.optical_array,interface.none,implant.spinal_bus,mantle.ceramic_mantle,background.evidence_void,signal.locked,corruption.absence
1277,feasibility_only_not_final_art,entity.synthetic,access.admin,architecture.inset,material.ceramic,eyes.thermal,interface.null_mask,implant.memory_spindle,mantle.ceramic_mantle,background.evidence_void,signal.locked,corruption.checksum_burn
1278,feasibility_only_not_final_art,entity.human,access.admin,architecture.inset,material.porcelain,eyes.biometric,interface.null_mask,implant.none,mantle.cable_shroud,background.service_tunnel,signal.locked,corruption.intact
1279,feasibility_only_not_final_art,entity.human,access.user,architecture.sealed,material.biosynth,eyes.biometric,interface.forensic_plate,implant.antenna,mantle.field_collar,background.anechoic_room,signal.intermittent,corruption.intact
1280,feasibility_only_not_final_art,entity.specter,access.user,architecture.sealed,material.reconstructed,eyes.fractured,interface.skeletal_interface,implant.none,mantle.cable_shroud,background.anechoic_room,signal.intermittent,corruption.intact
1281,feasibility_only_not_final_art,entity.specter,access.user,architecture.inset,material.carbon,eyes.void,interface.neural_veil,implant.neural_cable,mantle.ceramic_mantle,background.evidence_void,signal.carrier_echo,corruption.intact
1282,feasibility_only_not_final_art,entity.hollow,access.user,architecture.inset,material.ceramic,eyes.void,interface.forensic_plate,implant.antenna,mantle.ceramic_mantle,background.rack_shadow,signal.intermittent,corruption.intact
1283,feasibility_only_not_final_art,entity.hollow,access.user,architecture.sealed,material.carbon,eyes.void,interface.skeletal_interface,implant.none,mantle.cable_shroud,background.anechoic_room,signal.intermittent,corruption.intact
1284,feasibility_only_not_final_art,entity.specter,access.user,architecture.sealed,material.phase_glass,eyes.fractured,interface.null_mask,implant.antenna,mantle.cable_shroud,background.rack_shadow,signal.intermittent,corruption.intact
1285,feasibility_only_not_final_art,entity.synthetic,access.admin,architecture.double_plane,material.biosynth,eyes.optical_array,interface.forensic_plate,implant.none,mantle.archive_coat,background.cold_storage,signal.locked,corruption.memory_bleed
1286,feasibility_only_not_final_art,entity.human,access.system,architecture.suspended_core,material.porcelain,eyes.biometric,interface.respirator,implant.root_port,mantle.archive_coat,background.relay_well,signal.intermittent,corruption.scan_shear
1287,feasibility_only_not_final_art,entity.hollow,access.user,architecture.sealed,material.porcelain,eyes.optical_array,interface.neural_veil,implant.neural_cable,mantle.split_shell,background.relay_well,signal.locked,corruption.intact
1288,feasibility_only_not_final_art,entity.synthetic,access.user,architecture.sealed,material.porcelain,eyes.thermal,interface.respirator,implant.none,mantle.field_collar,background.rack_shadow,signal.locked,corruption.scan_shear
1289,feasibility_only_not_final_art,entity.human,access.user,architecture.sealed,material.biosynth,eyes.biometric,interface.none,implant.none,mantle.archive_coat,background.relay_well,signal.locked,corruption.checksum_burn
1290,feasibility_only_not_final_art,entity.human,access.user,architecture.inset,material.biosynth,eyes.biometric,interface.null_mask,implant.antenna,mantle.field_collar,background.cold_storage,signal.locked,corruption.intact
1291,feasibility_only_not_final_art,entity.human,access.user,architecture.sealed,material.ceramic,eyes.thermal,interface.null_mask,implant.none,mantle.archive_coat,background.cold_storage,signal.locked,corruption.scan_shear
1292,feasibility_only_not_final_art,entity.hollow,access.admin,architecture.inset,material.porcelain,eyes.optical_array,interface.forensic_plate,implant.spinal_bus,mantle.ceramic_mantle,background.cold_storage,signal.locked,corruption.scan_shear
1293,feasibility_only_not_final_art,entity.human,access.user,architecture.sealed,material.reconstructed,eyes.thermal,interface.none,implant.none,mantle.ceramic_mantle,background.anechoic_room,signal.locked,corruption.packet_ghosting
1294,feasibility_only_not_final_art,entity.synthetic,access.admin,architecture.double_plane,material.biosynth,eyes.thermal,interface.neural_veil,implant.spinal_bus,mantle.ceramic_mantle,background.relay_well,signal.intermittent,corruption.intact
1295,feasibility_only_not_final_art,entity.synthetic,access.user,architecture.inset,material.ceramic,eyes.thermal,interface.forensic_plate,implant.antenna,mantle.cable_shroud,background.rack_shadow,signal.intermittent,corruption.intact
1296,feasibility_only_not_final_art,entity.human,access.user,architecture.inset,material.porcelain,eyes.biometric,interface.none,implant.neural_cable,mantle.archive_coat,background.rack_shadow,signal.carrier_echo,corruption.checksum_burn
1297,feasibility_only_not_final_art,entity.hollow,access.user,architecture.sealed,material.porcelain,eyes.fractured,interface.forensic_plate,implant.none,mantle.cable_shroud,background.anechoic_room,signal.carrier_echo,corruption.intact
1298,feasibility_only_not_final_art,entity.synthetic,access.admin,architecture.double_plane,material.biosynth,eyes.thermal,interface.none,implant.spinal_bus,mantle.ceramic_mantle,background.relay_well,signal.intermittent,corruption.scan_shear
1299,feasibility_only_not_final_art,entity.synthetic,access.user,architecture.sealed,material.porcelain,eyes.thermal,interface.forensic_plate,implant.none,mantle.cable_shroud,background.service_tunnel,signal.carrier_echo,corruption.scan_shear
1300,feasibility_only_not_final_art,entity.hollow,access.user,architecture.sealed,material.porcelain,eyes.optical_array,interface.neural_veil,implant.spinal_bus,mantle.archive_coat,background.anechoic_room,signal.carrier_echo,corruption.scan_shear
1301,feasibility_only_not_final_art,entity.specter,access.user,architecture.sealed,material.carbon,eyes.void,interface.neural_veil,implant.none,mantle.cable_shroud,background.evidence_void,signal.intermittent,corruption.intact
1302,feasibility_only_not_final_art,entity.hollow,access.user,architecture.sealed,material.porcelain,eyes.void,interface.none,implant.none,mantle.archive_coat,background.rack_shadow,signal.locked,corruption.scan_shear
1303,feasibility_only_not_final_art,entity.synthetic,access.root,architecture.severed_halo,material.biosynth,eyes.fractured,interface.forensic_plate,implant.signal_crown,mantle.field_collar,background.evidence_void,signal.locked,corruption.checksum_burn
1304,feasibility_only_not_final_art,entity.synthetic,access.admin,architecture.inset,material.carbon,eyes.thermal,interface.none,implant.memory_spindle,mantle.ceramic_mantle,background.rack_shadow,signal.locked,corruption.scan_shear
1305,feasibility_only_not_final_art,entity.human,access.user,architecture.sealed,material.biosynth,eyes.thermal,interface.respirator,implant.spinal_bus,mantle.ceramic_mantle,background.rack_shadow,signal.locked,corruption.checksum_burn
1306,feasibility_only_not_final_art,entity.hollow,access.system,architecture.suspended_core,material.ceramic,eyes.void,interface.none,implant.root_port,mantle.ceramic_mantle,background.cold_storage,signal.silent,corruption.scan_shear
1307,feasibility_only_not_final_art,entity.synthetic,access.user,architecture.sealed,material.porcelain,eyes.biometric,interface.neural_veil,implant.neural_cable,mantle.archive_coat,background.evidence_void,signal.locked,corruption.memory_bleed
1308,feasibility_only_not_final_art,entity.hollow,access.user,architecture.sealed,material.porcelain,eyes.void,interface.forensic_plate,implant.neural_cable,mantle.cable_shroud,background.cold_storage,signal.locked,corruption.intact
1309,feasibility_only_not_final_art,entity.human,access.system,architecture.suspended_core,material.carbon,eyes.thermal,interface.forensic_plate,implant.root_port,mantle.field_collar,background.anechoic_room,signal.silent,corruption.intact
1310,feasibility_only_not_final_art,entity.hollow,access.user,architecture.sealed,material.porcelain,eyes.void,interface.none,implant.none,mantle.split_shell,background.cold_storage,signal.carrier_echo,corruption.scan_shear
1311,feasibility_only_not_final_art,entity.synthetic,access.user,architecture.sealed,material.porcelain,eyes.void,interface.none,implant.none,mantle.cable_shroud,background.relay_well,signal.intermittent,corruption.intact
1312,feasibility_only_not_final_art,entity.synthetic,access.user,architecture.inset,material.ceramic,eyes.thermal,interface.forensic_plate,implant.none,mantle.cable_shroud,background.anechoic_room,signal.carrier_echo,corruption.scan_shear
1313,feasibility_only_not_final_art,entity.synthetic,access.user,architecture.sealed,material.carbon,eyes.biometric,interface.neural_veil,implant.none,mantle.cable_shroud,background.cold_storage,signal.intermittent,corruption.intact
1314,feasibility_only_not_final_art,entity.synthetic,access.user,architecture.sealed,material.porcelain,eyes.void,interface.none,implant.neural_cable,mantle.cable_shroud,background.cold_storage,signal.carrier_echo,corruption.scan_shear
1315,feasibility_only_not_final_art,entity.synthetic,access.user,architecture.sealed,material.porcelain,eyes.thermal,interface.neural_veil,implant.neural_cable,mantle.cable_shroud,background.rack_shadow,signal.locked,corruption.intact
1316,feasibility_only_not_final_art,entity.synthetic,access.user,architecture.sealed,material.biosynth,eyes.optical_array,interface.forensic_plate,implant.none,mantle.field_collar,background.rack_shadow,signal.locked,corruption.scan_shear
1317,feasibility_only_not_final_art,entity.human,access.admin,architecture.double_plane,material.biosynth,eyes.fractured,interface.none,implant.neural_cable,mantle.cable_shroud,background.cold_storage,signal.locked,corruption.packet_ghosting
1318,feasibility_only_not_final_art,entity.synthetic,access.user,architecture.sealed,material.biosynth,eyes.void,interface.neural_veil,implant.none,mantle.archive_coat,background.service_tunnel,signal.locked,corruption.intact
1319,feasibility_only_not_final_art,entity.human,access.user,architecture.sealed,material.biosynth,eyes.biometric,interface.forensic_plate,implant.spinal_bus,mantle.split_shell,background.cold_storage,signal.intermittent,corruption.intact
1320,feasibility_only_not_final_art,entity.synthetic,access.user,architecture.sealed,material.biosynth,eyes.biometric,interface.respirator,implant.antenna,mantle.cable_shroud,background.relay_well,signal.locked,corruption.packet_ghosting
1321,feasibility_only_not_final_art,entity.human,access.user,architecture.sealed,material.biosynth,eyes.biometric,interface.none,implant.neural_cable,mantle.field_collar,background.evidence_void,signal.intermittent,corruption.intact
1322,feasibility_only_not_final_art,entity.human,access.admin,architecture.inset,material.porcelain,eyes.biometric,interface.respirator,implant.none,mantle.cable_shroud,background.service_tunnel,signal.locked,corruption.packet_ghosting
1323,feasibility_only_not_final_art,entity.synthetic,access.system,architecture.suspended_core,material.biosynth,eyes.fractured,interface.respirator,implant.root_port,mantle.archive_coat,background.cold_storage,signal.locked,corruption.intact
1324,feasibility_only_not_final_art,entity.human,access.user,architecture.inset,material.porcelain,eyes.thermal,interface.respirator,implant.neural_cable,mantle.archive_coat,background.evidence_void,signal.locked,corruption.checksum_burn
1325,feasibility_only_not_final_art,entity.synthetic,access.user,architecture.inset,material.biosynth,eyes.biometric,interface.forensic_plate,implant.none,mantle.ceramic_mantle,background.rack_shadow,signal.locked,corruption.intact
1326,feasibility_only_not_final_art,entity.synthetic,access.user,architecture.sealed,material.porcelain,eyes.void,interface.none,implant.none,mantle.archive_coat,background.relay_well,signal.intermittent,corruption.checksum_burn
1327,feasibility_only_not_final_art,entity.hollow,access.admin,architecture.double_plane,material.ceramic,eyes.void,interface.skeletal_interface,implant.neural_cable,mantle.archive_coat,background.evidence_void,signal.locked,corruption.checksum_burn
1328,feasibility_only_not_final_art,entity.human,access.user,architecture.sealed,material.carbon,eyes.biometric,interface.none,implant.neural_cable,mantle.archive_coat,background.service_tunnel,signal.intermittent,corruption.intact
1329,feasibility_only_not_final_art,entity.human,access.user,architecture.inset,material.biosynth,eyes.biometric,interface.respirator,implant.none,mantle.field_collar,background.anechoic_room,signal.locked,corruption.intact
1330,feasibility_only_not_final_art,entity.human,access.user,architecture.sealed,material.reconstructed,eyes.biometric,interface.forensic_plate,implant.antenna,mantle.archive_coat,background.evidence_void,signal.locked,corruption.intact
1331,feasibility_only_not_final_art,entity.human,access.user,architecture.sealed,material.reconstructed,eyes.fractured,interface.none,implant.none,mantle.archive_coat,background.evidence_void,signal.locked,corruption.intact
1332,feasibility_only_not_final_art,entity.synthetic,access.admin,architecture.double_plane,material.biosynth,eyes.void,interface.null_mask,implant.memory_spindle,mantle.archive_coat,background.relay_well,signal.locked,corruption.intact
1333,feasibility_only_not_final_art,entity.synthetic,access.user,architecture.sealed,material.porcelain,eyes.thermal,interface.forensic_plate,implant.antenna,mantle.archive_coat,background.relay_well,signal.silent,corruption.intact
1334,feasibility_only_not_final_art,entity.synthetic,access.user,architecture.sealed,material.porcelain,eyes.biometric,interface.none,implant.none,mantle.field_collar,background.rack_shadow,signal.locked,corruption.intact
1335,feasibility_only_not_final_art,entity.human,access.user,architecture.sealed,material.biosynth,eyes.void,interface.none,implant.antenna,mantle.cable_shroud,background.relay_well,signal.locked,corruption.intact
1336,feasibility_only_not_final_art,entity.synthetic,access.user,architecture.sealed,material.porcelain,eyes.thermal,interface.respirator,implant.none,mantle.field_collar,background.service_tunnel,signal.locked,corruption.intact
1337,feasibility_only_not_final_art,entity.synthetic,access.user,architecture.sealed,material.porcelain,eyes.thermal,interface.none,implant.neural_cable,mantle.field_collar,background.evidence_void,signal.carrier_echo,corruption.checksum_burn
1338,feasibility_only_not_final_art,entity.hollow,access.user,architecture.inset,material.ceramic,eyes.fractured,interface.none,implant.antenna,mantle.archive_coat,background.evidence_void,signal.intermittent,corruption.intact
1339,feasibility_only_not_final_art,entity.synthetic,access.user,architecture.sealed,material.carbon,eyes.biometric,interface.none,implant.neural_cable,mantle.cable_shroud,background.rack_shadow,signal.locked,corruption.memory_bleed
1340,feasibility_only_not_final_art,entity.hollow,access.user,architecture.inset,material.carbon,eyes.void,interface.forensic_plate,implant.none,mantle.archive_coat,background.cold_storage,signal.intermittent,corruption.packet_ghosting
1341,feasibility_only_not_final_art,entity.hollow,access.user,architecture.sealed,material.ceramic,eyes.void,interface.null_mask,implant.antenna,mantle.archive_coat,background.evidence_void,signal.locked,corruption.scan_shear
1342,feasibility_only_not_final_art,entity.human,access.admin,architecture.inset,material.biosynth,eyes.fractured,interface.respirator,implant.none,mantle.ceramic_mantle,background.relay_well,signal.locked,corruption.intact
1343,feasibility_only_not_final_art,entity.synthetic,access.system,architecture.suspended_core,material.carbon,eyes.void,interface.forensic_plate,implant.root_port,mantle.field_collar,background.service_tunnel,signal.carrier_echo,corruption.scan_shear
1344,feasibility_only_not_final_art,entity.synthetic,access.user,architecture.sealed,material.ceramic,eyes.biometric,interface.none,implant.none,mantle.archive_coat,background.cold_storage,signal.locked,corruption.scan_shear
1345,feasibility_only_not_final_art,entity.synthetic,access.admin,architecture.inset,material.ceramic,eyes.void,interface.neural_veil,implant.neural_cable,mantle.archive_coat,background.rack_shadow,signal.intermittent,corruption.intact
1346,feasibility_only_not_final_art,entity.human,access.user,architecture.sealed,material.carbon,eyes.void,interface.none,implant.spinal_bus,mantle.archive_coat,background.rack_shadow,signal.silent,corruption.scan_shear
1347,feasibility_only_not_final_art,entity.synthetic,access.admin,architecture.inset,material.biosynth,eyes.fractured,interface.neural_veil,implant.neural_cable,mantle.split_shell,background.evidence_void,signal.intermittent,corruption.intact
1348,feasibility_only_not_final_art,entity.human,access.user,architecture.inset,material.ceramic,eyes.void,interface.none,implant.neural_cable,mantle.cable_shroud,background.relay_well,signal.intermittent,corruption.intact
1349,feasibility_only_not_final_art,entity.hollow,access.user,architecture.sealed,material.ceramic,eyes.optical_array,interface.none,implant.spinal_bus,mantle.cable_shroud,background.rack_shadow,signal.locked,corruption.checksum_burn
1350,feasibility_only_not_final_art,entity.human,access.user,architecture.inset,material.biosynth,eyes.thermal,interface.none,implant.spinal_bus,mantle.cable_shroud,background.evidence_void,signal.locked,corruption.scan_shear
1351,feasibility_only_not_final_art,entity.synthetic,access.user,architecture.sealed,material.reconstructed,eyes.void,interface.neural_veil,implant.neural_cable,mantle.archive_coat,background.rack_shadow,signal.carrier_echo,corruption.checksum_burn
1352,feasibility_only_not_final_art,entity.human,access.user,architecture.inset,material.biosynth,eyes.thermal,interface.none,implant.antenna,mantle.archive_coat,background.evidence_void,signal.locked,corruption.scan_shear
1353,feasibility_only_not_final_art,entity.human,access.user,architecture.sealed,material.biosynth,eyes.biometric,interface.forensic_plate,implant.neural_cable,mantle.ceramic_mantle,background.anechoic_room,signal.intermittent,corruption.scan_shear
1354,feasibility_only_not_final_art,entity.hollow,access.user,architecture.sealed,material.porcelain,eyes.optical_array,interface.none,implant.neural_cable,mantle.archive_coat,background.rack_shadow,signal.intermittent,corruption.intact
1355,feasibility_only_not_final_art,entity.synthetic,access.user,architecture.sealed,material.biosynth,eyes.biometric,interface.forensic_plate,implant.antenna,mantle.ceramic_mantle,background.evidence_void,signal.locked,corruption.checksum_burn
1356,feasibility_only_not_final_art,entity.human,access.user,architecture.sealed,material.biosynth,eyes.fractured,interface.respirator,implant.antenna,mantle.cable_shroud,background.rack_shadow,signal.locked,corruption.packet_ghosting
1357,feasibility_only_not_final_art,entity.synthetic,access.user,architecture.inset,material.porcelain,eyes.fractured,interface.neural_veil,implant.none,mantle.cable_shroud,background.evidence_void,signal.intermittent,corruption.intact
1358,feasibility_only_not_final_art,entity.hollow,access.user,architecture.sealed,material.reconstructed,eyes.optical_array,interface.forensic_plate,implant.none,mantle.archive_coat,background.rack_shadow,signal.carrier_echo,corruption.scan_shear
1359,feasibility_only_not_final_art,entity.human,access.admin,architecture.inset,material.porcelain,eyes.thermal,interface.null_mask,implant.antenna,mantle.archive_coat,background.anechoic_room,signal.intermittent,corruption.intact
1360,feasibility_only_not_final_art,entity.human,access.admin,architecture.double_plane,material.biosynth,eyes.void,interface.null_mask,implant.none,mantle.ceramic_mantle,background.evidence_void,signal.intermittent,corruption.intact
1361,feasibility_only_not_final_art,entity.synthetic,access.user,architecture.inset,material.biosynth,eyes.biometric,interface.respirator,implant.neural_cable,mantle.field_collar,background.evidence_void,signal.locked,corruption.intact
1362,feasibility_only_not_final_art,entity.hollow,access.user,architecture.inset,material.carbon,eyes.fractured,interface.none,implant.spinal_bus,mantle.field_collar,background.evidence_void,signal.intermittent,corruption.intact
1363,feasibility_only_not_final_art,entity.specter,access.user,architecture.inset,material.carbon,eyes.void,interface.none,implant.antenna,mantle.unsupported_frame,background.relay_well,signal.locked,corruption.intact
1364,feasibility_only_not_final_art,entity.synthetic,access.admin,architecture.double_plane,material.carbon,eyes.biometric,interface.respirator,implant.antenna,mantle.archive_coat,background.service_tunnel,signal.locked,corruption.scan_shear
1365,feasibility_only_not_final_art,entity.human,access.admin,architecture.inset,material.porcelain,eyes.fractured,interface.none,implant.antenna,mantle.archive_coat,background.rack_shadow,signal.locked,corruption.intact
1366,feasibility_only_not_final_art,entity.human,access.user,architecture.sealed,material.porcelain,eyes.thermal,interface.none,implant.spinal_bus,mantle.archive_coat,background.relay_well,signal.carrier_echo,corruption.intact
1367,feasibility_only_not_final_art,entity.human,access.admin,architecture.double_plane,material.biosynth,eyes.thermal,interface.none,implant.neural_cable,mantle.ceramic_mantle,background.rack_shadow,signal.intermittent,corruption.scan_shear
1368,feasibility_only_not_final_art,entity.hollow,access.user,architecture.inset,material.carbon,eyes.void,interface.neural_veil,implant.spinal_bus,mantle.field_collar,background.rack_shadow,signal.intermittent,corruption.intact
1369,feasibility_only_not_final_art,entity.human,access.user,architecture.sealed,material.reconstructed,eyes.thermal,interface.respirator,implant.none,mantle.archive_coat,background.rack_shadow,signal.carrier_echo,corruption.intact
1370,feasibility_only_not_final_art,entity.human,access.user,architecture.sealed,material.porcelain,eyes.biometric,interface.respirator,implant.none,mantle.cable_shroud,background.relay_well,signal.locked,corruption.scan_shear
1371,feasibility_only_not_final_art,entity.hollow,access.user,architecture.sealed,material.carbon,eyes.fractured,interface.none,implant.neural_cable,mantle.ceramic_mantle,background.cold_storage,signal.carrier_echo,corruption.intact
1372,feasibility_only_not_final_art,entity.hollow,access.user,architecture.sealed,material.carbon,eyes.optical_array,interface.null_mask,implant.neural_cable,mantle.archive_coat,background.relay_well,signal.carrier_echo,corruption.scan_shear
1373,feasibility_only_not_final_art,entity.human,access.user,architecture.sealed,material.porcelain,eyes.thermal,interface.none,implant.neural_cable,mantle.field_collar,background.evidence_void,signal.locked,corruption.packet_ghosting
1374,feasibility_only_not_final_art,entity.synthetic,access.user,architecture.sealed,material.biosynth,eyes.thermal,interface.none,implant.none,mantle.archive_coat,background.cold_storage,signal.intermittent,corruption.intact
1375,feasibility_only_not_final_art,entity.synthetic,access.admin,architecture.inset,material.carbon,eyes.void,interface.none,implant.none,mantle.cable_shroud,background.evidence_void,signal.locked,corruption.intact
1376,feasibility_only_not_final_art,entity.synthetic,access.admin,architecture.double_plane,material.porcelain,eyes.fractured,interface.respirator,implant.neural_cable,mantle.ceramic_mantle,background.evidence_void,signal.intermittent,corruption.checksum_burn
1377,feasibility_only_not_final_art,entity.synthetic,access.admin,architecture.double_plane,material.biosynth,eyes.biometric,interface.null_mask,implant.memory_spindle,mantle.field_collar,background.rack_shadow,signal.locked,corruption.scan_shear
1378,feasibility_only_not_final_art,entity.human,access.system,architecture.suspended_core,material.porcelain,eyes.biometric,interface.respirator,implant.memory_spindle,mantle.split_shell,background.anechoic_room,signal.locked,corruption.intact
1379,feasibility_only_not_final_art,entity.human,access.user,architecture.sealed,material.carbon,eyes.void,interface.none,implant.antenna,mantle.cable_shroud,background.rack_shadow,signal.carrier_echo,corruption.intact
1380,feasibility_only_not_final_art,entity.synthetic,access.user,architecture.sealed,material.porcelain,eyes.thermal,interface.neural_veil,implant.antenna,mantle.field_collar,background.anechoic_room,signal.locked,corruption.scan_shear
1381,feasibility_only_not_final_art,entity.human,access.user,architecture.sealed,material.biosynth,eyes.thermal,interface.null_mask,implant.none,mantle.archive_coat,background.relay_well,signal.intermittent,corruption.intact
1382,feasibility_only_not_final_art,entity.hollow,access.user,architecture.sealed,material.porcelain,eyes.void,interface.none,implant.neural_cable,mantle.cable_shroud,background.uplink_black,signal.intermittent,corruption.packet_ghosting
1383,feasibility_only_not_final_art,entity.human,access.user,architecture.inset,material.porcelain,eyes.void,interface.none,implant.antenna,mantle.archive_coat,background.rack_shadow,signal.locked,corruption.intact
1384,feasibility_only_not_final_art,entity.synthetic,access.user,architecture.sealed,material.biosynth,eyes.optical_array,interface.forensic_plate,implant.none,mantle.cable_shroud,background.cold_storage,signal.locked,corruption.scan_shear
1385,feasibility_only_not_final_art,entity.synthetic,access.admin,architecture.inset,material.porcelain,eyes.void,interface.neural_veil,implant.spinal_bus,mantle.ceramic_mantle,background.cold_storage,signal.locked,corruption.scan_shear
1386,feasibility_only_not_final_art,entity.human,access.user,architecture.sealed,material.biosynth,eyes.void,interface.none,implant.neural_cable,mantle.cable_shroud,background.rack_shadow,signal.locked,corruption.intact
1387,feasibility_only_not_final_art,entity.synthetic,access.user,architecture.inset,material.ceramic,eyes.void,interface.neural_veil,implant.none,mantle.ceramic_mantle,background.service_tunnel,signal.intermittent,corruption.scan_shear
1388,feasibility_only_not_final_art,entity.human,access.user,architecture.sealed,material.reconstructed,eyes.fractured,interface.none,implant.spinal_bus,mantle.cable_shroud,background.service_tunnel,signal.intermittent,corruption.intact
1389,feasibility_only_not_final_art,entity.synthetic,access.user,architecture.sealed,material.biosynth,eyes.thermal,interface.forensic_plate,implant.none,mantle.archive_coat,background.service_tunnel,signal.locked,corruption.intact
1390,feasibility_only_not_final_art,entity.human,access.user,architecture.sealed,material.biosynth,eyes.biometric,interface.none,implant.spinal_bus,mantle.ceramic_mantle,background.evidence_void,signal.locked,corruption.packet_ghosting
1391,feasibility_only_not_final_art,entity.synthetic,access.user,architecture.sealed,material.ceramic,eyes.fractured,interface.none,implant.none,mantle.cable_shroud,background.evidence_void,signal.locked,corruption.intact
1392,feasibility_only_not_final_art,entity.synthetic,access.user,architecture.sealed,material.biosynth,eyes.biometric,interface.forensic_plate,implant.none,mantle.field_collar,background.relay_well,signal.intermittent,corruption.scan_shear
1393,feasibility_only_not_final_art,entity.human,access.user,architecture.sealed,material.porcelain,eyes.fractured,interface.none,implant.neural_cable,mantle.archive_coat,background.evidence_void,signal.intermittent,corruption.intact
1394,feasibility_only_not_final_art,entity.human,access.user,architecture.inset,material.carbon,eyes.biometric,interface.respirator,implant.antenna,mantle.ceramic_mantle,background.anechoic_room,signal.silent,corruption.intact
1395,feasibility_only_not_final_art,entity.human,access.user,architecture.inset,material.ceramic,eyes.thermal,interface.none,implant.neural_cable,mantle.split_shell,background.anechoic_room,signal.locked,corruption.scan_shear
1396,feasibility_only_not_final_art,entity.specter,access.admin,architecture.double_plane,material.carbon,eyes.void,interface.skeletal_interface,implant.neural_cable,mantle.cable_shroud,background.evidence_void,signal.intermittent,corruption.scan_shear
1397,feasibility_only_not_final_art,entity.human,access.system,architecture.suspended_core,material.porcelain,eyes.thermal,interface.none,implant.root_port,mantle.cable_shroud,background.service_tunnel,signal.locked,corruption.intact
1398,feasibility_only_not_final_art,entity.synthetic,access.user,architecture.sealed,material.biosynth,eyes.optical_array,interface.forensic_plate,implant.neural_cable,mantle.cable_shroud,background.rack_shadow,signal.intermittent,corruption.intact
1399,feasibility_only_not_final_art,entity.synthetic,access.user,architecture.sealed,material.biosynth,eyes.biometric,interface.neural_veil,implant.antenna,mantle.archive_coat,background.evidence_void,signal.locked,corruption.scan_shear
1400,feasibility_only_not_final_art,entity.synthetic,access.user,architecture.inset,material.porcelain,eyes.fractured,interface.respirator,implant.antenna,mantle.ceramic_mantle,background.service_tunnel,signal.locked,corruption.intact
1401,feasibility_only_not_final_art,entity.specter,access.user,architecture.sealed,material.phase_glass,eyes.fractured,interface.null_mask,implant.neural_cable,mantle.ceramic_mantle,background.evidence_void,signal.intermittent,corruption.absence
1402,feasibility_only_not_final_art,entity.human,access.user,architecture.inset,material.biosynth,eyes.fractured,interface.respirator,implant.none,mantle.field_collar,background.anechoic_room,signal.locked,corruption.checksum_burn
1403,feasibility_only_not_final_art,entity.human,access.root,architecture.severed_halo,material.ceramic,eyes.biometric,interface.null_mask,implant.signal_crown,mantle.ceramic_mantle,background.cold_storage,signal.locked,corruption.checksum_burn
1404,feasibility_only_not_final_art,entity.synthetic,access.user,architecture.sealed,material.porcelain,eyes.biometric,interface.none,implant.antenna,mantle.ceramic_mantle,background.relay_well,signal.carrier_echo,corruption.intact
1405,feasibility_only_not_final_art,entity.hollow,access.system,architecture.suspended_core,material.ceramic,eyes.void,interface.forensic_plate,implant.root_port,mantle.ceramic_mantle,background.service_tunnel,signal.carrier_echo,corruption.packet_ghosting
1406,feasibility_only_not_final_art,entity.human,access.user,architecture.sealed,material.carbon,eyes.biometric,interface.respirator,implant.antenna,mantle.split_shell,background.evidence_void,signal.locked,corruption.scan_shear
1407,feasibility_only_not_final_art,entity.human,access.user,architecture.sealed,material.carbon,eyes.fractured,interface.none,implant.neural_cable,mantle.archive_coat,background.evidence_void,signal.intermittent,corruption.intact
1408,feasibility_only_not_final_art,entity.hollow,access.user,architecture.sealed,material.porcelain,eyes.optical_array,interface.none,implant.none,mantle.ceramic_mantle,background.cold_storage,signal.carrier_echo,corruption.scan_shear
1409,feasibility_only_not_final_art,entity.human,access.user,architecture.inset,material.biosynth,eyes.thermal,interface.none,implant.none,mantle.archive_coat,background.cold_storage,signal.intermittent,corruption.scan_shear
1410,feasibility_only_not_final_art,entity.human,access.user,architecture.sealed,material.carbon,eyes.void,interface.forensic_plate,implant.antenna,mantle.field_collar,background.evidence_void,signal.locked,corruption.packet_ghosting
1411,feasibility_only_not_final_art,entity.human,access.user,architecture.sealed,material.biosynth,eyes.fractured,interface.none,implant.none,mantle.archive_coat,background.evidence_void,signal.intermittent,corruption.packet_ghosting
1412,feasibility_only_not_final_art,entity.synthetic,access.admin,architecture.double_plane,material.biosynth,eyes.biometric,interface.respirator,implant.neural_cable,mantle.archive_coat,background.rack_shadow,signal.silent,corruption.intact
1413,feasibility_only_not_final_art,entity.human,access.user,architecture.inset,material.porcelain,eyes.void,interface.forensic_plate,implant.none,mantle.archive_coat,background.cold_storage,signal.locked,corruption.scan_shear
1414,feasibility_only_not_final_art,entity.synthetic,access.user,architecture.sealed,material.carbon,eyes.biometric,interface.forensic_plate,implant.none,mantle.archive_coat,background.rack_shadow,signal.locked,corruption.intact
1415,feasibility_only_not_final_art,entity.synthetic,access.user,architecture.sealed,material.porcelain,eyes.fractured,interface.neural_veil,implant.neural_cable,mantle.ceramic_mantle,background.cold_storage,signal.locked,corruption.intact
1416,feasibility_only_not_final_art,entity.human,access.user,architecture.sealed,material.biosynth,eyes.biometric,interface.forensic_plate,implant.none,mantle.archive_coat,background.rack_shadow,signal.intermittent,corruption.intact
1417,feasibility_only_not_final_art,entity.hollow,access.admin,architecture.double_plane,material.carbon,eyes.void,interface.null_mask,implant.neural_cable,mantle.ceramic_mantle,background.relay_well,signal.locked,corruption.scan_shear
1418,feasibility_only_not_final_art,entity.human,access.admin,architecture.inset,material.carbon,eyes.fractured,interface.forensic_plate,implant.neural_cable,mantle.cable_shroud,background.cold_storage,signal.carrier_echo,corruption.intact
1419,feasibility_only_not_final_art,entity.human,access.user,architecture.sealed,material.biosynth,eyes.void,interface.forensic_plate,implant.neural_cable,mantle.archive_coat,background.service_tunnel,signal.intermittent,corruption.intact
1420,feasibility_only_not_final_art,entity.human,access.user,architecture.sealed,material.biosynth,eyes.void,interface.none,implant.none,mantle.split_shell,background.cold_storage,signal.carrier_echo,corruption.intact
1421,feasibility_only_not_final_art,entity.human,access.user,architecture.sealed,material.biosynth,eyes.biometric,interface.respirator,implant.antenna,mantle.field_collar,background.evidence_void,signal.carrier_echo,corruption.intact
1422,feasibility_only_not_final_art,entity.human,access.user,architecture.sealed,material.carbon,eyes.biometric,interface.none,implant.none,mantle.ceramic_mantle,background.cold_storage,signal.locked,corruption.checksum_burn
1423,feasibility_only_not_final_art,entity.human,access.user,architecture.sealed,material.carbon,eyes.fractured,interface.forensic_plate,implant.none,mantle.field_collar,background.rack_shadow,signal.locked,corruption.intact
1424,feasibility_only_not_final_art,entity.synthetic,access.user,architecture.sealed,material.ceramic,eyes.thermal,interface.none,implant.none,mantle.cable_shroud,background.evidence_void,signal.carrier_echo,corruption.scan_shear
1425,feasibility_only_not_final_art,entity.human,access.user,architecture.inset,material.biosynth,eyes.thermal,interface.none,implant.none,mantle.archive_coat,background.evidence_void,signal.carrier_echo,corruption.memory_bleed
1426,feasibility_only_not_final_art,entity.synthetic,access.user,architecture.sealed,material.porcelain,eyes.biometric,interface.none,implant.spinal_bus,mantle.ceramic_mantle,background.cold_storage,signal.intermittent,corruption.intact
1427,feasibility_only_not_final_art,entity.hollow,access.user,architecture.sealed,material.carbon,eyes.void,interface.skeletal_interface,implant.neural_cable,mantle.ceramic_mantle,background.evidence_void,signal.locked,corruption.checksum_burn
1428,feasibility_only_not_final_art,entity.human,access.user,architecture.sealed,material.biosynth,eyes.biometric,interface.none,implant.antenna,mantle.ceramic_mantle,background.cold_storage,signal.carrier_echo,corruption.packet_ghosting
1429,feasibility_only_not_final_art,entity.synthetic,access.user,architecture.sealed,material.ceramic,eyes.fractured,interface.none,implant.neural_cable,mantle.cable_shroud,background.service_tunnel,signal.locked,corruption.intact
1430,feasibility_only_not_final_art,entity.synthetic,access.user,architecture.sealed,material.biosynth,eyes.biometric,interface.respirator,implant.neural_cable,mantle.ceramic_mantle,background.evidence_void,signal.silent,corruption.intact
1431,feasibility_only_not_final_art,entity.human,access.user,architecture.sealed,material.biosynth,eyes.biometric,interface.forensic_plate,implant.none,mantle.archive_coat,background.service_tunnel,signal.locked,corruption.scan_shear
1432,feasibility_only_not_final_art,entity.synthetic,access.admin,architecture.double_plane,material.biosynth,eyes.biometric,interface.forensic_plate,implant.spinal_bus,mantle.cable_shroud,background.service_tunnel,signal.carrier_echo,corruption.intact
1433,feasibility_only_not_final_art,entity.human,access.user,architecture.sealed,material.biosynth,eyes.void,interface.forensic_plate,implant.spinal_bus,mantle.ceramic_mantle,background.cold_storage,signal.carrier_echo,corruption.scan_shear
1434,feasibility_only_not_final_art,entity.synthetic,access.user,architecture.sealed,material.biosynth,eyes.optical_array,interface.respirator,implant.spinal_bus,mantle.split_shell,background.rack_shadow,signal.intermittent,corruption.checksum_burn
1435,feasibility_only_not_final_art,entity.synthetic,access.user,architecture.sealed,material.ceramic,eyes.thermal,interface.forensic_plate,implant.neural_cable,mantle.field_collar,background.anechoic_room,signal.intermittent,corruption.intact
1436,feasibility_only_not_final_art,entity.hollow,access.admin,architecture.double_plane,material.porcelain,eyes.optical_array,interface.none,implant.neural_cable,mantle.archive_coat,background.evidence_void,signal.intermittent,corruption.intact
1437,feasibility_only_not_final_art,entity.human,access.user,architecture.sealed,material.porcelain,eyes.void,interface.none,implant.none,mantle.archive_coat,background.cold_storage,signal.locked,corruption.intact
1438,feasibility_only_not_final_art,entity.specter,access.user,architecture.inset,material.reconstructed,eyes.signal_burn,interface.skeletal_interface,implant.spinal_bus,mantle.unsupported_frame,background.rack_shadow,signal.locked,corruption.scan_shear
1439,feasibility_only_not_final_art,entity.synthetic,access.user,architecture.sealed,material.biosynth,eyes.biometric,interface.null_mask,implant.neural_cable,mantle.split_shell,background.relay_well,signal.carrier_echo,corruption.intact
1440,feasibility_only_not_final_art,entity.synthetic,access.admin,architecture.double_plane,material.biosynth,eyes.void,interface.respirator,implant.spinal_bus,mantle.ceramic_mantle,background.evidence_void,signal.intermittent,corruption.intact
1441,feasibility_only_not_final_art,entity.human,access.user,architecture.sealed,material.biosynth,eyes.fractured,interface.forensic_plate,implant.spinal_bus,mantle.archive_coat,background.cold_storage,signal.carrier_echo,corruption.intact
1442,feasibility_only_not_final_art,entity.human,access.admin,architecture.double_plane,material.biosynth,eyes.biometric,interface.none,implant.neural_cable,mantle.ceramic_mantle,background.evidence_void,signal.locked,corruption.scan_shear
1443,feasibility_only_not_final_art,entity.human,access.admin,architecture.inset,material.biosynth,eyes.thermal,interface.none,implant.none,mantle.archive_coat,background.cold_storage,signal.locked,corruption.memory_bleed
1444,feasibility_only_not_final_art,entity.synthetic,access.user,architecture.sealed,material.carbon,eyes.void,interface.neural_veil,implant.spinal_bus,mantle.ceramic_mantle,background.relay_well,signal.locked,corruption.checksum_burn
1445,feasibility_only_not_final_art,entity.hollow,access.user,architecture.sealed,material.porcelain,eyes.optical_array,interface.neural_veil,implant.none,mantle.ceramic_mantle,background.evidence_void,signal.locked,corruption.scan_shear
1446,feasibility_only_not_final_art,entity.hollow,access.user,architecture.sealed,material.ceramic,eyes.fractured,interface.forensic_plate,implant.spinal_bus,mantle.field_collar,background.evidence_void,signal.locked,corruption.intact
1447,feasibility_only_not_final_art,entity.human,access.admin,architecture.double_plane,material.biosynth,eyes.thermal,interface.none,implant.spinal_bus,mantle.archive_coat,background.service_tunnel,signal.locked,corruption.checksum_burn
1448,feasibility_only_not_final_art,entity.human,access.admin,architecture.inset,material.biosynth,eyes.biometric,interface.forensic_plate,implant.neural_cable,mantle.archive_coat,background.relay_well,signal.intermittent,corruption.packet_ghosting
1449,feasibility_only_not_final_art,entity.synthetic,access.user,architecture.sealed,material.ceramic,eyes.void,interface.none,implant.antenna,mantle.field_collar,background.evidence_void,signal.intermittent,corruption.intact
1450,feasibility_only_not_final_art,entity.human,access.system,architecture.suspended_core,material.carbon,eyes.biometric,interface.forensic_plate,implant.root_port,mantle.archive_coat,background.cold_storage,signal.locked,corruption.intact
1451,feasibility_only_not_final_art,entity.human,access.user,architecture.sealed,material.biosynth,eyes.thermal,interface.forensic_plate,implant.none,mantle.field_collar,background.evidence_void,signal.unclocked,corruption.intact
1452,feasibility_only_not_final_art,entity.synthetic,access.user,architecture.inset,material.biosynth,eyes.biometric,interface.neural_veil,implant.none,mantle.ceramic_mantle,background.relay_well,signal.intermittent,corruption.intact
1453,feasibility_only_not_final_art,entity.synthetic,access.user,architecture.sealed,material.ceramic,eyes.fractured,interface.none,implant.none,mantle.ceramic_mantle,background.evidence_void,signal.intermittent,corruption.intact
1454,feasibility_only_not_final_art,entity.hollow,access.user,architecture.sealed,material.ceramic,eyes.fractured,interface.neural_veil,implant.none,mantle.cable_shroud,background.relay_well,signal.intermittent,corruption.intact
1455,feasibility_only_not_final_art,entity.synthetic,access.user,architecture.sealed,material.biosynth,eyes.biometric,interface.none,implant.none,mantle.cable_shroud,background.evidence_void,signal.locked,corruption.intact
1456,feasibility_only_not_final_art,entity.human,access.user,architecture.sealed,material.carbon,eyes.biometric,interface.respirator,implant.none,mantle.field_collar,background.cold_storage,signal.carrier_echo,corruption.intact
1457,feasibility_only_not_final_art,entity.human,access.user,architecture.sealed,material.biosynth,eyes.thermal,interface.forensic_plate,implant.neural_cable,mantle.cable_shroud,background.service_tunnel,signal.locked,corruption.intact
1458,feasibility_only_not_final_art,entity.hollow,access.user,architecture.sealed,material.ceramic,eyes.optical_array,interface.forensic_plate,implant.none,mantle.archive_coat,background.relay_well,signal.intermittent,corruption.checksum_burn
1459,feasibility_only_not_final_art,entity.human,access.user,architecture.sealed,material.porcelain,eyes.void,interface.respirator,implant.spinal_bus,mantle.cable_shroud,background.evidence_void,signal.intermittent,corruption.intact
1460,feasibility_only_not_final_art,entity.synthetic,access.user,architecture.sealed,material.biosynth,eyes.biometric,interface.forensic_plate,implant.spinal_bus,mantle.archive_coat,background.cold_storage,signal.carrier_echo,corruption.intact
1461,feasibility_only_not_final_art,entity.synthetic,access.user,architecture.sealed,material.carbon,eyes.thermal,interface.neural_veil,implant.none,mantle.ceramic_mantle,background.cold_storage,signal.locked,corruption.intact
1462,feasibility_only_not_final_art,entity.human,access.user,architecture.inset,material.reconstructed,eyes.thermal,interface.none,implant.none,mantle.split_shell,background.evidence_void,signal.locked,corruption.intact
1463,feasibility_only_not_final_art,entity.human,access.user,architecture.sealed,material.carbon,eyes.fractured,interface.respirator,implant.antenna,mantle.archive_coat,background.anechoic_room,signal.locked,corruption.intact
1464,feasibility_only_not_final_art,entity.hollow,access.user,architecture.sealed,material.porcelain,eyes.void,interface.forensic_plate,implant.none,mantle.ceramic_mantle,background.evidence_void,signal.locked,corruption.intact
1465,feasibility_only_not_final_art,entity.human,access.admin,architecture.double_plane,material.biosynth,eyes.biometric,interface.none,implant.antenna,mantle.archive_coat,background.evidence_void,signal.locked,corruption.scan_shear
1466,feasibility_only_not_final_art,entity.synthetic,access.admin,architecture.inset,material.carbon,eyes.biometric,interface.respirator,implant.memory_spindle,mantle.split_shell,background.service_tunnel,signal.intermittent,corruption.intact
1467,feasibility_only_not_final_art,entity.hollow,access.admin,architecture.double_plane,material.porcelain,eyes.void,interface.none,implant.spinal_bus,mantle.field_collar,background.cold_storage,signal.carrier_echo,corruption.intact
1468,feasibility_only_not_final_art,entity.human,access.admin,architecture.double_plane,material.porcelain,eyes.thermal,interface.none,implant.spinal_bus,mantle.archive_coat,background.evidence_void,signal.locked,corruption.intact
1469,feasibility_only_not_final_art,entity.hollow,access.user,architecture.sealed,material.carbon,eyes.optical_array,interface.forensic_plate,implant.spinal_bus,mantle.field_collar,background.rack_shadow,signal.carrier_echo,corruption.intact
1470,feasibility_only_not_final_art,entity.human,access.admin,architecture.inset,material.biosynth,eyes.fractured,interface.respirator,implant.neural_cable,mantle.field_collar,background.service_tunnel,signal.locked,corruption.checksum_burn
1471,feasibility_only_not_final_art,entity.synthetic,access.user,architecture.sealed,material.biosynth,eyes.void,interface.respirator,implant.spinal_bus,mantle.archive_coat,background.service_tunnel,signal.locked,corruption.packet_ghosting
1472,feasibility_only_not_final_art,entity.hollow,access.user,architecture.sealed,material.porcelain,eyes.optical_array,interface.none,implant.spinal_bus,mantle.field_collar,background.evidence_void,signal.intermittent,corruption.checksum_burn
1473,feasibility_only_not_final_art,entity.hollow,access.user,architecture.sealed,material.porcelain,eyes.void,interface.forensic_plate,implant.spinal_bus,mantle.ceramic_mantle,background.rack_shadow,signal.carrier_echo,corruption.intact
1474,feasibility_only_not_final_art,entity.human,access.user,architecture.sealed,material.biosynth,eyes.fractured,interface.none,implant.neural_cable,mantle.archive_coat,background.rack_shadow,signal.carrier_echo,corruption.checksum_burn
1475,feasibility_only_not_final_art,entity.synthetic,access.user,architecture.sealed,material.porcelain,eyes.thermal,interface.none,implant.antenna,mantle.ceramic_mantle,background.service_tunnel,signal.locked,corruption.intact
1476,feasibility_only_not_final_art,entity.human,access.user,architecture.sealed,material.porcelain,eyes.thermal,interface.respirator,implant.none,mantle.split_shell,background.cold_storage,signal.locked,corruption.scan_shear
1477,feasibility_only_not_final_art,entity.synthetic,access.user,architecture.sealed,material.biosynth,eyes.biometric,interface.neural_veil,implant.none,mantle.ceramic_mantle,background.anechoic_room,signal.intermittent,corruption.scan_shear
1478,feasibility_only_not_final_art,entity.synthetic,access.user,architecture.sealed,material.porcelain,eyes.void,interface.neural_veil,implant.antenna,mantle.archive_coat,background.service_tunnel,signal.locked,corruption.intact
1479,feasibility_only_not_final_art,entity.synthetic,access.user,architecture.sealed,material.biosynth,eyes.biometric,interface.respirator,implant.none,mantle.field_collar,background.rack_shadow,signal.silent,corruption.intact
1480,feasibility_only_not_final_art,entity.synthetic,access.user,architecture.sealed,material.biosynth,eyes.optical_array,interface.respirator,implant.none,mantle.ceramic_mantle,background.evidence_void,signal.locked,corruption.intact
1481,feasibility_only_not_final_art,entity.synthetic,access.user,architecture.sealed,material.carbon,eyes.fractured,interface.none,implant.none,mantle.archive_coat,background.cold_storage,signal.intermittent,corruption.intact
1482,feasibility_only_not_final_art,entity.synthetic,access.user,architecture.inset,material.biosynth,eyes.thermal,interface.neural_veil,implant.spinal_bus,mantle.archive_coat,background.cold_storage,signal.locked,corruption.intact
1483,feasibility_only_not_final_art,entity.hollow,access.user,architecture.sealed,material.porcelain,eyes.optical_array,interface.none,implant.none,mantle.archive_coat,background.evidence_void,signal.silent,corruption.intact
1484,feasibility_only_not_final_art,entity.hollow,access.user,architecture.sealed,material.ceramic,eyes.void,interface.none,implant.none,mantle.field_collar,background.cold_storage,signal.locked,corruption.intact
1485,feasibility_only_not_final_art,entity.synthetic,access.user,architecture.sealed,material.porcelain,eyes.optical_array,interface.none,implant.none,mantle.archive_coat,background.relay_well,signal.unclocked,corruption.intact
1486,feasibility_only_not_final_art,entity.human,access.user,architecture.inset,material.porcelain,eyes.void,interface.respirator,implant.none,mantle.archive_coat,background.rack_shadow,signal.intermittent,corruption.intact
1487,feasibility_only_not_final_art,entity.synthetic,access.user,architecture.inset,material.porcelain,eyes.fractured,interface.null_mask,implant.neural_cable,mantle.field_collar,background.rack_shadow,signal.carrier_echo,corruption.intact
1488,feasibility_only_not_final_art,entity.hollow,access.user,architecture.sealed,material.carbon,eyes.fractured,interface.forensic_plate,implant.antenna,mantle.field_collar,background.cold_storage,signal.intermittent,corruption.intact
1489,feasibility_only_not_final_art,entity.synthetic,access.user,architecture.inset,material.ceramic,eyes.thermal,interface.none,implant.spinal_bus,mantle.field_collar,background.evidence_void,signal.intermittent,corruption.checksum_burn
1490,feasibility_only_not_final_art,entity.synthetic,access.system,architecture.suspended_core,material.carbon,eyes.fractured,interface.respirator,implant.root_port,mantle.field_collar,background.cold_storage,signal.intermittent,corruption.packet_ghosting
1491,feasibility_only_not_final_art,entity.specter,access.user,architecture.sealed,material.carbon,eyes.fractured,interface.forensic_plate,implant.spinal_bus,mantle.field_collar,background.evidence_void,signal.locked,corruption.intact
1492,feasibility_only_not_final_art,entity.synthetic,access.user,architecture.sealed,material.biosynth,eyes.biometric,interface.none,implant.spinal_bus,mantle.cable_shroud,background.relay_well,signal.intermittent,corruption.intact
1493,feasibility_only_not_final_art,entity.synthetic,access.user,architecture.sealed,material.biosynth,eyes.biometric,interface.forensic_plate,implant.neural_cable,mantle.field_collar,background.evidence_void,signal.locked,corruption.scan_shear
1494,feasibility_only_not_final_art,entity.human,access.user,architecture.sealed,material.biosynth,eyes.biometric,interface.respirator,implant.none,mantle.ceramic_mantle,background.cold_storage,signal.locked,corruption.intact
1495,feasibility_only_not_final_art,entity.synthetic,access.admin,architecture.double_plane,material.porcelain,eyes.biometric,interface.forensic_plate,implant.memory_spindle,mantle.ceramic_mantle,background.cold_storage,signal.intermittent,corruption.checksum_burn
1496,feasibility_only_not_final_art,entity.human,access.user,architecture.sealed,material.ceramic,eyes.fractured,interface.none,implant.neural_cable,mantle.split_shell,background.rack_shadow,signal.locked,corruption.intact
1497,feasibility_only_not_final_art,entity.human,access.user,architecture.sealed,material.biosynth,eyes.thermal,interface.none,implant.neural_cable,mantle.archive_coat,background.cold_storage,signal.carrier_echo,corruption.checksum_burn
1498,feasibility_only_not_final_art,entity.specter,access.admin,architecture.inset,material.phase_glass,eyes.signal_burn,interface.neural_veil,implant.spinal_bus,mantle.cable_shroud,background.service_tunnel,signal.locked,corruption.intact
1499,feasibility_only_not_final_art,entity.synthetic,access.user,architecture.sealed,material.porcelain,eyes.biometric,interface.neural_veil,implant.neural_cable,mantle.ceramic_mantle,background.cold_storage,signal.locked,corruption.scan_shear
1500,feasibility_only_not_final_art,entity.human,access.admin,architecture.double_plane,material.porcelain,eyes.biometric,interface.null_mask,implant.antenna,mantle.archive_coat,background.cold_storage,signal.intermittent,corruption.intact
1501,feasibility_only_not_final_art,entity.human,access.user,architecture.inset,material.biosynth,eyes.thermal,interface.forensic_plate,implant.none,mantle.split_shell,background.rack_shadow,signal.locked,corruption.scan_shear
1502,feasibility_only_not_final_art,entity.synthetic,access.admin,architecture.double_plane,material.biosynth,eyes.thermal,interface.none,implant.antenna,mantle.cable_shroud,background.relay_well,signal.carrier_echo,corruption.scan_shear
1503,feasibility_only_not_final_art,entity.hollow,access.root,architecture.severed_halo,material.carbon,eyes.void,interface.forensic_plate,implant.signal_crown,mantle.ceramic_mantle,background.rack_shadow,signal.intermittent,corruption.intact
1504,feasibility_only_not_final_art,entity.human,access.admin,architecture.double_plane,material.carbon,eyes.biometric,interface.forensic_plate,implant.none,mantle.archive_coat,background.cold_storage,signal.locked,corruption.scan_shear
1505,feasibility_only_not_final_art,entity.human,access.user,architecture.sealed,material.porcelain,eyes.biometric,interface.none,implant.none,mantle.field_collar,background.service_tunnel,signal.intermittent,corruption.intact
1506,feasibility_only_not_final_art,entity.human,access.admin,architecture.double_plane,material.porcelain,eyes.biometric,interface.respirator,implant.none,mantle.archive_coat,background.evidence_void,signal.silent,corruption.intact
1507,feasibility_only_not_final_art,entity.synthetic,access.system,architecture.suspended_core,material.biosynth,eyes.thermal,interface.respirator,implant.root_port,mantle.archive_coat,background.evidence_void,signal.locked,corruption.packet_ghosting
1508,feasibility_only_not_final_art,entity.synthetic,access.user,architecture.sealed,material.ceramic,eyes.fractured,interface.neural_veil,implant.none,mantle.archive_coat,background.evidence_void,signal.intermittent,corruption.packet_ghosting
1509,feasibility_only_not_final_art,entity.synthetic,access.user,architecture.sealed,material.porcelain,eyes.biometric,interface.null_mask,implant.neural_cable,mantle.archive_coat,background.rack_shadow,signal.locked,corruption.intact
1510,feasibility_only_not_final_art,entity.human,access.system,architecture.suspended_core,material.carbon,eyes.fractured,interface.none,implant.root_port,mantle.archive_coat,background.service_tunnel,signal.carrier_echo,corruption.intact
1511,feasibility_only_not_final_art,entity.synthetic,access.admin,architecture.double_plane,material.biosynth,eyes.biometric,interface.forensic_plate,implant.memory_spindle,mantle.field_collar,background.anechoic_room,signal.locked,corruption.packet_ghosting
1512,feasibility_only_not_final_art,entity.hollow,access.user,architecture.sealed,material.porcelain,eyes.optical_array,interface.neural_veil,implant.none,mantle.archive_coat,background.relay_well,signal.carrier_echo,corruption.scan_shear
1513,feasibility_only_not_final_art,entity.synthetic,access.admin,architecture.inset,material.biosynth,eyes.thermal,interface.respirator,implant.antenna,mantle.field_collar,background.evidence_void,signal.silent,corruption.intact
1514,feasibility_only_not_final_art,entity.synthetic,access.user,architecture.sealed,material.biosynth,eyes.thermal,interface.none,implant.spinal_bus,mantle.field_collar,background.rack_shadow,signal.locked,corruption.scan_shear
1515,feasibility_only_not_final_art,entity.human,access.user,architecture.inset,material.biosynth,eyes.thermal,interface.null_mask,implant.antenna,mantle.field_collar,background.relay_well,signal.intermittent,corruption.intact
1516,feasibility_only_not_final_art,entity.human,access.user,architecture.sealed,material.carbon,eyes.void,interface.forensic_plate,implant.spinal_bus,mantle.cable_shroud,background.cold_storage,signal.locked,corruption.checksum_burn
1517,feasibility_only_not_final_art,entity.human,access.user,architecture.inset,material.ceramic,eyes.void,interface.forensic_plate,implant.neural_cable,mantle.archive_coat,background.evidence_void,signal.locked,corruption.intact
1518,feasibility_only_not_final_art,entity.human,access.admin,architecture.inset,material.biosynth,eyes.thermal,interface.respirator,implant.antenna,mantle.field_collar,background.evidence_void,signal.locked,corruption.intact
1519,feasibility_only_not_final_art,entity.human,access.user,architecture.sealed,material.biosynth,eyes.fractured,interface.none,implant.spinal_bus,mantle.field_collar,background.evidence_void,signal.silent,corruption.intact
1520,feasibility_only_not_final_art,entity.human,access.user,architecture.sealed,material.porcelain,eyes.fractured,interface.forensic_plate,implant.none,mantle.archive_coat,background.cold_storage,signal.intermittent,corruption.intact
1521,feasibility_only_not_final_art,entity.synthetic,access.admin,architecture.inset,material.biosynth,eyes.biometric,interface.none,implant.none,mantle.split_shell,background.cold_storage,signal.locked,corruption.intact
1522,feasibility_only_not_final_art,entity.human,access.user,architecture.sealed,material.porcelain,eyes.thermal,interface.none,implant.neural_cable,mantle.cable_shroud,background.anechoic_room,signal.intermittent,corruption.scan_shear
1523,feasibility_only_not_final_art,entity.human,access.system,architecture.suspended_core,material.biosynth,eyes.fractured,interface.forensic_plate,implant.root_port,mantle.ceramic_mantle,background.evidence_void,signal.locked,corruption.intact
1524,feasibility_only_not_final_art,entity.human,access.user,architecture.sealed,material.biosynth,eyes.biometric,interface.forensic_plate,implant.neural_cable,mantle.archive_coat,background.rack_shadow,signal.carrier_echo,corruption.intact
1525,feasibility_only_not_final_art,entity.human,access.admin,architecture.double_plane,material.porcelain,eyes.biometric,interface.none,implant.antenna,mantle.field_collar,background.relay_well,signal.locked,corruption.scan_shear
1526,feasibility_only_not_final_art,entity.human,access.user,architecture.sealed,material.carbon,eyes.void,interface.respirator,implant.none,mantle.archive_coat,background.rack_shadow,signal.carrier_echo,corruption.intact
1527,feasibility_only_not_final_art,entity.synthetic,access.user,architecture.sealed,material.ceramic,eyes.void,interface.respirator,implant.none,mantle.ceramic_mantle,background.relay_well,signal.carrier_echo,corruption.intact
1528,feasibility_only_not_final_art,entity.human,access.user,architecture.inset,material.biosynth,eyes.thermal,interface.none,implant.neural_cable,mantle.field_collar,background.cold_storage,signal.intermittent,corruption.intact
1529,feasibility_only_not_final_art,entity.human,access.user,architecture.sealed,material.carbon,eyes.biometric,interface.none,implant.spinal_bus,mantle.archive_coat,background.rack_shadow,signal.locked,corruption.checksum_burn
1530,feasibility_only_not_final_art,entity.human,access.user,architecture.sealed,material.biosynth,eyes.biometric,interface.forensic_plate,implant.antenna,mantle.cable_shroud,background.evidence_void,signal.intermittent,corruption.intact
1531,feasibility_only_not_final_art,entity.hollow,access.admin,architecture.double_plane,material.carbon,eyes.void,interface.forensic_plate,implant.neural_cable,mantle.field_collar,background.evidence_void,signal.locked,corruption.scan_shear
1532,feasibility_only_not_final_art,entity.human,access.user,architecture.sealed,material.ceramic,eyes.biometric,interface.null_mask,implant.none,mantle.cable_shroud,background.evidence_void,signal.silent,corruption.checksum_burn
1533,feasibility_only_not_final_art,entity.hollow,access.user,architecture.sealed,material.carbon,eyes.fractured,interface.none,implant.none,mantle.ceramic_mantle,background.rack_shadow,signal.intermittent,corruption.intact
1534,feasibility_only_not_final_art,entity.synthetic,access.user,architecture.inset,material.porcelain,eyes.biometric,interface.forensic_plate,implant.spinal_bus,mantle.cable_shroud,background.anechoic_room,signal.carrier_echo,corruption.intact
1535,feasibility_only_not_final_art,entity.human,access.user,architecture.inset,material.ceramic,eyes.void,interface.none,implant.neural_cable,mantle.cable_shroud,background.relay_well,signal.intermittent,corruption.packet_ghosting
1536,feasibility_only_not_final_art,entity.specter,access.user,architecture.sealed,material.phase_glass,eyes.void,interface.forensic_plate,implant.neural_cable,mantle.ceramic_mantle,background.rack_shadow,signal.locked,corruption.checksum_burn
1537,feasibility_only_not_final_art,entity.hollow,access.user,architecture.inset,material.porcelain,eyes.optical_array,interface.none,implant.none,mantle.archive_coat,background.service_tunnel,signal.carrier_echo,corruption.intact
1538,feasibility_only_not_final_art,entity.hollow,access.user,architecture.sealed,material.porcelain,eyes.fractured,interface.none,implant.none,mantle.ceramic_mantle,background.relay_well,signal.carrier_echo,corruption.intact
1539,feasibility_only_not_final_art,entity.human,access.user,architecture.sealed,material.biosynth,eyes.void,interface.forensic_plate,implant.neural_cable,mantle.ceramic_mantle,background.rack_shadow,signal.silent,corruption.intact
1540,feasibility_only_not_final_art,entity.human,access.admin,architecture.inset,material.ceramic,eyes.biometric,interface.forensic_plate,implant.neural_cable,mantle.archive_coat,background.relay_well,signal.locked,corruption.checksum_burn
1541,feasibility_only_not_final_art,entity.human,access.user,architecture.sealed,material.ceramic,eyes.void,interface.none,implant.none,mantle.archive_coat,background.cold_storage,signal.intermittent,corruption.intact
1542,feasibility_only_not_final_art,entity.human,access.user,architecture.inset,material.porcelain,eyes.fractured,interface.respirator,implant.none,mantle.archive_coat,background.evidence_void,signal.unclocked,corruption.packet_ghosting
1543,feasibility_only_not_final_art,entity.synthetic,access.admin,architecture.double_plane,material.porcelain,eyes.biometric,interface.forensic_plate,implant.spinal_bus,mantle.archive_coat,background.anechoic_room,signal.silent,corruption.checksum_burn
1544,feasibility_only_not_final_art,entity.human,access.user,architecture.sealed,material.biosynth,eyes.biometric,interface.none,implant.spinal_bus,mantle.cable_shroud,background.relay_well,signal.locked,corruption.checksum_burn
1545,feasibility_only_not_final_art,entity.synthetic,access.user,architecture.sealed,material.biosynth,eyes.optical_array,interface.none,implant.neural_cable,mantle.archive_coat,background.service_tunnel,signal.intermittent,corruption.scan_shear
1546,feasibility_only_not_final_art,entity.synthetic,access.admin,architecture.inset,material.reconstructed,eyes.void,interface.respirator,implant.none,mantle.ceramic_mantle,background.evidence_void,signal.locked,corruption.scan_shear
1547,feasibility_only_not_final_art,entity.human,access.admin,architecture.inset,material.biosynth,eyes.thermal,interface.null_mask,implant.antenna,mantle.archive_coat,background.relay_well,signal.locked,corruption.intact
1548,feasibility_only_not_final_art,entity.synthetic,access.admin,architecture.double_plane,material.biosynth,eyes.fractured,interface.none,implant.spinal_bus,mantle.field_collar,background.cold_storage,signal.intermittent,corruption.intact
1549,feasibility_only_not_final_art,entity.synthetic,access.user,architecture.sealed,material.biosynth,eyes.void,interface.none,implant.neural_cable,mantle.ceramic_mantle,background.anechoic_room,signal.locked,corruption.scan_shear
1550,feasibility_only_not_final_art,entity.human,access.user,architecture.sealed,material.porcelain,eyes.void,interface.respirator,implant.neural_cable,mantle.cable_shroud,background.rack_shadow,signal.locked,corruption.checksum_burn
1551,feasibility_only_not_final_art,entity.human,access.user,architecture.inset,material.biosynth,eyes.biometric,interface.forensic_plate,implant.neural_cable,mantle.archive_coat,background.evidence_void,signal.carrier_echo,corruption.intact
1552,feasibility_only_not_final_art,entity.synthetic,access.user,architecture.sealed,material.carbon,eyes.thermal,interface.neural_veil,implant.neural_cable,mantle.archive_coat,background.cold_storage,signal.intermittent,corruption.intact
1553,feasibility_only_not_final_art,entity.synthetic,access.admin,architecture.double_plane,material.ceramic,eyes.biometric,interface.forensic_plate,implant.spinal_bus,mantle.ceramic_mantle,background.evidence_void,signal.locked,corruption.scan_shear
1554,feasibility_only_not_final_art,entity.human,access.admin,architecture.inset,material.porcelain,eyes.thermal,interface.none,implant.none,mantle.split_shell,background.evidence_void,signal.intermittent,corruption.intact
1555,feasibility_only_not_final_art,entity.synthetic,access.user,architecture.sealed,material.porcelain,eyes.optical_array,interface.none,implant.none,mantle.cable_shroud,background.evidence_void,signal.silent,corruption.intact
1556,feasibility_only_not_final_art,entity.hollow,access.admin,architecture.inset,material.ceramic,eyes.void,interface.null_mask,implant.memory_spindle,mantle.split_shell,background.evidence_void,signal.locked,corruption.packet_ghosting
1557,feasibility_only_not_final_art,entity.synthetic,access.user,architecture.sealed,material.porcelain,eyes.biometric,interface.respirator,implant.none,mantle.cable_shroud,background.evidence_void,signal.intermittent,corruption.intact
1558,feasibility_only_not_final_art,entity.human,access.system,architecture.suspended_core,material.carbon,eyes.void,interface.none,implant.root_port,mantle.cable_shroud,background.cold_storage,signal.intermittent,corruption.scan_shear
1559,feasibility_only_not_final_art,entity.human,access.user,architecture.sealed,material.carbon,eyes.thermal,interface.forensic_plate,implant.neural_cable,mantle.ceramic_mantle,background.relay_well,signal.intermittent,corruption.scan_shear
1560,feasibility_only_not_final_art,entity.human,access.user,architecture.sealed,material.porcelain,eyes.biometric,interface.respirator,implant.spinal_bus,mantle.cable_shroud,background.evidence_void,signal.locked,corruption.intact
1561,feasibility_only_not_final_art,entity.human,access.user,architecture.sealed,material.ceramic,eyes.fractured,interface.none,implant.antenna,mantle.field_collar,background.evidence_void,signal.locked,corruption.intact
1562,feasibility_only_not_final_art,entity.specter,access.system,architecture.suspended_core,material.reconstructed,eyes.void,interface.none,implant.root_port,mantle.archive_coat,background.cold_storage,signal.silent,corruption.checksum_burn
1563,feasibility_only_not_final_art,entity.synthetic,access.admin,architecture.inset,material.carbon,eyes.void,interface.none,implant.neural_cable,mantle.ceramic_mantle,background.evidence_void,signal.locked,corruption.scan_shear
1564,feasibility_only_not_final_art,entity.synthetic,access.user,architecture.sealed,material.ceramic,eyes.thermal,interface.neural_veil,implant.neural_cable,mantle.archive_coat,background.anechoic_room,signal.carrier_echo,corruption.scan_shear
1565,feasibility_only_not_final_art,entity.synthetic,access.user,architecture.sealed,material.porcelain,eyes.void,interface.none,implant.none,mantle.archive_coat,background.rack_shadow,signal.locked,corruption.scan_shear
1566,feasibility_only_not_final_art,entity.synthetic,access.user,architecture.sealed,material.biosynth,eyes.biometric,interface.respirator,implant.none,mantle.cable_shroud,background.cold_storage,signal.intermittent,corruption.intact
1567,feasibility_only_not_final_art,entity.human,access.user,architecture.sealed,material.reconstructed,eyes.thermal,interface.forensic_plate,implant.none,mantle.split_shell,background.evidence_void,signal.intermittent,corruption.intact
1568,feasibility_only_not_final_art,entity.human,access.admin,architecture.double_plane,material.biosynth,eyes.biometric,interface.none,implant.antenna,mantle.archive_coat,background.evidence_void,signal.locked,corruption.checksum_burn
1569,feasibility_only_not_final_art,entity.hollow,access.system,architecture.suspended_core,material.porcelain,eyes.fractured,interface.null_mask,implant.root_port,mantle.split_shell,background.evidence_void,signal.intermittent,corruption.intact
1570,feasibility_only_not_final_art,entity.synthetic,access.user,architecture.sealed,material.ceramic,eyes.biometric,interface.forensic_plate,implant.none,mantle.archive_coat,background.relay_well,signal.silent,corruption.scan_shear
1571,feasibility_only_not_final_art,entity.human,access.admin,architecture.double_plane,material.biosynth,eyes.thermal,interface.forensic_plate,implant.memory_spindle,mantle.ceramic_mantle,background.cold_storage,signal.locked,corruption.checksum_burn
1572,feasibility_only_not_final_art,entity.human,access.user,architecture.sealed,material.biosynth,eyes.thermal,interface.respirator,implant.none,mantle.archive_coat,background.rack_shadow,signal.intermittent,corruption.checksum_burn
1573,feasibility_only_not_final_art,entity.human,access.user,architecture.sealed,material.carbon,eyes.thermal,interface.forensic_plate,implant.neural_cable,mantle.archive_coat,background.service_tunnel,signal.locked,corruption.intact
1574,feasibility_only_not_final_art,entity.human,access.user,architecture.sealed,material.biosynth,eyes.thermal,interface.forensic_plate,implant.spinal_bus,mantle.ceramic_mantle,background.relay_well,signal.carrier_echo,corruption.scan_shear
1575,feasibility_only_not_final_art,entity.human,access.user,architecture.sealed,material.biosynth,eyes.biometric,interface.forensic_plate,implant.neural_cable,mantle.archive_coat,background.cold_storage,signal.locked,corruption.scan_shear
1576,feasibility_only_not_final_art,entity.synthetic,access.admin,architecture.inset,material.carbon,eyes.biometric,interface.neural_veil,implant.none,mantle.ceramic_mantle,background.evidence_void,signal.locked,corruption.scan_shear
1577,feasibility_only_not_final_art,entity.synthetic,access.user,architecture.inset,material.porcelain,eyes.fractured,interface.respirator,implant.spinal_bus,mantle.ceramic_mantle,background.cold_storage,signal.intermittent,corruption.intact
1578,feasibility_only_not_final_art,entity.human,access.user,architecture.sealed,material.carbon,eyes.biometric,interface.forensic_plate,implant.spinal_bus,mantle.cable_shroud,background.cold_storage,signal.intermittent,corruption.intact
1579,feasibility_only_not_final_art,entity.human,access.user,architecture.inset,material.porcelain,eyes.void,interface.respirator,implant.none,mantle.cable_shroud,background.cold_storage,signal.locked,corruption.packet_ghosting
1580,feasibility_only_not_final_art,entity.human,access.user,architecture.inset,material.porcelain,eyes.biometric,interface.forensic_plate,implant.neural_cable,mantle.ceramic_mantle,background.evidence_void,signal.silent,corruption.scan_shear
1581,feasibility_only_not_final_art,entity.synthetic,access.user,architecture.sealed,material.porcelain,eyes.biometric,interface.forensic_plate,implant.neural_cable,mantle.cable_shroud,background.rack_shadow,signal.locked,corruption.packet_ghosting
1582,feasibility_only_not_final_art,entity.human,access.admin,architecture.double_plane,material.ceramic,eyes.void,interface.none,implant.none,mantle.field_collar,background.evidence_void,signal.locked,corruption.scan_shear
1583,feasibility_only_not_final_art,entity.human,access.user,architecture.sealed,material.porcelain,eyes.thermal,interface.none,implant.neural_cable,mantle.ceramic_mantle,background.cold_storage,signal.intermittent,corruption.checksum_burn
1584,feasibility_only_not_final_art,entity.human,access.user,architecture.sealed,material.biosynth,eyes.biometric,interface.none,implant.none,mantle.cable_shroud,background.cold_storage,signal.locked,corruption.checksum_burn
1585,feasibility_only_not_final_art,entity.synthetic,access.user,architecture.sealed,material.biosynth,eyes.biometric,interface.neural_veil,implant.neural_cable,mantle.field_collar,background.evidence_void,signal.carrier_echo,corruption.intact
1586,feasibility_only_not_final_art,entity.specter,access.user,architecture.sealed,material.carbon,eyes.void,interface.forensic_plate,implant.none,mantle.ceramic_mantle,background.evidence_void,signal.locked,corruption.scan_shear
1587,feasibility_only_not_final_art,entity.specter,access.user,architecture.sealed,material.carbon,eyes.fractured,interface.forensic_plate,implant.antenna,mantle.cable_shroud,background.evidence_void,signal.locked,corruption.intact
1588,feasibility_only_not_final_art,entity.synthetic,access.user,architecture.sealed,material.porcelain,eyes.biometric,interface.none,implant.none,mantle.ceramic_mantle,background.rack_shadow,signal.locked,corruption.intact
1589,feasibility_only_not_final_art,entity.human,access.user,architecture.sealed,material.porcelain,eyes.thermal,interface.forensic_plate,implant.neural_cable,mantle.ceramic_mantle,background.cold_storage,signal.locked,corruption.scan_shear
1590,feasibility_only_not_final_art,entity.synthetic,access.user,architecture.sealed,material.reconstructed,eyes.void,interface.none,implant.none,mantle.cable_shroud,background.rack_shadow,signal.locked,corruption.intact
1591,feasibility_only_not_final_art,entity.human,access.user,architecture.sealed,material.carbon,eyes.thermal,interface.respirator,implant.neural_cable,mantle.archive_coat,background.cold_storage,signal.silent,corruption.scan_shear
1592,feasibility_only_not_final_art,entity.synthetic,access.user,architecture.inset,material.carbon,eyes.biometric,interface.forensic_plate,implant.spinal_bus,mantle.cable_shroud,background.cold_storage,signal.carrier_echo,corruption.checksum_burn
1593,feasibility_only_not_final_art,entity.human,access.user,architecture.inset,material.ceramic,eyes.fractured,interface.none,implant.antenna,mantle.field_collar,background.evidence_void,signal.silent,corruption.intact
1594,feasibility_only_not_final_art,entity.hollow,access.user,architecture.inset,material.ceramic,eyes.void,interface.none,implant.none,mantle.split_shell,background.evidence_void,signal.intermittent,corruption.intact
1595,feasibility_only_not_final_art,entity.hollow,access.admin,architecture.inset,material.carbon,eyes.void,interface.forensic_plate,implant.none,mantle.cable_shroud,background.rack_shadow,signal.silent,corruption.intact
1596,feasibility_only_not_final_art,entity.hollow,access.user,architecture.inset,material.ceramic,eyes.void,interface.forensic_plate,implant.none,mantle.archive_coat,background.rack_shadow,signal.intermittent,corruption.checksum_burn
1597,feasibility_only_not_final_art,entity.synthetic,access.user,architecture.sealed,material.biosynth,eyes.fractured,interface.null_mask,implant.neural_cable,mantle.ceramic_mantle,background.evidence_void,signal.intermittent,corruption.intact
1598,feasibility_only_not_final_art,entity.synthetic,access.user,architecture.sealed,material.biosynth,eyes.void,interface.null_mask,implant.none,mantle.ceramic_mantle,background.service_tunnel,signal.locked,corruption.intact
1599,feasibility_only_not_final_art,entity.human,access.user,architecture.sealed,material.carbon,eyes.thermal,interface.respirator,implant.neural_cable,mantle.field_collar,background.rack_shadow,signal.locked,corruption.intact
1600,feasibility_only_not_final_art,entity.synthetic,access.user,architecture.sealed,material.carbon,eyes.fractured,interface.neural_veil,implant.neural_cable,mantle.ceramic_mantle,background.evidence_void,signal.locked,corruption.checksum_burn
1601,feasibility_only_not_final_art,entity.hollow,access.user,architecture.inset,material.porcelain,eyes.void,interface.forensic_plate,implant.spinal_bus,mantle.ceramic_mantle,background.evidence_void,signal.locked,corruption.checksum_burn
1602,feasibility_only_not_final_art,entity.human,access.user,architecture.sealed,material.biosynth,eyes.thermal,interface.none,implant.neural_cable,mantle.archive_coat,background.evidence_void,signal.carrier_echo,corruption.scan_shear
1603,feasibility_only_not_final_art,entity.hollow,access.root,architecture.severed_halo,material.porcelain,eyes.fractured,interface.none,implant.signal_crown,mantle.ceramic_mantle,background.cold_storage,signal.locked,corruption.checksum_burn
1604,feasibility_only_not_final_art,entity.specter,access.user,architecture.sealed,material.phase_glass,eyes.signal_burn,interface.none,implant.none,mantle.ceramic_mantle,background.rack_shadow,signal.locked,corruption.intact
1605,feasibility_only_not_final_art,entity.synthetic,access.system,architecture.suspended_core,material.porcelain,eyes.thermal,interface.neural_veil,implant.root_port,mantle.ceramic_mantle,background.anechoic_room,signal.locked,corruption.scan_shear
1606,feasibility_only_not_final_art,entity.synthetic,access.user,architecture.sealed,material.biosynth,eyes.thermal,interface.none,implant.antenna,mantle.archive_coat,background.evidence_void,signal.locked,corruption.intact
1607,feasibility_only_not_final_art,entity.synthetic,access.admin,architecture.double_plane,material.porcelain,eyes.void,interface.none,implant.none,mantle.archive_coat,background.evidence_void,signal.silent,corruption.checksum_burn
1608,feasibility_only_not_final_art,entity.specter,access.user,architecture.sealed,material.reconstructed,eyes.fractured,interface.skeletal_interface,implant.none,mantle.archive_coat,background.cold_storage,signal.locked,corruption.intact
1609,feasibility_only_not_final_art,entity.human,access.admin,architecture.inset,material.biosynth,eyes.fractured,interface.forensic_plate,implant.spinal_bus,mantle.ceramic_mantle,background.cold_storage,signal.locked,corruption.intact
1610,feasibility_only_not_final_art,entity.synthetic,access.user,architecture.sealed,material.biosynth,eyes.fractured,interface.respirator,implant.none,mantle.archive_coat,background.cold_storage,signal.locked,corruption.intact
1611,feasibility_only_not_final_art,entity.human,access.user,architecture.sealed,material.reconstructed,eyes.void,interface.respirator,implant.spinal_bus,mantle.ceramic_mantle,background.anechoic_room,signal.locked,corruption.intact
1612,feasibility_only_not_final_art,entity.hollow,access.user,architecture.sealed,material.carbon,eyes.fractured,interface.none,implant.none,mantle.archive_coat,background.relay_well,signal.intermittent,corruption.memory_bleed
1613,feasibility_only_not_final_art,entity.human,access.user,architecture.inset,material.porcelain,eyes.biometric,interface.none,implant.neural_cable,mantle.split_shell,background.rack_shadow,signal.intermittent,corruption.scan_shear
1614,feasibility_only_not_final_art,entity.human,access.user,architecture.sealed,material.reconstructed,eyes.fractured,interface.none,implant.none,mantle.ceramic_mantle,background.rack_shadow,signal.locked,corruption.intact
1615,feasibility_only_not_final_art,entity.hollow,access.admin,architecture.double_plane,material.reconstructed,eyes.void,interface.none,implant.none,mantle.archive_coat,background.evidence_void,signal.locked,corruption.scan_shear
1616,feasibility_only_not_final_art,entity.human,access.user,architecture.sealed,material.reconstructed,eyes.void,interface.respirator,implant.none,mantle.archive_coat,background.rack_shadow,signal.intermittent,corruption.intact
1617,feasibility_only_not_final_art,entity.synthetic,access.user,architecture.inset,material.ceramic,eyes.thermal,interface.forensic_plate,implant.none,mantle.field_collar,background.evidence_void,signal.intermittent,corruption.scan_shear
1618,feasibility_only_not_final_art,entity.synthetic,access.user,architecture.sealed,material.biosynth,eyes.biometric,interface.none,implant.spinal_bus,mantle.ceramic_mantle,background.evidence_void,signal.locked,corruption.intact
1619,feasibility_only_not_final_art,entity.synthetic,access.admin,architecture.double_plane,material.biosynth,eyes.biometric,interface.forensic_plate,implant.none,mantle.ceramic_mantle,background.evidence_void,signal.carrier_echo,corruption.scan_shear
1620,feasibility_only_not_final_art,entity.human,access.user,architecture.sealed,material.carbon,eyes.biometric,interface.respirator,implant.none,mantle.ceramic_mantle,background.rack_shadow,signal.locked,corruption.intact
1621,feasibility_only_not_final_art,entity.human,access.user,architecture.inset,material.biosynth,eyes.void,interface.none,implant.spinal_bus,mantle.archive_coat,background.rack_shadow,signal.locked,corruption.scan_shear
1622,feasibility_only_not_final_art,entity.human,access.user,architecture.inset,material.ceramic,eyes.biometric,interface.none,implant.none,mantle.archive_coat,background.evidence_void,signal.silent,corruption.intact
1623,feasibility_only_not_final_art,entity.human,access.user,architecture.inset,material.carbon,eyes.thermal,interface.forensic_plate,implant.neural_cable,mantle.ceramic_mantle,background.relay_well,signal.locked,corruption.intact
1624,feasibility_only_not_final_art,entity.synthetic,access.user,architecture.sealed,material.porcelain,eyes.void,interface.respirator,implant.spinal_bus,mantle.ceramic_mantle,background.evidence_void,signal.locked,corruption.intact
1625,feasibility_only_not_final_art,entity.synthetic,access.user,architecture.inset,material.carbon,eyes.thermal,interface.null_mask,implant.none,mantle.ceramic_mantle,background.relay_well,signal.locked,corruption.checksum_burn
1626,feasibility_only_not_final_art,entity.synthetic,access.user,architecture.inset,material.biosynth,eyes.void,interface.neural_veil,implant.spinal_bus,mantle.field_collar,background.relay_well,signal.silent,corruption.intact
1627,feasibility_only_not_final_art,entity.human,access.user,architecture.sealed,material.porcelain,eyes.fractured,interface.null_mask,implant.none,mantle.archive_coat,background.cold_storage,signal.unclocked,corruption.intact
1628,feasibility_only_not_final_art,entity.hollow,access.user,architecture.sealed,material.porcelain,eyes.void,interface.forensic_plate,implant.none,mantle.split_shell,background.rack_shadow,signal.intermittent,corruption.intact
1629,feasibility_only_not_final_art,entity.human,access.user,architecture.sealed,material.porcelain,eyes.thermal,interface.none,implant.none,mantle.field_collar,background.evidence_void,signal.locked,corruption.intact
1630,feasibility_only_not_final_art,entity.human,access.admin,architecture.inset,material.biosynth,eyes.thermal,interface.respirator,implant.neural_cable,mantle.archive_coat,background.relay_well,signal.silent,corruption.scan_shear
1631,feasibility_only_not_final_art,entity.human,access.user,architecture.sealed,material.biosynth,eyes.biometric,interface.none,implant.spinal_bus,mantle.ceramic_mantle,background.rack_shadow,signal.unclocked,corruption.intact
1632,feasibility_only_not_final_art,entity.human,access.user,architecture.inset,material.biosynth,eyes.fractured,interface.forensic_plate,implant.spinal_bus,mantle.split_shell,background.evidence_void,signal.carrier_echo,corruption.intact
1633,feasibility_only_not_final_art,entity.synthetic,access.system,architecture.suspended_core,material.biosynth,eyes.fractured,interface.forensic_plate,implant.root_port,mantle.ceramic_mantle,background.service_tunnel,signal.locked,corruption.intact
1634,feasibility_only_not_final_art,entity.human,access.user,architecture.sealed,material.biosynth,eyes.void,interface.forensic_plate,implant.neural_cable,mantle.cable_shroud,background.cold_storage,signal.locked,corruption.intact
1635,feasibility_only_not_final_art,entity.human,access.user,architecture.sealed,material.carbon,eyes.biometric,interface.none,implant.spinal_bus,mantle.archive_coat,background.evidence_void,signal.intermittent,corruption.scan_shear
1636,feasibility_only_not_final_art,entity.synthetic,access.user,architecture.sealed,material.carbon,eyes.thermal,interface.respirator,implant.antenna,mantle.ceramic_mantle,background.cold_storage,signal.carrier_echo,corruption.intact
1637,feasibility_only_not_final_art,entity.synthetic,access.user,architecture.sealed,material.carbon,eyes.thermal,interface.null_mask,implant.neural_cable,mantle.cable_shroud,background.rack_shadow,signal.intermittent,corruption.intact
1638,feasibility_only_not_final_art,entity.hollow,access.user,architecture.sealed,material.carbon,eyes.fractured,interface.neural_veil,implant.none,mantle.archive_coat,background.relay_well,signal.locked,corruption.intact
1639,feasibility_only_not_final_art,entity.human,access.user,architecture.sealed,material.porcelain,eyes.thermal,interface.none,implant.none,mantle.ceramic_mantle,background.relay_well,signal.carrier_echo,corruption.intact
1640,feasibility_only_not_final_art,entity.hollow,access.user,architecture.inset,material.reconstructed,eyes.void,interface.neural_veil,implant.spinal_bus,mantle.split_shell,background.service_tunnel,signal.locked,corruption.intact
1641,feasibility_only_not_final_art,entity.synthetic,access.admin,architecture.double_plane,material.biosynth,eyes.void,interface.respirator,implant.none,mantle.field_collar,background.evidence_void,signal.locked,corruption.scan_shear
1642,feasibility_only_not_final_art,entity.human,access.system,architecture.suspended_core,material.carbon,eyes.thermal,interface.respirator,implant.root_port,mantle.split_shell,background.service_tunnel,signal.locked,corruption.scan_shear
1643,feasibility_only_not_final_art,entity.synthetic,access.user,architecture.sealed,material.biosynth,eyes.void,interface.forensic_plate,implant.none,mantle.archive_coat,background.relay_well,signal.locked,corruption.checksum_burn
1644,feasibility_only_not_final_art,entity.synthetic,access.user,architecture.sealed,material.ceramic,eyes.thermal,interface.neural_veil,implant.none,mantle.field_collar,background.anechoic_room,signal.locked,corruption.intact
1645,feasibility_only_not_final_art,entity.human,access.user,architecture.inset,material.carbon,eyes.void,interface.respirator,implant.none,mantle.ceramic_mantle,background.evidence_void,signal.locked,corruption.intact
1646,feasibility_only_not_final_art,entity.human,access.admin,architecture.inset,material.biosynth,eyes.thermal,interface.none,implant.spinal_bus,mantle.archive_coat,background.relay_well,signal.locked,corruption.intact
1647,feasibility_only_not_final_art,entity.human,access.user,architecture.sealed,material.carbon,eyes.thermal,interface.forensic_plate,implant.antenna,mantle.ceramic_mantle,background.evidence_void,signal.silent,corruption.intact
1648,feasibility_only_not_final_art,entity.human,access.user,architecture.sealed,material.porcelain,eyes.biometric,interface.forensic_plate,implant.antenna,mantle.ceramic_mantle,background.cold_storage,signal.locked,corruption.intact
1649,feasibility_only_not_final_art,entity.human,access.admin,architecture.inset,material.biosynth,eyes.thermal,interface.none,implant.neural_cable,mantle.cable_shroud,background.evidence_void,signal.carrier_echo,corruption.intact
1650,feasibility_only_not_final_art,entity.human,access.user,architecture.sealed,material.biosynth,eyes.thermal,interface.none,implant.spinal_bus,mantle.ceramic_mantle,background.rack_shadow,signal.locked,corruption.scan_shear
1651,feasibility_only_not_final_art,entity.hollow,access.admin,architecture.double_plane,material.carbon,eyes.void,interface.none,implant.neural_cable,mantle.ceramic_mantle,background.anechoic_room,signal.intermittent,corruption.checksum_burn
1652,feasibility_only_not_final_art,entity.human,access.user,architecture.sealed,material.carbon,eyes.fractured,interface.forensic_plate,implant.neural_cable,mantle.cable_shroud,background.rack_shadow,signal.locked,corruption.intact
1653,feasibility_only_not_final_art,entity.synthetic,access.user,architecture.inset,material.biosynth,eyes.thermal,interface.forensic_plate,implant.spinal_bus,mantle.ceramic_mantle,background.evidence_void,signal.carrier_echo,corruption.checksum_burn
1654,feasibility_only_not_final_art,entity.human,access.admin,architecture.double_plane,material.carbon,eyes.biometric,interface.respirator,implant.neural_cable,mantle.archive_coat,background.relay_well,signal.locked,corruption.intact
1655,feasibility_only_not_final_art,entity.specter,access.system,architecture.suspended_core,material.reconstructed,eyes.signal_burn,interface.forensic_plate,implant.root_port,mantle.cable_shroud,background.evidence_void,signal.locked,corruption.scan_shear
1656,feasibility_only_not_final_art,entity.synthetic,access.user,architecture.sealed,material.biosynth,eyes.biometric,interface.neural_veil,implant.neural_cable,mantle.archive_coat,background.cold_storage,signal.locked,corruption.scan_shear
1657,feasibility_only_not_final_art,entity.hollow,access.user,architecture.sealed,material.porcelain,eyes.void,interface.none,implant.antenna,mantle.cable_shroud,background.rack_shadow,signal.carrier_echo,corruption.scan_shear
1658,feasibility_only_not_final_art,entity.human,access.user,architecture.sealed,material.porcelain,eyes.void,interface.none,implant.spinal_bus,mantle.field_collar,background.evidence_void,signal.carrier_echo,corruption.scan_shear
1659,feasibility_only_not_final_art,entity.human,access.user,architecture.sealed,material.biosynth,eyes.biometric,interface.none,implant.spinal_bus,mantle.split_shell,background.cold_storage,signal.silent,corruption.scan_shear
1660,feasibility_only_not_final_art,entity.synthetic,access.user,architecture.sealed,material.biosynth,eyes.thermal,interface.neural_veil,implant.spinal_bus,mantle.archive_coat,background.cold_storage,signal.locked,corruption.intact
1661,feasibility_only_not_final_art,entity.synthetic,access.user,architecture.sealed,material.biosynth,eyes.biometric,interface.none,implant.antenna,mantle.field_collar,background.evidence_void,signal.unclocked,corruption.scan_shear
1662,feasibility_only_not_final_art,entity.hollow,access.admin,architecture.double_plane,material.carbon,eyes.void,interface.none,implant.none,mantle.ceramic_mantle,background.relay_well,signal.carrier_echo,corruption.intact
1663,feasibility_only_not_final_art,entity.human,access.system,architecture.suspended_core,material.biosynth,eyes.void,interface.respirator,implant.root_port,mantle.field_collar,background.cold_storage,signal.carrier_echo,corruption.scan_shear
1664,feasibility_only_not_final_art,entity.hollow,access.user,architecture.sealed,material.porcelain,eyes.void,interface.none,implant.neural_cable,mantle.cable_shroud,background.relay_well,signal.carrier_echo,corruption.intact
1665,feasibility_only_not_final_art,entity.synthetic,access.user,architecture.inset,material.biosynth,eyes.void,interface.null_mask,implant.neural_cable,mantle.ceramic_mantle,background.evidence_void,signal.intermittent,corruption.scan_shear
1666,feasibility_only_not_final_art,entity.specter,access.admin,architecture.inset,material.phase_glass,eyes.void,interface.forensic_plate,implant.neural_cable,mantle.archive_coat,background.evidence_void,signal.intermittent,corruption.scan_shear
1667,feasibility_only_not_final_art,entity.hollow,access.user,architecture.sealed,material.ceramic,eyes.void,interface.none,implant.none,mantle.ceramic_mantle,background.anechoic_room,signal.locked,corruption.scan_shear
1668,feasibility_only_not_final_art,entity.human,access.user,architecture.inset,material.ceramic,eyes.biometric,interface.forensic_plate,implant.spinal_bus,mantle.ceramic_mantle,background.cold_storage,signal.locked,corruption.intact
1669,feasibility_only_not_final_art,entity.human,access.system,architecture.suspended_core,material.porcelain,eyes.void,interface.respirator,implant.root_port,mantle.archive_coat,background.relay_well,signal.carrier_echo,corruption.checksum_burn
1670,feasibility_only_not_final_art,entity.synthetic,access.user,architecture.sealed,material.biosynth,eyes.biometric,interface.neural_veil,implant.spinal_bus,mantle.archive_coat,background.service_tunnel,signal.intermittent,corruption.checksum_burn
1671,feasibility_only_not_final_art,entity.synthetic,access.admin,architecture.double_plane,material.ceramic,eyes.fractured,interface.forensic_plate,implant.none,mantle.split_shell,background.evidence_void,signal.locked,corruption.intact
1672,feasibility_only_not_final_art,entity.hollow,access.admin,architecture.inset,material.ceramic,eyes.void,interface.none,implant.antenna,mantle.archive_coat,background.relay_well,signal.intermittent,corruption.scan_shear
1673,feasibility_only_not_final_art,entity.synthetic,access.user,architecture.inset,material.carbon,eyes.thermal,interface.forensic_plate,implant.none,mantle.split_shell,background.cold_storage,signal.locked,corruption.intact
1674,feasibility_only_not_final_art,entity.human,access.admin,architecture.double_plane,material.porcelain,eyes.thermal,interface.respirator,implant.neural_cable,mantle.ceramic_mantle,background.rack_shadow,signal.intermittent,corruption.checksum_burn
1675,feasibility_only_not_final_art,entity.specter,access.user,architecture.inset,material.reconstructed,eyes.signal_burn,interface.forensic_plate,implant.none,mantle.unsupported_frame,background.cold_storage,signal.locked,corruption.packet_ghosting
1676,feasibility_only_not_final_art,entity.human,access.user,architecture.sealed,material.biosynth,eyes.fractured,interface.none,implant.spinal_bus,mantle.ceramic_mantle,background.service_tunnel,signal.silent,corruption.intact
1677,feasibility_only_not_final_art,entity.synthetic,access.user,architecture.sealed,material.carbon,eyes.biometric,interface.respirator,implant.spinal_bus,mantle.ceramic_mantle,background.relay_well,signal.locked,corruption.intact
1678,feasibility_only_not_final_art,entity.human,access.user,architecture.sealed,material.biosynth,eyes.biometric,interface.forensic_plate,implant.none,mantle.archive_coat,background.relay_well,signal.locked,corruption.checksum_burn
1679,feasibility_only_not_final_art,entity.synthetic,access.user,architecture.sealed,material.reconstructed,eyes.thermal,interface.null_mask,implant.neural_cable,mantle.cable_shroud,background.cold_storage,signal.carrier_echo,corruption.intact
1680,feasibility_only_not_final_art,entity.human,access.user,architecture.sealed,material.carbon,eyes.biometric,interface.respirator,implant.neural_cable,mantle.ceramic_mantle,background.evidence_void,signal.locked,corruption.checksum_burn
1681,feasibility_only_not_final_art,entity.synthetic,access.user,architecture.sealed,material.biosynth,eyes.thermal,interface.neural_veil,implant.spinal_bus,mantle.ceramic_mantle,background.anechoic_room,signal.locked,corruption.scan_shear
1682,feasibility_only_not_final_art,entity.hollow,access.user,architecture.sealed,material.porcelain,eyes.void,interface.neural_veil,implant.none,mantle.archive_coat,background.evidence_void,signal.locked,corruption.scan_shear
1683,feasibility_only_not_final_art,entity.human,access.user,architecture.inset,material.biosynth,eyes.biometric,interface.none,implant.none,mantle.archive_coat,background.evidence_void,signal.locked,corruption.packet_ghosting
1684,feasibility_only_not_final_art,entity.human,access.user,architecture.sealed,material.ceramic,eyes.biometric,interface.respirator,implant.neural_cable,mantle.ceramic_mantle,background.service_tunnel,signal.locked,corruption.scan_shear
1685,feasibility_only_not_final_art,entity.hollow,access.admin,architecture.inset,material.porcelain,eyes.void,interface.none,implant.none,mantle.field_collar,background.evidence_void,signal.locked,corruption.intact
1686,feasibility_only_not_final_art,entity.synthetic,access.admin,architecture.double_plane,material.biosynth,eyes.thermal,interface.none,implant.spinal_bus,mantle.field_collar,background.evidence_void,signal.locked,corruption.intact
1687,feasibility_only_not_final_art,entity.synthetic,access.admin,architecture.double_plane,material.biosynth,eyes.biometric,interface.neural_veil,implant.antenna,mantle.cable_shroud,background.evidence_void,signal.intermittent,corruption.scan_shear
1688,feasibility_only_not_final_art,entity.synthetic,access.user,architecture.sealed,material.porcelain,eyes.biometric,interface.forensic_plate,implant.none,mantle.archive_coat,background.cold_storage,signal.locked,corruption.scan_shear
1689,feasibility_only_not_final_art,entity.human,access.user,architecture.sealed,material.biosynth,eyes.thermal,interface.respirator,implant.neural_cable,mantle.ceramic_mantle,background.relay_well,signal.intermittent,corruption.scan_shear
1690,feasibility_only_not_final_art,entity.human,access.admin,architecture.inset,material.porcelain,eyes.void,interface.forensic_plate,implant.spinal_bus,mantle.split_shell,background.service_tunnel,signal.locked,corruption.scan_shear
1691,feasibility_only_not_final_art,entity.synthetic,access.user,architecture.inset,material.porcelain,eyes.thermal,interface.forensic_plate,implant.antenna,mantle.archive_coat,background.evidence_void,signal.locked,corruption.intact
1692,feasibility_only_not_final_art,entity.hollow,access.user,architecture.sealed,material.carbon,eyes.optical_array,interface.none,implant.neural_cable,mantle.ceramic_mantle,background.cold_storage,signal.silent,corruption.intact
1693,feasibility_only_not_final_art,entity.synthetic,access.admin,architecture.double_plane,material.biosynth,eyes.biometric,interface.forensic_plate,implant.none,mantle.archive_coat,background.anechoic_room,signal.locked,corruption.intact
1694,feasibility_only_not_final_art,entity.synthetic,access.user,architecture.sealed,material.carbon,eyes.fractured,interface.none,implant.antenna,mantle.cable_shroud,background.relay_well,signal.locked,corruption.intact
1695,feasibility_only_not_final_art,entity.specter,access.admin,architecture.double_plane,material.reconstructed,eyes.signal_burn,interface.none,implant.antenna,mantle.cable_shroud,background.evidence_void,signal.locked,corruption.scan_shear
1696,feasibility_only_not_final_art,entity.human,access.admin,architecture.double_plane,material.porcelain,eyes.biometric,interface.respirator,implant.spinal_bus,mantle.split_shell,background.evidence_void,signal.locked,corruption.intact
1697,feasibility_only_not_final_art,entity.human,access.user,architecture.inset,material.ceramic,eyes.thermal,interface.respirator,implant.none,mantle.field_collar,background.cold_storage,signal.intermittent,corruption.intact
1698,feasibility_only_not_final_art,entity.synthetic,access.admin,architecture.double_plane,material.porcelain,eyes.fractured,interface.respirator,implant.neural_cable,mantle.archive_coat,background.cold_storage,signal.intermittent,corruption.intact
1699,feasibility_only_not_final_art,entity.human,access.user,architecture.sealed,material.biosynth,eyes.thermal,interface.none,implant.antenna,mantle.cable_shroud,background.cold_storage,signal.carrier_echo,corruption.intact
1700,feasibility_only_not_final_art,entity.synthetic,access.user,architecture.inset,material.reconstructed,eyes.thermal,interface.neural_veil,implant.none,mantle.archive_coat,background.cold_storage,signal.intermittent,corruption.intact
1701,feasibility_only_not_final_art,entity.hollow,access.user,architecture.sealed,material.porcelain,eyes.void,interface.forensic_plate,implant.spinal_bus,mantle.split_shell,background.evidence_void,signal.carrier_echo,corruption.intact
1702,feasibility_only_not_final_art,entity.synthetic,access.admin,architecture.inset,material.biosynth,eyes.biometric,interface.respirator,implant.none,mantle.ceramic_mantle,background.rack_shadow,signal.intermittent,corruption.scan_shear
1703,feasibility_only_not_final_art,entity.synthetic,access.root,architecture.severed_halo,material.biosynth,eyes.optical_array,interface.forensic_plate,implant.signal_crown,mantle.archive_coat,background.cold_storage,signal.locked,corruption.intact
1704,feasibility_only_not_final_art,entity.human,access.admin,architecture.double_plane,material.biosynth,eyes.biometric,interface.forensic_plate,implant.none,mantle.archive_coat,background.evidence_void,signal.locked,corruption.scan_shear
1705,feasibility_only_not_final_art,entity.synthetic,access.user,architecture.sealed,material.biosynth,eyes.biometric,interface.neural_veil,implant.neural_cable,mantle.archive_coat,background.cold_storage,signal.intermittent,corruption.scan_shear
1706,feasibility_only_not_final_art,entity.human,access.user,architecture.sealed,material.carbon,eyes.fractured,interface.forensic_plate,implant.none,mantle.archive_coat,background.rack_shadow,signal.intermittent,corruption.intact
1707,feasibility_only_not_final_art,entity.specter,access.user,architecture.inset,material.carbon,eyes.fractured,interface.none,implant.spinal_bus,mantle.field_collar,background.evidence_void,signal.locked,corruption.intact
1708,feasibility_only_not_final_art,entity.synthetic,access.user,architecture.sealed,material.biosynth,eyes.biometric,interface.forensic_plate,implant.none,mantle.cable_shroud,background.cold_storage,signal.intermittent,corruption.intact
1709,feasibility_only_not_final_art,entity.hollow,access.admin,architecture.double_plane,material.carbon,eyes.optical_array,interface.forensic_plate,implant.spinal_bus,mantle.cable_shroud,background.cold_storage,signal.intermittent,corruption.intact
1710,feasibility_only_not_final_art,entity.synthetic,access.admin,architecture.inset,material.biosynth,eyes.thermal,interface.forensic_plate,implant.none,mantle.split_shell,background.rack_shadow,signal.locked,corruption.intact
1711,feasibility_only_not_final_art,entity.human,access.system,architecture.suspended_core,material.porcelain,eyes.thermal,interface.respirator,implant.root_port,mantle.archive_coat,background.evidence_void,signal.intermittent,corruption.intact
1712,feasibility_only_not_final_art,entity.synthetic,access.user,architecture.sealed,material.biosynth,eyes.void,interface.none,implant.none,mantle.ceramic_mantle,background.rack_shadow,signal.locked,corruption.checksum_burn
1713,feasibility_only_not_final_art,entity.human,access.admin,architecture.double_plane,material.porcelain,eyes.biometric,interface.respirator,implant.spinal_bus,mantle.archive_coat,background.anechoic_room,signal.locked,corruption.intact
1714,feasibility_only_not_final_art,entity.synthetic,access.admin,architecture.double_plane,material.porcelain,eyes.fractured,interface.none,implant.none,mantle.ceramic_mantle,background.service_tunnel,signal.intermittent,corruption.intact
1715,feasibility_only_not_final_art,entity.specter,access.user,architecture.sealed,material.carbon,eyes.signal_burn,interface.neural_veil,implant.spinal_bus,mantle.cable_shroud,background.relay_well,signal.locked,corruption.scan_shear
1716,feasibility_only_not_final_art,entity.human,access.user,architecture.sealed,material.carbon,eyes.void,interface.null_mask,implant.none,mantle.archive_coat,background.evidence_void,signal.carrier_echo,corruption.intact
1717,feasibility_only_not_final_art,entity.specter,access.user,architecture.sealed,material.carbon,eyes.signal_burn,interface.forensic_plate,implant.antenna,mantle.archive_coat,background.anechoic_room,signal.locked,corruption.checksum_burn
1718,feasibility_only_not_final_art,entity.synthetic,access.admin,architecture.double_plane,material.porcelain,eyes.biometric,interface.respirator,implant.spinal_bus,mantle.field_collar,background.evidence_void,signal.carrier_echo,corruption.packet_ghosting
1719,feasibility_only_not_final_art,entity.hollow,access.user,architecture.sealed,material.porcelain,eyes.fractured,interface.forensic_plate,implant.spinal_bus,mantle.field_collar,background.relay_well,signal.locked,corruption.packet_ghosting
1720,feasibility_only_not_final_art,entity.synthetic,access.user,architecture.sealed,material.biosynth,eyes.thermal,interface.none,implant.none,mantle.cable_shroud,background.rack_shadow,signal.locked,corruption.intact
1721,feasibility_only_not_final_art,entity.human,access.user,architecture.sealed,material.biosynth,eyes.biometric,interface.forensic_plate,implant.none,mantle.archive_coat,background.service_tunnel,signal.locked,corruption.checksum_burn
1722,feasibility_only_not_final_art,entity.synthetic,access.user,architecture.sealed,material.carbon,eyes.void,interface.forensic_plate,implant.spinal_bus,mantle.ceramic_mantle,background.cold_storage,signal.locked,corruption.scan_shear
1723,feasibility_only_not_final_art,entity.hollow,access.user,architecture.sealed,material.carbon,eyes.fractured,interface.null_mask,implant.neural_cable,mantle.ceramic_mantle,background.evidence_void,signal.intermittent,corruption.intact
1724,feasibility_only_not_final_art,entity.synthetic,access.admin,architecture.double_plane,material.biosynth,eyes.void,interface.forensic_plate,implant.memory_spindle,mantle.cable_shroud,background.rack_shadow,signal.locked,corruption.scan_shear
1725,feasibility_only_not_final_art,entity.synthetic,access.user,architecture.sealed,material.porcelain,eyes.thermal,interface.neural_veil,implant.neural_cable,mantle.field_collar,background.service_tunnel,signal.carrier_echo,corruption.packet_ghosting
1726,feasibility_only_not_final_art,entity.human,access.system,architecture.suspended_core,material.porcelain,eyes.biometric,interface.respirator,implant.root_port,mantle.archive_coat,background.anechoic_room,signal.locked,corruption.packet_ghosting
1727,feasibility_only_not_final_art,entity.human,access.user,architecture.sealed,material.ceramic,eyes.biometric,interface.forensic_plate,implant.spinal_bus,mantle.split_shell,background.anechoic_room,signal.locked,corruption.packet_ghosting
1728,feasibility_only_not_final_art,entity.specter,access.admin,architecture.double_plane,material.carbon,eyes.signal_burn,interface.none,implant.none,mantle.archive_coat,background.rack_shadow,signal.intermittent,corruption.intact
1729,feasibility_only_not_final_art,entity.hollow,access.user,architecture.sealed,material.carbon,eyes.void,interface.forensic_plate,implant.none,mantle.split_shell,background.rack_shadow,signal.locked,corruption.intact
1730,feasibility_only_not_final_art,entity.human,access.user,architecture.sealed,material.carbon,eyes.thermal,interface.forensic_plate,implant.spinal_bus,mantle.split_shell,background.rack_shadow,signal.locked,corruption.intact
1731,feasibility_only_not_final_art,entity.human,access.user,architecture.sealed,material.porcelain,eyes.void,interface.none,implant.neural_cable,mantle.ceramic_mantle,background.evidence_void,signal.intermittent,corruption.intact
1732,feasibility_only_not_final_art,entity.synthetic,access.admin,architecture.double_plane,material.porcelain,eyes.biometric,interface.respirator,implant.none,mantle.split_shell,background.service_tunnel,signal.locked,corruption.intact
1733,feasibility_only_not_final_art,entity.synthetic,access.user,architecture.sealed,material.ceramic,eyes.biometric,interface.forensic_plate,implant.spinal_bus,mantle.cable_shroud,background.rack_shadow,signal.intermittent,corruption.intact
1734,feasibility_only_not_final_art,entity.specter,access.admin,architecture.double_plane,material.reconstructed,eyes.signal_burn,interface.none,implant.none,mantle.unsupported_frame,background.service_tunnel,signal.intermittent,corruption.intact
1735,feasibility_only_not_final_art,entity.human,access.user,architecture.sealed,material.carbon,eyes.biometric,interface.respirator,implant.spinal_bus,mantle.cable_shroud,background.cold_storage,signal.locked,corruption.scan_shear
1736,feasibility_only_not_final_art,entity.human,access.user,architecture.sealed,material.biosynth,eyes.biometric,interface.none,implant.spinal_bus,mantle.field_collar,background.service_tunnel,signal.locked,corruption.intact
1737,feasibility_only_not_final_art,entity.hollow,access.user,architecture.sealed,material.porcelain,eyes.optical_array,interface.neural_veil,implant.neural_cable,mantle.archive_coat,background.cold_storage,signal.intermittent,corruption.intact
1738,feasibility_only_not_final_art,entity.human,access.admin,architecture.double_plane,material.porcelain,eyes.void,interface.none,implant.none,mantle.ceramic_mantle,background.evidence_void,signal.locked,corruption.intact
1739,feasibility_only_not_final_art,entity.synthetic,access.admin,architecture.double_plane,material.biosynth,eyes.thermal,interface.none,implant.spinal_bus,mantle.ceramic_mantle,background.evidence_void,signal.locked,corruption.intact
1740,feasibility_only_not_final_art,entity.human,access.user,architecture.inset,material.biosynth,eyes.biometric,interface.none,implant.spinal_bus,mantle.field_collar,background.evidence_void,signal.locked,corruption.packet_ghosting
1741,feasibility_only_not_final_art,entity.synthetic,access.user,architecture.sealed,material.porcelain,eyes.biometric,interface.forensic_plate,implant.antenna,mantle.split_shell,background.relay_well,signal.locked,corruption.intact
1742,feasibility_only_not_final_art,entity.synthetic,access.user,architecture.inset,material.biosynth,eyes.optical_array,interface.none,implant.none,mantle.archive_coat,background.cold_storage,signal.intermittent,corruption.scan_shear
1743,feasibility_only_not_final_art,entity.hollow,access.admin,architecture.double_plane,material.carbon,eyes.fractured,interface.forensic_plate,implant.neural_cable,mantle.cable_shroud,background.evidence_void,signal.carrier_echo,corruption.packet_ghosting
1744,feasibility_only_not_final_art,entity.synthetic,access.user,architecture.sealed,material.porcelain,eyes.void,interface.none,implant.neural_cable,mantle.ceramic_mantle,background.anechoic_room,signal.carrier_echo,corruption.intact
1745,feasibility_only_not_final_art,entity.synthetic,access.user,architecture.sealed,material.porcelain,eyes.optical_array,interface.forensic_plate,implant.none,mantle.field_collar,background.service_tunnel,signal.silent,corruption.intact
1746,feasibility_only_not_final_art,entity.synthetic,access.admin,architecture.inset,material.biosynth,eyes.thermal,interface.none,implant.neural_cable,mantle.archive_coat,background.cold_storage,signal.intermittent,corruption.intact
1747,feasibility_only_not_final_art,entity.synthetic,access.user,architecture.inset,material.porcelain,eyes.thermal,interface.forensic_plate,implant.neural_cable,mantle.cable_shroud,background.uplink_black,signal.intermittent,corruption.intact
1748,feasibility_only_not_final_art,entity.synthetic,access.user,architecture.sealed,material.carbon,eyes.void,interface.none,implant.spinal_bus,mantle.cable_shroud,background.evidence_void,signal.intermittent,corruption.scan_shear
1749,feasibility_only_not_final_art,entity.human,access.user,architecture.sealed,material.reconstructed,eyes.void,interface.none,implant.antenna,mantle.archive_coat,background.cold_storage,signal.locked,corruption.intact
1750,feasibility_only_not_final_art,entity.human,access.admin,architecture.double_plane,material.carbon,eyes.thermal,interface.none,implant.none,mantle.ceramic_mantle,background.rack_shadow,signal.carrier_echo,corruption.scan_shear
1751,feasibility_only_not_final_art,entity.human,access.user,architecture.sealed,material.biosynth,eyes.thermal,interface.none,implant.spinal_bus,mantle.split_shell,background.rack_shadow,signal.silent,corruption.intact
1752,feasibility_only_not_final_art,entity.hollow,access.user,architecture.sealed,material.porcelain,eyes.fractured,interface.neural_veil,implant.neural_cable,mantle.archive_coat,background.rack_shadow,signal.silent,corruption.intact
1753,feasibility_only_not_final_art,entity.specter,access.user,architecture.sealed,material.reconstructed,eyes.void,interface.none,implant.spinal_bus,mantle.cable_shroud,background.cold_storage,signal.carrier_echo,corruption.intact
1754,feasibility_only_not_final_art,entity.hollow,access.user,architecture.sealed,material.reconstructed,eyes.optical_array,interface.neural_veil,implant.none,mantle.cable_shroud,background.evidence_void,signal.locked,corruption.absence
1755,feasibility_only_not_final_art,entity.human,access.admin,architecture.double_plane,material.biosynth,eyes.biometric,interface.forensic_plate,implant.neural_cable,mantle.ceramic_mantle,background.cold_storage,signal.carrier_echo,corruption.scan_shear
1756,feasibility_only_not_final_art,entity.human,access.user,architecture.sealed,material.carbon,eyes.biometric,interface.none,implant.none,mantle.archive_coat,background.evidence_void,signal.intermittent,corruption.intact
1757,feasibility_only_not_final_art,entity.human,access.admin,architecture.double_plane,material.porcelain,eyes.fractured,interface.none,implant.spinal_bus,mantle.field_collar,background.cold_storage,signal.intermittent,corruption.intact
1758,feasibility_only_not_final_art,entity.human,access.user,architecture.inset,material.ceramic,eyes.biometric,interface.forensic_plate,implant.none,mantle.cable_shroud,background.rack_shadow,signal.silent,corruption.scan_shear
1759,feasibility_only_not_final_art,entity.synthetic,access.admin,architecture.double_plane,material.biosynth,eyes.biometric,interface.respirator,implant.neural_cable,mantle.archive_coat,background.relay_well,signal.carrier_echo,corruption.intact
1760,feasibility_only_not_final_art,entity.synthetic,access.user,architecture.sealed,material.biosynth,eyes.biometric,interface.respirator,implant.none,mantle.field_collar,background.evidence_void,signal.locked,corruption.scan_shear
1761,feasibility_only_not_final_art,entity.synthetic,access.user,architecture.sealed,material.porcelain,eyes.optical_array,interface.forensic_plate,implant.neural_cable,mantle.archive_coat,background.cold_storage,signal.silent,corruption.checksum_burn
1762,feasibility_only_not_final_art,entity.human,access.user,architecture.sealed,material.biosynth,eyes.biometric,interface.none,implant.neural_cable,mantle.archive_coat,background.evidence_void,signal.carrier_echo,corruption.intact
1763,feasibility_only_not_final_art,entity.hollow,access.admin,architecture.double_plane,material.carbon,eyes.fractured,interface.neural_veil,implant.none,mantle.ceramic_mantle,background.evidence_void,signal.intermittent,corruption.intact
1764,feasibility_only_not_final_art,entity.hollow,access.admin,architecture.double_plane,material.porcelain,eyes.optical_array,interface.null_mask,implant.none,mantle.cable_shroud,background.evidence_void,signal.intermittent,corruption.intact
1765,feasibility_only_not_final_art,entity.specter,access.user,architecture.sealed,material.reconstructed,eyes.signal_burn,interface.neural_veil,implant.antenna,mantle.field_collar,background.cold_storage,signal.locked,corruption.absence
1766,feasibility_only_not_final_art,entity.human,access.user,architecture.sealed,material.carbon,eyes.biometric,interface.forensic_plate,implant.none,mantle.archive_coat,background.anechoic_room,signal.locked,corruption.intact
1767,feasibility_only_not_final_art,entity.hollow,access.system,architecture.suspended_core,material.ceramic,eyes.void,interface.forensic_plate,implant.root_port,mantle.cable_shroud,background.relay_well,signal.locked,corruption.scan_shear
1768,feasibility_only_not_final_art,entity.hollow,access.user,architecture.sealed,material.porcelain,eyes.fractured,interface.forensic_plate,implant.spinal_bus,mantle.cable_shroud,background.cold_storage,signal.locked,corruption.intact
1769,feasibility_only_not_final_art,entity.hollow,access.user,architecture.sealed,material.carbon,eyes.void,interface.forensic_plate,implant.spinal_bus,mantle.archive_coat,background.rack_shadow,signal.locked,corruption.scan_shear
1770,feasibility_only_not_final_art,entity.synthetic,access.user,architecture.sealed,material.porcelain,eyes.biometric,interface.respirator,implant.none,mantle.cable_shroud,background.evidence_void,signal.intermittent,corruption.scan_shear
1771,feasibility_only_not_final_art,entity.human,access.user,architecture.sealed,material.porcelain,eyes.thermal,interface.none,implant.antenna,mantle.cable_shroud,background.cold_storage,signal.carrier_echo,corruption.scan_shear
1772,feasibility_only_not_final_art,entity.human,access.admin,architecture.inset,material.carbon,eyes.fractured,interface.forensic_plate,implant.none,mantle.ceramic_mantle,background.service_tunnel,signal.locked,corruption.intact
1773,feasibility_only_not_final_art,entity.human,access.admin,architecture.double_plane,material.porcelain,eyes.fractured,interface.none,implant.spinal_bus,mantle.field_collar,background.evidence_void,signal.locked,corruption.checksum_burn
1774,feasibility_only_not_final_art,entity.synthetic,access.user,architecture.sealed,material.porcelain,eyes.biometric,interface.forensic_plate,implant.none,mantle.archive_coat,background.relay_well,signal.intermittent,corruption.checksum_burn
1775,feasibility_only_not_final_art,entity.human,access.admin,architecture.inset,material.biosynth,eyes.thermal,interface.forensic_plate,implant.none,mantle.cable_shroud,background.evidence_void,signal.locked,corruption.packet_ghosting
1776,feasibility_only_not_final_art,entity.synthetic,access.user,architecture.sealed,material.biosynth,eyes.thermal,interface.none,implant.none,mantle.field_collar,background.cold_storage,signal.locked,corruption.intact
1777,feasibility_only_not_final_art,entity.human,access.user,architecture.inset,material.carbon,eyes.biometric,interface.respirator,implant.spinal_bus,mantle.cable_shroud,background.relay_well,signal.locked,corruption.checksum_burn
1778,feasibility_only_not_final_art,entity.synthetic,access.user,architecture.sealed,material.biosynth,eyes.fractured,interface.null_mask,implant.none,mantle.archive_coat,background.evidence_void,signal.locked,corruption.intact
1779,feasibility_only_not_final_art,entity.human,access.user,architecture.sealed,material.biosynth,eyes.biometric,interface.null_mask,implant.none,mantle.archive_coat,background.cold_storage,signal.intermittent,corruption.scan_shear
1780,feasibility_only_not_final_art,entity.hollow,access.admin,architecture.inset,material.porcelain,eyes.void,interface.forensic_plate,implant.none,mantle.archive_coat,background.evidence_void,signal.locked,corruption.packet_ghosting
1781,feasibility_only_not_final_art,entity.synthetic,access.user,architecture.sealed,material.biosynth,eyes.fractured,interface.forensic_plate,implant.none,mantle.archive_coat,background.rack_shadow,signal.carrier_echo,corruption.intact
1782,feasibility_only_not_final_art,entity.hollow,access.admin,architecture.double_plane,material.porcelain,eyes.fractured,interface.forensic_plate,implant.none,mantle.cable_shroud,background.cold_storage,signal.locked,corruption.intact
1783,feasibility_only_not_final_art,entity.hollow,access.user,architecture.inset,material.carbon,eyes.optical_array,interface.forensic_plate,implant.spinal_bus,mantle.cable_shroud,background.service_tunnel,signal.carrier_echo,corruption.scan_shear
1784,feasibility_only_not_final_art,entity.hollow,access.user,architecture.sealed,material.porcelain,eyes.optical_array,interface.none,implant.spinal_bus,mantle.ceramic_mantle,background.cold_storage,signal.locked,corruption.absence
1785,feasibility_only_not_final_art,entity.synthetic,access.user,architecture.sealed,material.ceramic,eyes.thermal,interface.forensic_plate,implant.none,mantle.cable_shroud,background.cold_storage,signal.locked,corruption.checksum_burn
1786,feasibility_only_not_final_art,entity.hollow,access.user,architecture.inset,material.reconstructed,eyes.void,interface.none,implant.none,mantle.ceramic_mantle,background.rack_shadow,signal.locked,corruption.intact
1787,feasibility_only_not_final_art,entity.hollow,access.user,architecture.inset,material.porcelain,eyes.void,interface.forensic_plate,implant.none,mantle.archive_coat,background.evidence_void,signal.locked,corruption.memory_bleed
1788,feasibility_only_not_final_art,entity.synthetic,access.admin,architecture.double_plane,material.biosynth,eyes.biometric,interface.forensic_plate,implant.memory_spindle,mantle.archive_coat,background.evidence_void,signal.intermittent,corruption.scan_shear
1789,feasibility_only_not_final_art,entity.human,access.admin,architecture.inset,material.biosynth,eyes.void,interface.forensic_plate,implant.spinal_bus,mantle.cable_shroud,background.rack_shadow,signal.intermittent,corruption.intact
1790,feasibility_only_not_final_art,entity.human,access.system,architecture.suspended_core,material.porcelain,eyes.biometric,interface.forensic_plate,implant.root_port,mantle.cable_shroud,background.evidence_void,signal.carrier_echo,corruption.scan_shear
1791,feasibility_only_not_final_art,entity.human,access.admin,architecture.inset,material.biosynth,eyes.void,interface.null_mask,implant.neural_cable,mantle.cable_shroud,background.cold_storage,signal.locked,corruption.scan_shear
1792,feasibility_only_not_final_art,entity.human,access.user,architecture.sealed,material.carbon,eyes.void,interface.forensic_plate,implant.none,mantle.field_collar,background.relay_well,signal.locked,corruption.packet_ghosting
1793,feasibility_only_not_final_art,entity.human,access.user,architecture.sealed,material.porcelain,eyes.biometric,interface.none,implant.none,mantle.archive_coat,background.cold_storage,signal.locked,corruption.intact
1794,feasibility_only_not_final_art,entity.specter,access.user,architecture.sealed,material.phase_glass,eyes.void,interface.forensic_plate,implant.spinal_bus,mantle.archive_coat,background.evidence_void,signal.intermittent,corruption.checksum_burn
1795,feasibility_only_not_final_art,entity.human,access.user,architecture.sealed,material.biosynth,eyes.void,interface.none,implant.none,mantle.ceramic_mantle,background.cold_storage,signal.locked,corruption.scan_shear
1796,feasibility_only_not_final_art,entity.hollow,access.user,architecture.sealed,material.porcelain,eyes.void,interface.neural_veil,implant.none,mantle.archive_coat,background.evidence_void,signal.silent,corruption.intact
1797,feasibility_only_not_final_art,entity.hollow,access.user,architecture.inset,material.ceramic,eyes.void,interface.forensic_plate,implant.spinal_bus,mantle.ceramic_mantle,background.service_tunnel,signal.intermittent,corruption.intact
1798,feasibility_only_not_final_art,entity.synthetic,access.admin,architecture.double_plane,material.ceramic,eyes.thermal,interface.forensic_plate,implant.none,mantle.archive_coat,background.cold_storage,signal.locked,corruption.intact
1799,feasibility_only_not_final_art,entity.synthetic,access.user,architecture.sealed,material.porcelain,eyes.fractured,interface.forensic_plate,implant.none,mantle.cable_shroud,background.rack_shadow,signal.locked,corruption.intact
1800,feasibility_only_not_final_art,entity.synthetic,access.user,architecture.sealed,material.porcelain,eyes.biometric,interface.forensic_plate,implant.spinal_bus,mantle.field_collar,background.anechoic_room,signal.silent,corruption.scan_shear
1801,feasibility_only_not_final_art,entity.human,access.user,architecture.inset,material.biosynth,eyes.thermal,interface.respirator,implant.neural_cable,mantle.field_collar,background.rack_shadow,signal.locked,corruption.scan_shear
1802,feasibility_only_not_final_art,entity.human,access.user,architecture.sealed,material.porcelain,eyes.void,interface.none,implant.none,mantle.ceramic_mantle,background.evidence_void,signal.intermittent,corruption.intact
1803,feasibility_only_not_final_art,entity.human,access.root,architecture.severed_halo,material.biosynth,eyes.thermal,interface.forensic_plate,implant.signal_crown,mantle.ceramic_mantle,background.evidence_void,signal.locked,corruption.checksum_burn
1804,feasibility_only_not_final_art,entity.synthetic,access.admin,architecture.double_plane,material.porcelain,eyes.biometric,interface.neural_veil,implant.neural_cable,mantle.ceramic_mantle,background.service_tunnel,signal.intermittent,corruption.intact
1805,feasibility_only_not_final_art,entity.human,access.user,architecture.sealed,material.ceramic,eyes.thermal,interface.none,implant.neural_cable,mantle.field_collar,background.evidence_void,signal.carrier_echo,corruption.intact
1806,feasibility_only_not_final_art,entity.human,access.user,architecture.sealed,material.biosynth,eyes.biometric,interface.none,implant.none,mantle.archive_coat,background.cold_storage,signal.intermittent,corruption.scan_shear
1807,feasibility_only_not_final_art,entity.human,access.user,architecture.sealed,material.porcelain,eyes.thermal,interface.forensic_plate,implant.none,mantle.archive_coat,background.cold_storage,signal.locked,corruption.intact
1808,feasibility_only_not_final_art,entity.hollow,access.user,architecture.sealed,material.carbon,eyes.void,interface.neural_veil,implant.none,mantle.archive_coat,background.evidence_void,signal.intermittent,corruption.checksum_burn
1809,feasibility_only_not_final_art,entity.hollow,access.user,architecture.sealed,material.porcelain,eyes.void,interface.neural_veil,implant.antenna,mantle.archive_coat,background.evidence_void,signal.locked,corruption.scan_shear
1810,feasibility_only_not_final_art,entity.hollow,access.user,architecture.sealed,material.ceramic,eyes.void,interface.forensic_plate,implant.none,mantle.cable_shroud,background.cold_storage,signal.locked,corruption.checksum_burn
1811,feasibility_only_not_final_art,entity.synthetic,access.user,architecture.sealed,material.ceramic,eyes.optical_array,interface.forensic_plate,implant.neural_cable,mantle.archive_coat,background.evidence_void,signal.locked,corruption.intact
1812,feasibility_only_not_final_art,entity.human,access.user,architecture.sealed,material.biosynth,eyes.biometric,interface.forensic_plate,implant.spinal_bus,mantle.ceramic_mantle,background.evidence_void,signal.silent,corruption.intact
1813,feasibility_only_not_final_art,entity.synthetic,access.user,architecture.sealed,material.carbon,eyes.void,interface.respirator,implant.none,mantle.archive_coat,background.evidence_void,signal.unclocked,corruption.intact
1814,feasibility_only_not_final_art,entity.hollow,access.user,architecture.inset,material.carbon,eyes.void,interface.skeletal_interface,implant.antenna,mantle.field_collar,background.service_tunnel,signal.intermittent,corruption.scan_shear
1815,feasibility_only_not_final_art,entity.hollow,access.admin,architecture.double_plane,material.porcelain,eyes.optical_array,interface.none,implant.spinal_bus,mantle.ceramic_mantle,background.evidence_void,signal.locked,corruption.scan_shear
1816,feasibility_only_not_final_art,entity.hollow,access.user,architecture.sealed,material.porcelain,eyes.fractured,interface.forensic_plate,implant.spinal_bus,mantle.ceramic_mantle,background.relay_well,signal.intermittent,corruption.intact
1817,feasibility_only_not_final_art,entity.synthetic,access.admin,architecture.inset,material.porcelain,eyes.biometric,interface.forensic_plate,implant.antenna,mantle.archive_coat,background.rack_shadow,signal.locked,corruption.checksum_burn
1818,feasibility_only_not_final_art,entity.hollow,access.user,architecture.sealed,material.ceramic,eyes.void,interface.none,implant.spinal_bus,mantle.archive_coat,background.evidence_void,signal.locked,corruption.checksum_burn
1819,feasibility_only_not_final_art,entity.specter,access.user,architecture.inset,material.carbon,eyes.void,interface.forensic_plate,implant.spinal_bus,mantle.archive_coat,background.anechoic_room,signal.locked,corruption.intact
1820,feasibility_only_not_final_art,entity.human,access.user,architecture.inset,material.carbon,eyes.fractured,interface.forensic_plate,implant.none,mantle.ceramic_mantle,background.anechoic_room,signal.locked,corruption.packet_ghosting
1821,feasibility_only_not_final_art,entity.human,access.system,architecture.suspended_core,material.carbon,eyes.thermal,interface.none,implant.root_port,mantle.ceramic_mantle,background.rack_shadow,signal.silent,corruption.memory_bleed
1822,feasibility_only_not_final_art,entity.human,access.user,architecture.inset,material.porcelain,eyes.fractured,interface.respirator,implant.none,mantle.cable_shroud,background.cold_storage,signal.carrier_echo,corruption.packet_ghosting
1823,feasibility_only_not_final_art,entity.synthetic,access.user,architecture.inset,material.biosynth,eyes.thermal,interface.forensic_plate,implant.neural_cable,mantle.cable_shroud,background.rack_shadow,signal.intermittent,corruption.intact
1824,feasibility_only_not_final_art,entity.hollow,access.user,architecture.sealed,material.carbon,eyes.fractured,interface.forensic_plate,implant.none,mantle.field_collar,background.rack_shadow,signal.locked,corruption.intact
1825,feasibility_only_not_final_art,entity.human,access.user,architecture.sealed,material.biosynth,eyes.void,interface.none,implant.neural_cable,mantle.ceramic_mantle,background.cold_storage,signal.silent,corruption.intact
1826,feasibility_only_not_final_art,entity.synthetic,access.user,architecture.sealed,material.porcelain,eyes.fractured,interface.neural_veil,implant.none,mantle.field_collar,background.evidence_void,signal.locked,corruption.intact
1827,feasibility_only_not_final_art,entity.synthetic,access.user,architecture.inset,material.biosynth,eyes.void,interface.forensic_plate,implant.none,mantle.archive_coat,background.rack_shadow,signal.locked,corruption.scan_shear
1828,feasibility_only_not_final_art,entity.human,access.user,architecture.sealed,material.biosynth,eyes.biometric,interface.forensic_plate,implant.antenna,mantle.field_collar,background.evidence_void,signal.locked,corruption.intact
1829,feasibility_only_not_final_art,entity.synthetic,access.user,architecture.sealed,material.porcelain,eyes.thermal,interface.none,implant.spinal_bus,mantle.field_collar,background.cold_storage,signal.carrier_echo,corruption.scan_shear
1830,feasibility_only_not_final_art,entity.synthetic,access.user,architecture.inset,material.porcelain,eyes.biometric,interface.null_mask,implant.antenna,mantle.field_collar,background.evidence_void,signal.intermittent,corruption.scan_shear
1831,feasibility_only_not_final_art,entity.hollow,access.user,architecture.inset,material.ceramic,eyes.void,interface.none,implant.antenna,mantle.field_collar,background.service_tunnel,signal.carrier_echo,corruption.intact
1832,feasibility_only_not_final_art,entity.hollow,access.user,architecture.inset,material.porcelain,eyes.optical_array,interface.neural_veil,implant.none,mantle.ceramic_mantle,background.cold_storage,signal.intermittent,corruption.checksum_burn
1833,feasibility_only_not_final_art,entity.human,access.admin,architecture.inset,material.porcelain,eyes.void,interface.forensic_plate,implant.antenna,mantle.ceramic_mantle,background.rack_shadow,signal.carrier_echo,corruption.memory_bleed
1834,feasibility_only_not_final_art,entity.human,access.user,architecture.inset,material.biosynth,eyes.thermal,interface.respirator,implant.neural_cable,mantle.archive_coat,background.cold_storage,signal.locked,corruption.intact
1835,feasibility_only_not_final_art,entity.human,access.admin,architecture.inset,material.carbon,eyes.biometric,interface.respirator,implant.spinal_bus,mantle.archive_coat,background.cold_storage,signal.intermittent,corruption.packet_ghosting
1836,feasibility_only_not_final_art,entity.hollow,access.user,architecture.inset,material.carbon,eyes.void,interface.forensic_plate,implant.spinal_bus,mantle.field_collar,background.rack_shadow,signal.locked,corruption.intact
1837,feasibility_only_not_final_art,entity.human,access.user,architecture.inset,material.ceramic,eyes.biometric,interface.forensic_plate,implant.neural_cable,mantle.cable_shroud,background.evidence_void,signal.intermittent,corruption.intact
1838,feasibility_only_not_final_art,entity.specter,access.user,architecture.inset,material.reconstructed,eyes.signal_burn,interface.forensic_plate,implant.neural_cable,mantle.archive_coat,background.service_tunnel,signal.intermittent,corruption.scan_shear
1839,feasibility_only_not_final_art,entity.synthetic,access.user,architecture.inset,material.biosynth,eyes.biometric,interface.forensic_plate,implant.spinal_bus,mantle.split_shell,background.rack_shadow,signal.locked,corruption.intact
1840,feasibility_only_not_final_art,entity.human,access.user,architecture.inset,material.biosynth,eyes.void,interface.respirator,implant.spinal_bus,mantle.cable_shroud,background.rack_shadow,signal.carrier_echo,corruption.intact
1841,feasibility_only_not_final_art,entity.human,access.user,architecture.inset,material.porcelain,eyes.thermal,interface.respirator,implant.neural_cable,mantle.split_shell,background.evidence_void,signal.intermittent,corruption.intact
1842,feasibility_only_not_final_art,entity.human,access.admin,architecture.double_plane,material.biosynth,eyes.biometric,interface.none,implant.neural_cable,mantle.cable_shroud,background.evidence_void,signal.locked,corruption.checksum_burn
1843,feasibility_only_not_final_art,entity.human,access.user,architecture.inset,material.carbon,eyes.biometric,interface.none,implant.none,mantle.archive_coat,background.cold_storage,signal.locked,corruption.intact
1844,feasibility_only_not_final_art,entity.hollow,access.user,architecture.sealed,material.porcelain,eyes.void,interface.none,implant.neural_cable,mantle.ceramic_mantle,background.anechoic_room,signal.carrier_echo,corruption.intact
1845,feasibility_only_not_final_art,entity.synthetic,access.admin,architecture.double_plane,material.porcelain,eyes.void,interface.neural_veil,implant.none,mantle.archive_coat,background.relay_well,signal.unclocked,corruption.scan_shear
1846,feasibility_only_not_final_art,entity.synthetic,access.user,architecture.sealed,material.biosynth,eyes.biometric,interface.forensic_plate,implant.spinal_bus,mantle.split_shell,background.relay_well,signal.carrier_echo,corruption.scan_shear
1847,feasibility_only_not_final_art,entity.hollow,access.system,architecture.suspended_core,material.reconstructed,eyes.fractured,interface.none,implant.root_port,mantle.ceramic_mantle,background.relay_well,signal.locked,corruption.packet_ghosting
1848,feasibility_only_not_final_art,entity.hollow,access.user,architecture.inset,material.carbon,eyes.void,interface.forensic_plate,implant.none,mantle.cable_shroud,background.service_tunnel,signal.intermittent,corruption.intact
1849,feasibility_only_not_final_art,entity.human,access.admin,architecture.double_plane,material.biosynth,eyes.thermal,interface.forensic_plate,implant.none,mantle.field_collar,background.evidence_void,signal.locked,corruption.scan_shear
1850,feasibility_only_not_final_art,entity.specter,access.admin,architecture.inset,material.carbon,eyes.void,interface.forensic_plate,implant.none,mantle.unsupported_frame,background.evidence_void,signal.locked,corruption.checksum_burn
1851,feasibility_only_not_final_art,entity.synthetic,access.admin,architecture.inset,material.biosynth,eyes.optical_array,interface.none,implant.spinal_bus,mantle.field_collar,background.evidence_void,signal.locked,corruption.intact
1852,feasibility_only_not_final_art,entity.human,access.user,architecture.sealed,material.ceramic,eyes.biometric,interface.null_mask,implant.antenna,mantle.cable_shroud,background.cold_storage,signal.locked,corruption.checksum_burn
1853,feasibility_only_not_final_art,entity.human,access.user,architecture.sealed,material.carbon,eyes.biometric,interface.respirator,implant.none,mantle.ceramic_mantle,background.relay_well,signal.carrier_echo,corruption.intact
1854,feasibility_only_not_final_art,entity.synthetic,access.user,architecture.sealed,material.porcelain,eyes.optical_array,interface.neural_veil,implant.neural_cable,mantle.ceramic_mantle,background.rack_shadow,signal.intermittent,corruption.scan_shear
1855,feasibility_only_not_final_art,entity.human,access.user,architecture.sealed,material.ceramic,eyes.thermal,interface.none,implant.antenna,mantle.archive_coat,background.evidence_void,signal.silent,corruption.intact
1856,feasibility_only_not_final_art,entity.synthetic,access.user,architecture.sealed,material.biosynth,eyes.thermal,interface.neural_veil,implant.antenna,mantle.archive_coat,background.evidence_void,signal.intermittent,corruption.intact
1857,feasibility_only_not_final_art,entity.synthetic,access.user,architecture.sealed,material.biosynth,eyes.fractured,interface.respirator,implant.neural_cable,mantle.field_collar,background.cold_storage,signal.intermittent,corruption.intact
1858,feasibility_only_not_final_art,entity.human,access.admin,architecture.double_plane,material.ceramic,eyes.thermal,interface.none,implant.spinal_bus,mantle.cable_shroud,background.service_tunnel,signal.locked,corruption.scan_shear
1859,feasibility_only_not_final_art,entity.synthetic,access.user,architecture.sealed,material.porcelain,eyes.biometric,interface.none,implant.spinal_bus,mantle.archive_coat,background.service_tunnel,signal.carrier_echo,corruption.intact
1860,feasibility_only_not_final_art,entity.hollow,access.user,architecture.sealed,material.porcelain,eyes.fractured,interface.forensic_plate,implant.spinal_bus,mantle.ceramic_mantle,background.evidence_void,signal.intermittent,corruption.absence
1861,feasibility_only_not_final_art,entity.human,access.user,architecture.sealed,material.porcelain,eyes.thermal,interface.respirator,implant.spinal_bus,mantle.ceramic_mantle,background.evidence_void,signal.intermittent,corruption.scan_shear
1862,feasibility_only_not_final_art,entity.human,access.user,architecture.inset,material.porcelain,eyes.biometric,interface.none,implant.none,mantle.cable_shroud,background.cold_storage,signal.intermittent,corruption.packet_ghosting
1863,feasibility_only_not_final_art,entity.synthetic,access.user,architecture.sealed,material.carbon,eyes.thermal,interface.neural_veil,implant.spinal_bus,mantle.cable_shroud,background.evidence_void,signal.locked,corruption.scan_shear
1864,feasibility_only_not_final_art,entity.human,access.admin,architecture.inset,material.carbon,eyes.biometric,interface.respirator,implant.neural_cable,mantle.ceramic_mantle,background.service_tunnel,signal.locked,corruption.intact
1865,feasibility_only_not_final_art,entity.human,access.user,architecture.inset,material.biosynth,eyes.biometric,interface.respirator,implant.none,mantle.archive_coat,background.rack_shadow,signal.locked,corruption.intact
1866,feasibility_only_not_final_art,entity.human,access.user,architecture.sealed,material.ceramic,eyes.thermal,interface.forensic_plate,implant.neural_cable,mantle.cable_shroud,background.cold_storage,signal.locked,corruption.intact
1867,feasibility_only_not_final_art,entity.synthetic,access.user,architecture.inset,material.biosynth,eyes.thermal,interface.neural_veil,implant.none,mantle.ceramic_mantle,background.cold_storage,signal.locked,corruption.checksum_burn
1868,feasibility_only_not_final_art,entity.synthetic,access.admin,architecture.double_plane,material.biosynth,eyes.biometric,interface.none,implant.memory_spindle,mantle.cable_shroud,background.evidence_void,signal.intermittent,corruption.scan_shear
1869,feasibility_only_not_final_art,entity.synthetic,access.user,architecture.sealed,material.porcelain,eyes.fractured,interface.none,implant.neural_cable,mantle.field_collar,background.relay_well,signal.intermittent,corruption.intact
1870,feasibility_only_not_final_art,entity.human,access.user,architecture.sealed,material.carbon,eyes.void,interface.null_mask,implant.neural_cable,mantle.split_shell,background.rack_shadow,signal.locked,corruption.intact
1871,feasibility_only_not_final_art,entity.human,access.user,architecture.sealed,material.biosynth,eyes.thermal,interface.forensic_plate,implant.antenna,mantle.cable_shroud,background.evidence_void,signal.carrier_echo,corruption.intact
1872,feasibility_only_not_final_art,entity.hollow,access.admin,architecture.double_plane,material.porcelain,eyes.optical_array,interface.neural_veil,implant.spinal_bus,mantle.cable_shroud,background.service_tunnel,signal.intermittent,corruption.intact
1873,feasibility_only_not_final_art,entity.synthetic,access.user,architecture.sealed,material.carbon,eyes.biometric,interface.none,implant.spinal_bus,mantle.ceramic_mantle,background.relay_well,signal.carrier_echo,corruption.memory_bleed
1874,feasibility_only_not_final_art,entity.synthetic,access.user,architecture.sealed,material.biosynth,eyes.optical_array,interface.neural_veil,implant.none,mantle.cable_shroud,background.evidence_void,signal.intermittent,corruption.intact
1875,feasibility_only_not_final_art,entity.human,access.admin,architecture.double_plane,material.porcelain,eyes.biometric,interface.forensic_plate,implant.none,mantle.cable_shroud,background.service_tunnel,signal.carrier_echo,corruption.scan_shear
1876,feasibility_only_not_final_art,entity.human,access.user,architecture.sealed,material.carbon,eyes.biometric,interface.forensic_plate,implant.neural_cable,mantle.field_collar,background.evidence_void,signal.carrier_echo,corruption.intact
1877,feasibility_only_not_final_art,entity.specter,access.user,architecture.sealed,material.carbon,eyes.void,interface.none,implant.none,mantle.archive_coat,background.evidence_void,signal.locked,corruption.checksum_burn
1878,feasibility_only_not_final_art,entity.specter,access.user,architecture.sealed,material.phase_glass,eyes.void,interface.forensic_plate,implant.spinal_bus,mantle.cable_shroud,background.service_tunnel,signal.locked,corruption.scan_shear
1879,feasibility_only_not_final_art,entity.human,access.admin,architecture.inset,material.biosynth,eyes.fractured,interface.none,implant.memory_spindle,mantle.archive_coat,background.service_tunnel,signal.locked,corruption.intact
1880,feasibility_only_not_final_art,entity.synthetic,access.admin,architecture.double_plane,material.ceramic,eyes.biometric,interface.null_mask,implant.neural_cable,mantle.ceramic_mantle,background.evidence_void,signal.carrier_echo,corruption.checksum_burn
1881,feasibility_only_not_final_art,entity.synthetic,access.user,architecture.sealed,material.ceramic,eyes.thermal,interface.respirator,implant.spinal_bus,mantle.field_collar,background.evidence_void,signal.intermittent,corruption.packet_ghosting
1882,feasibility_only_not_final_art,entity.human,access.user,architecture.sealed,material.porcelain,eyes.biometric,interface.forensic_plate,implant.neural_cable,mantle.split_shell,background.service_tunnel,signal.locked,corruption.scan_shear
1883,feasibility_only_not_final_art,entity.human,access.user,architecture.inset,material.reconstructed,eyes.biometric,interface.none,implant.antenna,mantle.archive_coat,background.rack_shadow,signal.locked,corruption.intact
1884,feasibility_only_not_final_art,entity.human,access.user,architecture.inset,material.biosynth,eyes.biometric,interface.none,implant.antenna,mantle.cable_shroud,background.rack_shadow,signal.locked,corruption.intact
1885,feasibility_only_not_final_art,entity.human,access.admin,architecture.inset,material.biosynth,eyes.thermal,interface.none,implant.none,mantle.field_collar,background.service_tunnel,signal.silent,corruption.scan_shear
1886,feasibility_only_not_final_art,entity.hollow,access.user,architecture.sealed,material.porcelain,eyes.void,interface.none,implant.antenna,mantle.ceramic_mantle,background.rack_shadow,signal.intermittent,corruption.intact
1887,feasibility_only_not_final_art,entity.human,access.user,architecture.sealed,material.porcelain,eyes.biometric,interface.none,implant.antenna,mantle.archive_coat,background.service_tunnel,signal.locked,corruption.packet_ghosting
1888,feasibility_only_not_final_art,entity.synthetic,access.user,architecture.sealed,material.biosynth,eyes.biometric,interface.none,implant.spinal_bus,mantle.ceramic_mantle,background.rack_shadow,signal.locked,corruption.scan_shear
1889,feasibility_only_not_final_art,entity.human,access.user,architecture.sealed,material.biosynth,eyes.fractured,interface.none,implant.spinal_bus,mantle.archive_coat,background.relay_well,signal.intermittent,corruption.intact
1890,feasibility_only_not_final_art,entity.synthetic,access.admin,architecture.inset,material.carbon,eyes.thermal,interface.forensic_plate,implant.none,mantle.field_collar,background.cold_storage,signal.locked,corruption.intact
1891,feasibility_only_not_final_art,entity.hollow,access.user,architecture.inset,material.ceramic,eyes.void,interface.neural_veil,implant.none,mantle.ceramic_mantle,background.cold_storage,signal.locked,corruption.checksum_burn
1892,feasibility_only_not_final_art,entity.synthetic,access.admin,architecture.double_plane,material.biosynth,eyes.thermal,interface.respirator,implant.spinal_bus,mantle.field_collar,background.cold_storage,signal.locked,corruption.intact
1893,feasibility_only_not_final_art,entity.synthetic,access.user,architecture.sealed,material.ceramic,eyes.optical_array,interface.neural_veil,implant.spinal_bus,mantle.cable_shroud,background.evidence_void,signal.intermittent,corruption.scan_shear
1894,feasibility_only_not_final_art,entity.human,access.admin,architecture.double_plane,material.ceramic,eyes.thermal,interface.forensic_plate,implant.neural_cable,mantle.ceramic_mantle,background.anechoic_room,signal.locked,corruption.intact
1895,feasibility_only_not_final_art,entity.specter,access.admin,architecture.double_plane,material.reconstructed,eyes.fractured,interface.neural_veil,implant.spinal_bus,mantle.ceramic_mantle,background.evidence_void,signal.carrier_echo,corruption.checksum_burn
1896,feasibility_only_not_final_art,entity.human,access.user,architecture.sealed,material.ceramic,eyes.biometric,interface.none,implant.spinal_bus,mantle.cable_shroud,background.rack_shadow,signal.intermittent,corruption.intact
1897,feasibility_only_not_final_art,entity.hollow,access.user,architecture.sealed,material.carbon,eyes.optical_array,interface.skeletal_interface,implant.spinal_bus,mantle.archive_coat,background.evidence_void,signal.locked,corruption.packet_ghosting
1898,feasibility_only_not_final_art,entity.human,access.user,architecture.sealed,material.biosynth,eyes.biometric,interface.none,implant.none,mantle.ceramic_mantle,background.rack_shadow,signal.locked,corruption.scan_shear
1899,feasibility_only_not_final_art,entity.hollow,access.user,architecture.sealed,material.ceramic,eyes.void,interface.none,implant.spinal_bus,mantle.field_collar,background.service_tunnel,signal.carrier_echo,corruption.intact
1900,feasibility_only_not_final_art,entity.synthetic,access.user,architecture.inset,material.carbon,eyes.biometric,interface.none,implant.none,mantle.ceramic_mantle,background.evidence_void,signal.intermittent,corruption.scan_shear
1901,feasibility_only_not_final_art,entity.hollow,access.user,architecture.sealed,material.carbon,eyes.fractured,interface.none,implant.neural_cable,mantle.ceramic_mantle,background.cold_storage,signal.locked,corruption.intact
1902,feasibility_only_not_final_art,entity.human,access.user,architecture.sealed,material.porcelain,eyes.void,interface.respirator,implant.none,mantle.archive_coat,background.evidence_void,signal.locked,corruption.scan_shear
1903,feasibility_only_not_final_art,entity.hollow,access.root,architecture.severed_halo,material.porcelain,eyes.void,interface.none,implant.signal_crown,mantle.field_collar,background.cold_storage,signal.silent,corruption.intact
1904,feasibility_only_not_final_art,entity.hollow,access.user,architecture.sealed,material.porcelain,eyes.void,interface.none,implant.neural_cable,mantle.archive_coat,background.evidence_void,signal.locked,corruption.checksum_burn
1905,feasibility_only_not_final_art,entity.specter,access.user,architecture.sealed,material.reconstructed,eyes.signal_burn,interface.forensic_plate,implant.neural_cable,mantle.archive_coat,background.rack_shadow,signal.locked,corruption.intact
1906,feasibility_only_not_final_art,entity.synthetic,access.user,architecture.sealed,material.carbon,eyes.biometric,interface.forensic_plate,implant.none,mantle.cable_shroud,background.cold_storage,signal.intermittent,corruption.checksum_burn
1907,feasibility_only_not_final_art,entity.human,access.user,architecture.inset,material.carbon,eyes.fractured,interface.none,implant.none,mantle.cable_shroud,background.cold_storage,signal.intermittent,corruption.memory_bleed
1908,feasibility_only_not_final_art,entity.hollow,access.user,architecture.sealed,material.porcelain,eyes.void,interface.forensic_plate,implant.neural_cable,mantle.archive_coat,background.cold_storage,signal.carrier_echo,corruption.checksum_burn
1909,feasibility_only_not_final_art,entity.hollow,access.user,architecture.sealed,material.porcelain,eyes.void,interface.none,implant.antenna,mantle.ceramic_mantle,background.relay_well,signal.carrier_echo,corruption.packet_ghosting
1910,feasibility_only_not_final_art,entity.hollow,access.admin,architecture.double_plane,material.reconstructed,eyes.fractured,interface.neural_veil,implant.spinal_bus,mantle.ceramic_mantle,background.evidence_void,signal.intermittent,corruption.intact
1911,feasibility_only_not_final_art,entity.hollow,access.admin,architecture.double_plane,material.carbon,eyes.optical_array,interface.neural_veil,implant.none,mantle.archive_coat,background.relay_well,signal.silent,corruption.scan_shear
1912,feasibility_only_not_final_art,entity.human,access.user,architecture.sealed,material.carbon,eyes.biometric,interface.respirator,implant.antenna,mantle.field_collar,background.rack_shadow,signal.locked,corruption.scan_shear
1913,feasibility_only_not_final_art,entity.human,access.user,architecture.inset,material.biosynth,eyes.void,interface.none,implant.antenna,mantle.archive_coat,background.evidence_void,signal.intermittent,corruption.scan_shear
1914,feasibility_only_not_final_art,entity.synthetic,access.user,architecture.inset,material.porcelain,eyes.thermal,interface.null_mask,implant.neural_cable,mantle.field_collar,background.evidence_void,signal.intermittent,corruption.intact
1915,feasibility_only_not_final_art,entity.human,access.user,architecture.sealed,material.ceramic,eyes.biometric,interface.none,implant.none,mantle.archive_coat,background.evidence_void,signal.intermittent,corruption.intact
1916,feasibility_only_not_final_art,entity.human,access.user,architecture.inset,material.biosynth,eyes.biometric,interface.respirator,implant.spinal_bus,mantle.ceramic_mantle,background.rack_shadow,signal.locked,corruption.checksum_burn
1917,feasibility_only_not_final_art,entity.synthetic,access.user,architecture.inset,material.biosynth,eyes.void,interface.none,implant.none,mantle.ceramic_mantle,background.rack_shadow,signal.locked,corruption.intact
1918,feasibility_only_not_final_art,entity.hollow,access.admin,architecture.double_plane,material.porcelain,eyes.optical_array,interface.forensic_plate,implant.spinal_bus,mantle.archive_coat,background.cold_storage,signal.carrier_echo,corruption.scan_shear
1919,feasibility_only_not_final_art,entity.synthetic,access.admin,architecture.inset,material.porcelain,eyes.void,interface.none,implant.none,mantle.ceramic_mantle,background.evidence_void,signal.locked,corruption.intact
1920,feasibility_only_not_final_art,entity.hollow,access.user,architecture.sealed,material.porcelain,eyes.void,interface.none,implant.antenna,mantle.cable_shroud,background.relay_well,signal.locked,corruption.intact
1921,feasibility_only_not_final_art,entity.hollow,access.user,architecture.inset,material.carbon,eyes.fractured,interface.neural_veil,implant.spinal_bus,mantle.archive_coat,background.evidence_void,signal.carrier_echo,corruption.absence
1922,feasibility_only_not_final_art,entity.synthetic,access.user,architecture.inset,material.porcelain,eyes.biometric,interface.none,implant.none,mantle.split_shell,background.evidence_void,signal.locked,corruption.scan_shear
1923,feasibility_only_not_final_art,entity.human,access.user,architecture.sealed,material.biosynth,eyes.fractured,interface.none,implant.neural_cable,mantle.cable_shroud,background.rack_shadow,signal.carrier_echo,corruption.intact
1924,feasibility_only_not_final_art,entity.synthetic,access.admin,architecture.inset,material.carbon,eyes.biometric,interface.forensic_plate,implant.neural_cable,mantle.cable_shroud,background.service_tunnel,signal.intermittent,corruption.scan_shear
1925,feasibility_only_not_final_art,entity.synthetic,access.user,architecture.sealed,material.biosynth,eyes.thermal,interface.none,implant.none,mantle.archive_coat,background.rack_shadow,signal.locked,corruption.scan_shear
1926,feasibility_only_not_final_art,entity.synthetic,access.system,architecture.suspended_core,material.carbon,eyes.biometric,interface.forensic_plate,implant.root_port,mantle.field_collar,background.relay_well,signal.locked,corruption.scan_shear
1927,feasibility_only_not_final_art,entity.synthetic,access.admin,architecture.double_plane,material.porcelain,eyes.optical_array,interface.forensic_plate,implant.neural_cable,mantle.archive_coat,background.rack_shadow,signal.silent,corruption.intact
1928,feasibility_only_not_final_art,entity.human,access.user,architecture.inset,material.biosynth,eyes.fractured,interface.forensic_plate,implant.neural_cable,mantle.cable_shroud,background.evidence_void,signal.intermittent,corruption.intact
1929,feasibility_only_not_final_art,entity.synthetic,access.user,architecture.sealed,material.biosynth,eyes.void,interface.neural_veil,implant.spinal_bus,mantle.archive_coat,background.service_tunnel,signal.locked,corruption.intact
1930,feasibility_only_not_final_art,entity.human,access.user,architecture.sealed,material.porcelain,eyes.thermal,interface.none,implant.none,mantle.cable_shroud,background.evidence_void,signal.locked,corruption.intact
1931,feasibility_only_not_final_art,entity.human,access.user,architecture.inset,material.carbon,eyes.biometric,interface.none,implant.neural_cable,mantle.cable_shroud,background.relay_well,signal.carrier_echo,corruption.intact
1932,feasibility_only_not_final_art,entity.hollow,access.admin,architecture.double_plane,material.ceramic,eyes.void,interface.forensic_plate,implant.spinal_bus,mantle.ceramic_mantle,background.relay_well,signal.silent,corruption.intact
1933,feasibility_only_not_final_art,entity.human,access.user,architecture.sealed,material.biosynth,eyes.biometric,interface.none,implant.neural_cable,mantle.field_collar,background.cold_storage,signal.carrier_echo,corruption.checksum_burn
1934,feasibility_only_not_final_art,entity.synthetic,access.admin,architecture.inset,material.biosynth,eyes.thermal,interface.neural_veil,implant.none,mantle.archive_coat,background.rack_shadow,signal.locked,corruption.intact
1935,feasibility_only_not_final_art,entity.specter,access.user,architecture.inset,material.phase_glass,eyes.void,interface.forensic_plate,implant.spinal_bus,mantle.unsupported_frame,background.cold_storage,signal.locked,corruption.scan_shear
1936,feasibility_only_not_final_art,entity.synthetic,access.user,architecture.sealed,material.porcelain,eyes.thermal,interface.neural_veil,implant.none,mantle.cable_shroud,background.service_tunnel,signal.locked,corruption.scan_shear
1937,feasibility_only_not_final_art,entity.human,access.user,architecture.sealed,material.biosynth,eyes.void,interface.respirator,implant.neural_cable,mantle.field_collar,background.evidence_void,signal.carrier_echo,corruption.intact
1938,feasibility_only_not_final_art,entity.synthetic,access.admin,architecture.double_plane,material.porcelain,eyes.void,interface.none,implant.none,mantle.archive_coat,background.evidence_void,signal.silent,corruption.intact
1939,feasibility_only_not_final_art,entity.hollow,access.user,architecture.inset,material.porcelain,eyes.optical_array,interface.none,implant.none,mantle.ceramic_mantle,background.service_tunnel,signal.intermittent,corruption.intact
1940,feasibility_only_not_final_art,entity.human,access.user,architecture.sealed,material.carbon,eyes.void,interface.none,implant.neural_cable,mantle.ceramic_mantle,background.service_tunnel,signal.carrier_echo,corruption.checksum_burn
1941,feasibility_only_not_final_art,entity.hollow,access.user,architecture.sealed,material.ceramic,eyes.void,interface.forensic_plate,implant.spinal_bus,mantle.ceramic_mantle,background.service_tunnel,signal.carrier_echo,corruption.intact
1942,feasibility_only_not_final_art,entity.hollow,access.user,architecture.sealed,material.reconstructed,eyes.fractured,interface.none,implant.spinal_bus,mantle.ceramic_mantle,background.service_tunnel,signal.unclocked,corruption.intact
1943,feasibility_only_not_final_art,entity.synthetic,access.user,architecture.sealed,material.carbon,eyes.biometric,interface.none,implant.antenna,mantle.ceramic_mantle,background.cold_storage,signal.locked,corruption.scan_shear
1944,feasibility_only_not_final_art,entity.synthetic,access.user,architecture.inset,material.carbon,eyes.optical_array,interface.none,implant.neural_cable,mantle.split_shell,background.evidence_void,signal.carrier_echo,corruption.intact
1945,feasibility_only_not_final_art,entity.human,access.user,architecture.sealed,material.porcelain,eyes.fractured,interface.none,implant.spinal_bus,mantle.split_shell,background.cold_storage,signal.intermittent,corruption.intact
1946,feasibility_only_not_final_art,entity.human,access.user,architecture.sealed,material.biosynth,eyes.thermal,interface.respirator,implant.spinal_bus,mantle.archive_coat,background.evidence_void,signal.locked,corruption.intact
1947,feasibility_only_not_final_art,entity.synthetic,access.user,architecture.sealed,material.biosynth,eyes.void,interface.none,implant.none,mantle.split_shell,background.anechoic_room,signal.carrier_echo,corruption.packet_ghosting
1948,feasibility_only_not_final_art,entity.human,access.admin,architecture.inset,material.carbon,eyes.fractured,interface.none,implant.spinal_bus,mantle.field_collar,background.evidence_void,signal.intermittent,corruption.intact
1949,feasibility_only_not_final_art,entity.human,access.system,architecture.suspended_core,material.biosynth,eyes.biometric,interface.null_mask,implant.root_port,mantle.archive_coat,background.evidence_void,signal.locked,corruption.scan_shear
1950,feasibility_only_not_final_art,entity.synthetic,access.user,architecture.sealed,material.biosynth,eyes.thermal,interface.null_mask,implant.none,mantle.archive_coat,background.cold_storage,signal.carrier_echo,corruption.intact
1951,feasibility_only_not_final_art,entity.human,access.user,architecture.inset,material.reconstructed,eyes.biometric,interface.none,implant.none,mantle.archive_coat,background.evidence_void,signal.intermittent,corruption.scan_shear
1952,feasibility_only_not_final_art,entity.human,access.user,architecture.inset,material.porcelain,eyes.biometric,interface.none,implant.spinal_bus,mantle.cable_shroud,background.cold_storage,signal.carrier_echo,corruption.scan_shear
1953,feasibility_only_not_final_art,entity.human,access.user,architecture.inset,material.biosynth,eyes.void,interface.none,implant.none,mantle.ceramic_mantle,background.cold_storage,signal.locked,corruption.intact
1954,feasibility_only_not_final_art,entity.synthetic,access.user,architecture.inset,material.biosynth,eyes.thermal,interface.null_mask,implant.neural_cable,mantle.archive_coat,background.cold_storage,signal.carrier_echo,corruption.intact
1955,feasibility_only_not_final_art,entity.synthetic,access.admin,architecture.double_plane,material.biosynth,eyes.biometric,interface.neural_veil,implant.memory_spindle,mantle.ceramic_mantle,background.evidence_void,signal.intermittent,corruption.scan_shear
1956,feasibility_only_not_final_art,entity.hollow,access.user,architecture.sealed,material.ceramic,eyes.fractured,interface.none,implant.antenna,mantle.ceramic_mantle,background.anechoic_room,signal.carrier_echo,corruption.intact
1957,feasibility_only_not_final_art,entity.synthetic,access.user,architecture.sealed,material.ceramic,eyes.fractured,interface.none,implant.none,mantle.field_collar,background.evidence_void,signal.intermittent,corruption.packet_ghosting
1958,feasibility_only_not_final_art,entity.hollow,access.user,architecture.sealed,material.reconstructed,eyes.void,interface.forensic_plate,implant.spinal_bus,mantle.ceramic_mantle,background.evidence_void,signal.locked,corruption.checksum_burn
1959,feasibility_only_not_final_art,entity.specter,access.user,architecture.inset,material.reconstructed,eyes.signal_burn,interface.forensic_plate,implant.neural_cable,mantle.archive_coat,background.service_tunnel,signal.locked,corruption.intact
1960,feasibility_only_not_final_art,entity.synthetic,access.user,architecture.sealed,material.ceramic,eyes.thermal,interface.none,implant.spinal_bus,mantle.ceramic_mantle,background.service_tunnel,signal.locked,corruption.intact
1961,feasibility_only_not_final_art,entity.synthetic,access.user,architecture.sealed,material.ceramic,eyes.optical_array,interface.none,implant.spinal_bus,mantle.archive_coat,background.rack_shadow,signal.locked,corruption.intact
1962,feasibility_only_not_final_art,entity.synthetic,access.system,architecture.suspended_core,material.ceramic,eyes.biometric,interface.respirator,implant.root_port,mantle.archive_coat,background.rack_shadow,signal.locked,corruption.intact
1963,feasibility_only_not_final_art,entity.synthetic,access.user,architecture.inset,material.porcelain,eyes.void,interface.neural_veil,implant.neural_cable,mantle.split_shell,background.evidence_void,signal.locked,corruption.intact
1964,feasibility_only_not_final_art,entity.human,access.user,architecture.sealed,material.ceramic,eyes.thermal,interface.forensic_plate,implant.antenna,mantle.field_collar,background.evidence_void,signal.locked,corruption.intact
1965,feasibility_only_not_final_art,entity.hollow,access.user,architecture.sealed,material.reconstructed,eyes.void,interface.none,implant.neural_cable,mantle.field_collar,background.evidence_void,signal.intermittent,corruption.intact
1966,feasibility_only_not_final_art,entity.human,access.user,architecture.sealed,material.carbon,eyes.thermal,interface.null_mask,implant.none,mantle.ceramic_mantle,background.service_tunnel,signal.locked,corruption.checksum_burn
1967,feasibility_only_not_final_art,entity.synthetic,access.user,architecture.sealed,material.biosynth,eyes.void,interface.forensic_plate,implant.neural_cable,mantle.ceramic_mantle,background.cold_storage,signal.silent,corruption.scan_shear
1968,feasibility_only_not_final_art,entity.synthetic,access.user,architecture.sealed,material.biosynth,eyes.biometric,interface.none,implant.spinal_bus,mantle.archive_coat,background.service_tunnel,signal.locked,corruption.intact
1969,feasibility_only_not_final_art,entity.hollow,access.user,architecture.inset,material.carbon,eyes.fractured,interface.neural_veil,implant.none,mantle.ceramic_mantle,background.relay_well,signal.locked,corruption.intact
1970,feasibility_only_not_final_art,entity.synthetic,access.user,architecture.sealed,material.biosynth,eyes.void,interface.neural_veil,implant.none,mantle.archive_coat,background.rack_shadow,signal.intermittent,corruption.intact
1971,feasibility_only_not_final_art,entity.human,access.user,architecture.sealed,material.ceramic,eyes.fractured,interface.respirator,implant.neural_cable,mantle.ceramic_mantle,background.rack_shadow,signal.locked,corruption.intact
1972,feasibility_only_not_final_art,entity.human,access.user,architecture.sealed,material.ceramic,eyes.void,interface.forensic_plate,implant.neural_cable,mantle.field_collar,background.evidence_void,signal.intermittent,corruption.intact
1973,feasibility_only_not_final_art,entity.hollow,access.user,architecture.sealed,material.porcelain,eyes.void,interface.forensic_plate,implant.neural_cable,mantle.ceramic_mantle,background.rack_shadow,signal.intermittent,corruption.scan_shear
1974,feasibility_only_not_final_art,entity.synthetic,access.user,architecture.sealed,material.carbon,eyes.void,interface.neural_veil,implant.none,mantle.field_collar,background.rack_shadow,signal.carrier_echo,corruption.packet_ghosting
1975,feasibility_only_not_final_art,entity.human,access.user,architecture.inset,material.porcelain,eyes.thermal,interface.respirator,implant.none,mantle.archive_coat,background.relay_well,signal.carrier_echo,corruption.scan_shear
1976,feasibility_only_not_final_art,entity.synthetic,access.user,architecture.sealed,material.porcelain,eyes.thermal,interface.none,implant.none,mantle.archive_coat,background.cold_storage,signal.intermittent,corruption.scan_shear
1977,feasibility_only_not_final_art,entity.human,access.admin,architecture.double_plane,material.carbon,eyes.void,interface.respirator,implant.spinal_bus,mantle.archive_coat,background.evidence_void,signal.carrier_echo,corruption.scan_shear
1978,feasibility_only_not_final_art,entity.hollow,access.user,architecture.sealed,material.carbon,eyes.void,interface.skeletal_interface,implant.antenna,mantle.archive_coat,background.anechoic_room,signal.carrier_echo,corruption.intact
1979,feasibility_only_not_final_art,entity.hollow,access.user,architecture.sealed,material.ceramic,eyes.optical_array,interface.none,implant.spinal_bus,mantle.ceramic_mantle,background.evidence_void,signal.locked,corruption.checksum_burn
1980,feasibility_only_not_final_art,entity.human,access.admin,architecture.inset,material.biosynth,eyes.void,interface.none,implant.neural_cable,mantle.cable_shroud,background.rack_shadow,signal.intermittent,corruption.checksum_burn
1981,feasibility_only_not_final_art,entity.synthetic,access.admin,architecture.inset,material.biosynth,eyes.void,interface.forensic_plate,implant.spinal_bus,mantle.field_collar,background.rack_shadow,signal.carrier_echo,corruption.intact
1982,feasibility_only_not_final_art,entity.human,access.user,architecture.sealed,material.porcelain,eyes.void,interface.forensic_plate,implant.spinal_bus,mantle.field_collar,background.evidence_void,signal.intermittent,corruption.intact
1983,feasibility_only_not_final_art,entity.synthetic,access.user,architecture.sealed,material.carbon,eyes.thermal,interface.respirator,implant.neural_cable,mantle.archive_coat,background.evidence_void,signal.carrier_echo,corruption.scan_shear
1984,feasibility_only_not_final_art,entity.human,access.user,architecture.sealed,material.carbon,eyes.thermal,interface.none,implant.none,mantle.archive_coat,background.evidence_void,signal.intermittent,corruption.intact
1985,feasibility_only_not_final_art,entity.human,access.admin,architecture.double_plane,material.biosynth,eyes.thermal,interface.respirator,implant.none,mantle.field_collar,background.relay_well,signal.locked,corruption.intact
1986,feasibility_only_not_final_art,entity.hollow,access.user,architecture.sealed,material.porcelain,eyes.optical_array,interface.forensic_plate,implant.none,mantle.split_shell,background.service_tunnel,signal.carrier_echo,corruption.intact
1987,feasibility_only_not_final_art,entity.synthetic,access.user,architecture.sealed,material.porcelain,eyes.fractured,interface.forensic_plate,implant.spinal_bus,mantle.ceramic_mantle,background.service_tunnel,signal.locked,corruption.intact
1988,feasibility_only_not_final_art,entity.human,access.user,architecture.sealed,material.carbon,eyes.thermal,interface.respirator,implant.none,mantle.archive_coat,background.evidence_void,signal.silent,corruption.scan_shear
1989,feasibility_only_not_final_art,entity.specter,access.admin,architecture.inset,material.carbon,eyes.void,interface.none,implant.neural_cable,mantle.cable_shroud,background.anechoic_room,signal.locked,corruption.intact
1990,feasibility_only_not_final_art,entity.hollow,access.user,architecture.sealed,material.reconstructed,eyes.void,interface.neural_veil,implant.antenna,mantle.archive_coat,background.evidence_void,signal.silent,corruption.intact
1991,feasibility_only_not_final_art,entity.human,access.user,architecture.inset,material.porcelain,eyes.thermal,interface.respirator,implant.none,mantle.ceramic_mantle,background.evidence_void,signal.silent,corruption.intact
1992,feasibility_only_not_final_art,entity.human,access.user,architecture.sealed,material.biosynth,eyes.biometric,interface.none,implant.none,mantle.cable_shroud,background.cold_storage,signal.intermittent,corruption.scan_shear
1993,feasibility_only_not_final_art,entity.synthetic,access.user,architecture.sealed,material.ceramic,eyes.biometric,interface.none,implant.neural_cable,mantle.archive_coat,background.rack_shadow,signal.locked,corruption.checksum_burn
1994,feasibility_only_not_final_art,entity.human,access.user,architecture.sealed,material.porcelain,eyes.biometric,interface.respirator,implant.neural_cable,mantle.archive_coat,background.cold_storage,signal.carrier_echo,corruption.packet_ghosting
1995,feasibility_only_not_final_art,entity.hollow,access.user,architecture.sealed,material.porcelain,eyes.void,interface.none,implant.none,mantle.split_shell,background.rack_shadow,signal.locked,corruption.scan_shear
1996,feasibility_only_not_final_art,entity.synthetic,access.user,architecture.sealed,material.porcelain,eyes.void,interface.none,implant.none,mantle.archive_coat,background.cold_storage,signal.locked,corruption.scan_shear
1997,feasibility_only_not_final_art,entity.human,access.admin,architecture.double_plane,material.biosynth,eyes.biometric,interface.respirator,implant.spinal_bus,mantle.archive_coat,background.cold_storage,signal.carrier_echo,corruption.scan_shear
1998,feasibility_only_not_final_art,entity.hollow,access.system,architecture.suspended_core,material.ceramic,eyes.void,interface.neural_veil,implant.root_port,mantle.archive_coat,background.relay_well,signal.locked,corruption.intact
1999,feasibility_only_not_final_art,entity.synthetic,access.system,architecture.suspended_core,material.porcelain,eyes.optical_array,interface.none,implant.memory_spindle,mantle.archive_coat,background.evidence_void,signal.carrier_echo,corruption.packet_ghosting
2000,feasibility_only_not_final_art,entity.human,access.system,architecture.suspended_core,material.porcelain,eyes.biometric,interface.none,implant.root_port,mantle.archive_coat,background.anechoic_room,signal.locked,corruption.intact
2001,feasibility_only_not_final_art,entity.human,access.user,architecture.sealed,material.ceramic,eyes.biometric,interface.forensic_plate,implant.neural_cable,mantle.cable_shroud,background.service_tunnel,signal.locked,corruption.intact
2002,feasibility_only_not_final_art,entity.synthetic,access.user,architecture.sealed,material.biosynth,eyes.optical_array,interface.forensic_plate,implant.none,mantle.field_collar,background.anechoic_room,signal.locked,corruption.intact
2003,feasibility_only_not_final_art,entity.synthetic,access.root,architecture.severed_halo,material.biosynth,eyes.biometric,interface.none,implant.signal_crown,mantle.archive_coat,background.service_tunnel,signal.carrier_echo,corruption.intact
2004,feasibility_only_not_final_art,entity.synthetic,access.user,architecture.sealed,material.carbon,eyes.biometric,interface.neural_veil,implant.neural_cable,mantle.split_shell,background.evidence_void,signal.locked,corruption.intact
2005,feasibility_only_not_final_art,entity.synthetic,access.user,architecture.inset,material.biosynth,eyes.void,interface.neural_veil,implant.spinal_bus,mantle.cable_shroud,background.relay_well,signal.silent,corruption.scan_shear
2006,feasibility_only_not_final_art,entity.human,access.admin,architecture.inset,material.ceramic,eyes.thermal,interface.respirator,implant.none,mantle.ceramic_mantle,background.relay_well,signal.locked,corruption.scan_shear
2007,feasibility_only_not_final_art,entity.human,access.user,architecture.sealed,material.ceramic,eyes.void,interface.forensic_plate,implant.spinal_bus,mantle.cable_shroud,background.uplink_black,signal.carrier_echo,corruption.scan_shear
2008,feasibility_only_not_final_art,entity.human,access.user,architecture.sealed,material.porcelain,eyes.fractured,interface.none,implant.neural_cable,mantle.field_collar,background.relay_well,signal.silent,corruption.intact
2009,feasibility_only_not_final_art,entity.synthetic,access.admin,architecture.double_plane,material.biosynth,eyes.thermal,interface.none,implant.none,mantle.archive_coat,background.evidence_void,signal.carrier_echo,corruption.scan_shear
2010,feasibility_only_not_final_art,entity.human,access.user,architecture.sealed,material.biosynth,eyes.thermal,interface.none,implant.antenna,mantle.archive_coat,background.rack_shadow,signal.locked,corruption.intact
2011,feasibility_only_not_final_art,entity.synthetic,access.admin,architecture.double_plane,material.biosynth,eyes.biometric,interface.none,implant.spinal_bus,mantle.archive_coat,background.service_tunnel,signal.locked,corruption.scan_shear
2012,feasibility_only_not_final_art,entity.hollow,access.user,architecture.sealed,material.ceramic,eyes.void,interface.forensic_plate,implant.neural_cable,mantle.archive_coat,background.rack_shadow,signal.locked,corruption.packet_ghosting
2013,feasibility_only_not_final_art,entity.human,access.user,architecture.sealed,material.biosynth,eyes.void,interface.respirator,implant.spinal_bus,mantle.archive_coat,background.service_tunnel,signal.locked,corruption.intact
2014,feasibility_only_not_final_art,entity.synthetic,access.admin,architecture.inset,material.biosynth,eyes.fractured,interface.neural_veil,implant.neural_cable,mantle.ceramic_mantle,background.evidence_void,signal.locked,corruption.intact
2015,feasibility_only_not_final_art,entity.synthetic,access.user,architecture.inset,material.carbon,eyes.biometric,interface.forensic_plate,implant.none,mantle.ceramic_mantle,background.evidence_void,signal.intermittent,corruption.intact
2016,feasibility_only_not_final_art,entity.human,access.admin,architecture.double_plane,material.biosynth,eyes.fractured,interface.respirator,implant.none,mantle.cable_shroud,background.evidence_void,signal.intermittent,corruption.packet_ghosting
2017,feasibility_only_not_final_art,entity.synthetic,access.user,architecture.sealed,material.biosynth,eyes.biometric,interface.neural_veil,implant.neural_cable,mantle.archive_coat,background.anechoic_room,signal.locked,corruption.packet_ghosting
2018,feasibility_only_not_final_art,entity.synthetic,access.system,architecture.suspended_core,material.porcelain,eyes.void,interface.neural_veil,implant.root_port,mantle.split_shell,background.uplink_black,signal.intermittent,corruption.scan_shear
2019,feasibility_only_not_final_art,entity.hollow,access.admin,architecture.double_plane,material.carbon,eyes.fractured,interface.forensic_plate,implant.spinal_bus,mantle.archive_coat,background.rack_shadow,signal.locked,corruption.absence
2020,feasibility_only_not_final_art,entity.human,access.admin,architecture.inset,material.ceramic,eyes.thermal,interface.respirator,implant.antenna,mantle.archive_coat,background.relay_well,signal.locked,corruption.scan_shear
2021,feasibility_only_not_final_art,entity.human,access.user,architecture.sealed,material.carbon,eyes.biometric,interface.none,implant.antenna,mantle.split_shell,background.rack_shadow,signal.locked,corruption.intact
2022,feasibility_only_not_final_art,entity.human,access.user,architecture.sealed,material.carbon,eyes.biometric,interface.respirator,implant.none,mantle.archive_coat,background.evidence_void,signal.locked,corruption.scan_shear
2023,feasibility_only_not_final_art,entity.human,access.admin,architecture.inset,material.carbon,eyes.void,interface.forensic_plate,implant.spinal_bus,mantle.archive_coat,background.relay_well,signal.silent,corruption.intact
2024,feasibility_only_not_final_art,entity.synthetic,access.user,architecture.sealed,material.porcelain,eyes.optical_array,interface.forensic_plate,implant.none,mantle.archive_coat,background.rack_shadow,signal.carrier_echo,corruption.intact
2025,feasibility_only_not_final_art,entity.synthetic,access.user,architecture.inset,material.porcelain,eyes.thermal,interface.respirator,implant.spinal_bus,mantle.cable_shroud,background.cold_storage,signal.carrier_echo,corruption.packet_ghosting
2026,feasibility_only_not_final_art,entity.synthetic,access.user,architecture.sealed,material.ceramic,eyes.biometric,interface.none,implant.neural_cable,mantle.cable_shroud,background.anechoic_room,signal.intermittent,corruption.scan_shear
2027,feasibility_only_not_final_art,entity.specter,access.system,architecture.suspended_core,material.phase_glass,eyes.signal_burn,interface.neural_veil,implant.root_port,mantle.ceramic_mantle,background.evidence_void,signal.locked,corruption.intact
2028,feasibility_only_not_final_art,entity.synthetic,access.user,architecture.sealed,material.carbon,eyes.thermal,interface.none,implant.antenna,mantle.ceramic_mantle,background.cold_storage,signal.locked,corruption.intact
2029,feasibility_only_not_final_art,entity.hollow,access.user,architecture.inset,material.carbon,eyes.optical_array,interface.neural_veil,implant.neural_cable,mantle.cable_shroud,background.evidence_void,signal.locked,corruption.scan_shear
2030,feasibility_only_not_final_art,entity.synthetic,access.user,architecture.inset,material.biosynth,eyes.thermal,interface.forensic_plate,implant.antenna,mantle.ceramic_mantle,background.cold_storage,signal.carrier_echo,corruption.intact
2031,feasibility_only_not_final_art,entity.human,access.user,architecture.sealed,material.biosynth,eyes.void,interface.forensic_plate,implant.neural_cable,mantle.cable_shroud,background.rack_shadow,signal.intermittent,corruption.scan_shear
2032,feasibility_only_not_final_art,entity.synthetic,access.user,architecture.inset,material.biosynth,eyes.biometric,interface.respirator,implant.none,mantle.field_collar,background.cold_storage,signal.intermittent,corruption.intact
2033,feasibility_only_not_final_art,entity.synthetic,access.user,architecture.inset,material.carbon,eyes.fractured,interface.neural_veil,implant.neural_cable,mantle.cable_shroud,background.rack_shadow,signal.locked,corruption.intact
2034,feasibility_only_not_final_art,entity.synthetic,access.user,architecture.sealed,material.carbon,eyes.thermal,interface.forensic_plate,implant.spinal_bus,mantle.split_shell,background.rack_shadow,signal.carrier_echo,corruption.intact
2035,feasibility_only_not_final_art,entity.synthetic,access.user,architecture.sealed,material.biosynth,eyes.thermal,interface.respirator,implant.none,mantle.split_shell,background.cold_storage,signal.intermittent,corruption.checksum_burn
2036,feasibility_only_not_final_art,entity.human,access.system,architecture.suspended_core,material.ceramic,eyes.thermal,interface.forensic_plate,implant.root_port,mantle.field_collar,background.rack_shadow,signal.locked,corruption.intact
2037,feasibility_only_not_final_art,entity.synthetic,access.admin,architecture.double_plane,material.biosynth,eyes.optical_array,interface.forensic_plate,implant.none,mantle.split_shell,background.relay_well,signal.intermittent,corruption.scan_shear
2038,feasibility_only_not_final_art,entity.human,access.user,architecture.sealed,material.porcelain,eyes.biometric,interface.forensic_plate,implant.none,mantle.ceramic_mantle,background.evidence_void,signal.locked,corruption.scan_shear
2039,feasibility_only_not_final_art,entity.human,access.user,architecture.sealed,material.porcelain,eyes.biometric,interface.respirator,implant.neural_cable,mantle.archive_coat,background.evidence_void,signal.locked,corruption.checksum_burn
2040,feasibility_only_not_final_art,entity.synthetic,access.admin,architecture.double_plane,material.ceramic,eyes.biometric,interface.forensic_plate,implant.memory_spindle,mantle.ceramic_mantle,background.evidence_void,signal.intermittent,corruption.scan_shear
2041,feasibility_only_not_final_art,entity.human,access.user,architecture.inset,material.biosynth,eyes.thermal,interface.forensic_plate,implant.none,mantle.archive_coat,background.rack_shadow,signal.carrier_echo,corruption.packet_ghosting
2042,feasibility_only_not_final_art,entity.human,access.user,architecture.inset,material.biosynth,eyes.biometric,interface.forensic_plate,implant.none,mantle.field_collar,background.rack_shadow,signal.locked,corruption.intact
2043,feasibility_only_not_final_art,entity.synthetic,access.user,architecture.inset,material.carbon,eyes.thermal,interface.respirator,implant.antenna,mantle.archive_coat,background.service_tunnel,signal.intermittent,corruption.intact
2044,feasibility_only_not_final_art,entity.specter,access.system,architecture.suspended_core,material.reconstructed,eyes.void,interface.none,implant.root_port,mantle.archive_coat,background.cold_storage,signal.silent,corruption.scan_shear
2045,feasibility_only_not_final_art,entity.specter,access.user,architecture.inset,material.reconstructed,eyes.void,interface.none,implant.none,mantle.ceramic_mantle,background.cold_storage,signal.intermittent,corruption.scan_shear
2046,feasibility_only_not_final_art,entity.human,access.user,architecture.inset,material.biosynth,eyes.biometric,interface.none,implant.none,mantle.field_collar,background.relay_well,signal.silent,corruption.intact
2047,feasibility_only_not_final_art,entity.human,access.admin,architecture.inset,material.biosynth,eyes.biometric,interface.none,implant.none,mantle.ceramic_mantle,background.relay_well,signal.locked,corruption.scan_shear
2048,feasibility_only_not_final_art,entity.synthetic,access.user,architecture.sealed,material.carbon,eyes.biometric,interface.neural_veil,implant.none,mantle.archive_coat,background.cold_storage,signal.locked,corruption.scan_shear
2049,feasibility_only_not_final_art,entity.hollow,access.user,architecture.sealed,material.carbon,eyes.optical_array,interface.forensic_plate,implant.neural_cable,mantle.ceramic_mantle,background.relay_well,signal.carrier_echo,corruption.intact
2050,feasibility_only_not_final_art,entity.synthetic,access.admin,architecture.double_plane,material.biosynth,eyes.biometric,interface.respirator,implant.antenna,mantle.archive_coat,background.cold_storage,signal.locked,corruption.scan_shear
2051,feasibility_only_not_final_art,entity.human,access.user,architecture.sealed,material.biosynth,eyes.void,interface.none,implant.neural_cable,mantle.ceramic_mantle,background.cold_storage,signal.carrier_echo,corruption.scan_shear
2052,feasibility_only_not_final_art,entity.human,access.user,architecture.sealed,material.reconstructed,eyes.biometric,interface.forensic_plate,implant.antenna,mantle.field_collar,background.cold_storage,signal.locked,corruption.intact
2053,feasibility_only_not_final_art,entity.synthetic,access.user,architecture.sealed,material.ceramic,eyes.biometric,interface.forensic_plate,implant.none,mantle.ceramic_mantle,background.service_tunnel,signal.intermittent,corruption.checksum_burn
2054,feasibility_only_not_final_art,entity.synthetic,access.admin,architecture.double_plane,material.reconstructed,eyes.fractured,interface.null_mask,implant.none,mantle.split_shell,background.cold_storage,signal.intermittent,corruption.intact
2055,feasibility_only_not_final_art,entity.human,access.admin,architecture.inset,material.carbon,eyes.biometric,interface.respirator,implant.spinal_bus,mantle.ceramic_mantle,background.service_tunnel,signal.locked,corruption.intact
2056,feasibility_only_not_final_art,entity.synthetic,access.user,architecture.sealed,material.porcelain,eyes.thermal,interface.respirator,implant.neural_cable,mantle.archive_coat,background.evidence_void,signal.locked,corruption.intact
2057,feasibility_only_not_final_art,entity.human,access.user,architecture.inset,material.biosynth,eyes.biometric,interface.respirator,implant.antenna,mantle.field_collar,background.service_tunnel,signal.intermittent,corruption.scan_shear
2058,feasibility_only_not_final_art,entity.hollow,access.admin,architecture.inset,material.porcelain,eyes.void,interface.none,implant.none,mantle.field_collar,background.evidence_void,signal.intermittent,corruption.intact
2059,feasibility_only_not_final_art,entity.synthetic,access.admin,architecture.inset,material.biosynth,eyes.thermal,interface.none,implant.antenna,mantle.ceramic_mantle,background.evidence_void,signal.intermittent,corruption.intact
2060,feasibility_only_not_final_art,entity.synthetic,access.system,architecture.suspended_core,material.ceramic,eyes.fractured,interface.forensic_plate,implant.root_port,mantle.ceramic_mantle,background.relay_well,signal.locked,corruption.intact
2061,feasibility_only_not_final_art,entity.human,access.system,architecture.suspended_core,material.carbon,eyes.fractured,interface.respirator,implant.root_port,mantle.field_collar,background.evidence_void,signal.intermittent,corruption.intact
2062,feasibility_only_not_final_art,entity.hollow,access.user,architecture.inset,material.carbon,eyes.optical_array,interface.none,implant.spinal_bus,mantle.ceramic_mantle,background.evidence_void,signal.intermittent,corruption.absence
2063,feasibility_only_not_final_art,entity.synthetic,access.user,architecture.sealed,material.biosynth,eyes.biometric,interface.forensic_plate,implant.neural_cable,mantle.split_shell,background.rack_shadow,signal.locked,corruption.packet_ghosting
2064,feasibility_only_not_final_art,entity.synthetic,access.user,architecture.sealed,material.biosynth,eyes.fractured,interface.neural_veil,implant.none,mantle.archive_coat,background.anechoic_room,signal.locked,corruption.intact
2065,feasibility_only_not_final_art,entity.human,access.user,architecture.sealed,material.biosynth,eyes.biometric,interface.respirator,implant.none,mantle.archive_coat,background.evidence_void,signal.silent,corruption.scan_shear
2066,feasibility_only_not_final_art,entity.hollow,access.user,architecture.inset,material.carbon,eyes.void,interface.none,implant.none,mantle.cable_shroud,background.uplink_black,signal.carrier_echo,corruption.packet_ghosting
2067,feasibility_only_not_final_art,entity.human,access.user,architecture.sealed,material.biosynth,eyes.thermal,interface.respirator,implant.spinal_bus,mantle.field_collar,background.cold_storage,signal.intermittent,corruption.scan_shear
2068,feasibility_only_not_final_art,entity.synthetic,access.system,architecture.suspended_core,material.porcelain,eyes.fractured,interface.forensic_plate,implant.root_port,mantle.ceramic_mantle,background.rack_shadow,signal.carrier_echo,corruption.intact
2069,feasibility_only_not_final_art,entity.synthetic,access.user,architecture.sealed,material.porcelain,eyes.biometric,interface.forensic_plate,implant.neural_cable,mantle.cable_shroud,background.relay_well,signal.intermittent,corruption.packet_ghosting
2070,feasibility_only_not_final_art,entity.synthetic,access.user,architecture.sealed,material.porcelain,eyes.biometric,interface.none,implant.neural_cable,mantle.cable_shroud,background.cold_storage,signal.intermittent,corruption.intact
2071,feasibility_only_not_final_art,entity.human,access.user,architecture.sealed,material.reconstructed,eyes.void,interface.none,implant.none,mantle.ceramic_mantle,background.service_tunnel,signal.intermittent,corruption.scan_shear
2072,feasibility_only_not_final_art,entity.specter,access.admin,architecture.double_plane,material.carbon,eyes.signal_burn,interface.forensic_plate,implant.neural_cable,mantle.archive_coat,background.evidence_void,signal.intermittent,corruption.scan_shear
2073,feasibility_only_not_final_art,entity.human,access.user,architecture.sealed,material.porcelain,eyes.thermal,interface.forensic_plate,implant.antenna,mantle.field_collar,background.rack_shadow,signal.carrier_echo,corruption.checksum_burn
2074,feasibility_only_not_final_art,entity.synthetic,access.user,architecture.sealed,material.ceramic,eyes.biometric,interface.forensic_plate,implant.spinal_bus,mantle.ceramic_mantle,background.service_tunnel,signal.intermittent,corruption.intact
2075,feasibility_only_not_final_art,entity.synthetic,access.user,architecture.inset,material.carbon,eyes.thermal,interface.neural_veil,implant.neural_cable,mantle.cable_shroud,background.rack_shadow,signal.intermittent,corruption.scan_shear
2076,feasibility_only_not_final_art,entity.synthetic,access.user,architecture.sealed,material.ceramic,eyes.thermal,interface.respirator,implant.spinal_bus,mantle.ceramic_mantle,background.relay_well,signal.locked,corruption.intact
2077,feasibility_only_not_final_art,entity.human,access.user,architecture.sealed,material.carbon,eyes.thermal,interface.none,implant.neural_cable,mantle.split_shell,background.rack_shadow,signal.locked,corruption.memory_bleed
2078,feasibility_only_not_final_art,entity.synthetic,access.user,architecture.sealed,material.biosynth,eyes.thermal,interface.respirator,implant.none,mantle.cable_shroud,background.anechoic_room,signal.carrier_echo,corruption.intact
2079,feasibility_only_not_final_art,entity.synthetic,access.user,architecture.sealed,material.ceramic,eyes.thermal,interface.none,implant.spinal_bus,mantle.split_shell,background.evidence_void,signal.silent,corruption.intact
2080,feasibility_only_not_final_art,entity.specter,access.admin,architecture.double_plane,material.carbon,eyes.void,interface.forensic_plate,implant.spinal_bus,mantle.unsupported_frame,background.cold_storage,signal.intermittent,corruption.absence
2081,feasibility_only_not_final_art,entity.synthetic,access.user,architecture.sealed,material.porcelain,eyes.biometric,interface.neural_veil,implant.antenna,mantle.cable_shroud,background.rack_shadow,signal.carrier_echo,corruption.scan_shear
2082,feasibility_only_not_final_art,entity.synthetic,access.admin,architecture.inset,material.ceramic,eyes.thermal,interface.forensic_plate,implant.spinal_bus,mantle.ceramic_mantle,background.service_tunnel,signal.locked,corruption.intact
2083,feasibility_only_not_final_art,entity.hollow,access.user,architecture.inset,material.ceramic,eyes.optical_array,interface.none,implant.spinal_bus,mantle.split_shell,background.relay_well,signal.intermittent,corruption.packet_ghosting
2084,feasibility_only_not_final_art,entity.synthetic,access.user,architecture.sealed,material.ceramic,eyes.fractured,interface.respirator,implant.none,mantle.archive_coat,background.rack_shadow,signal.locked,corruption.packet_ghosting
2085,feasibility_only_not_final_art,entity.synthetic,access.admin,architecture.inset,material.biosynth,eyes.fractured,interface.none,implant.spinal_bus,mantle.archive_coat,background.cold_storage,signal.locked,corruption.intact
2086,feasibility_only_not_final_art,entity.human,access.admin,architecture.inset,material.porcelain,eyes.thermal,interface.forensic_plate,implant.none,mantle.ceramic_mantle,background.evidence_void,signal.intermittent,corruption.intact
2087,feasibility_only_not_final_art,entity.synthetic,access.admin,architecture.double_plane,material.biosynth,eyes.biometric,interface.none,implant.memory_spindle,mantle.ceramic_mantle,background.evidence_void,signal.locked,corruption.scan_shear
2088,feasibility_only_not_final_art,entity.synthetic,access.admin,architecture.inset,material.carbon,eyes.void,interface.none,implant.spinal_bus,mantle.ceramic_mantle,background.rack_shadow,signal.locked,corruption.intact
2089,feasibility_only_not_final_art,entity.synthetic,access.user,architecture.sealed,material.biosynth,eyes.thermal,interface.respirator,implant.antenna,mantle.field_collar,background.service_tunnel,signal.locked,corruption.intact
2090,feasibility_only_not_final_art,entity.hollow,access.user,architecture.sealed,material.carbon,eyes.void,interface.none,implant.none,mantle.archive_coat,background.evidence_void,signal.locked,corruption.scan_shear
2091,feasibility_only_not_final_art,entity.human,access.user,architecture.sealed,material.biosynth,eyes.fractured,interface.forensic_plate,implant.none,mantle.split_shell,background.uplink_black,signal.carrier_echo,corruption.intact
2092,feasibility_only_not_final_art,entity.human,access.user,architecture.sealed,material.ceramic,eyes.void,interface.none,implant.antenna,mantle.archive_coat,background.evidence_void,signal.silent,corruption.intact
2093,feasibility_only_not_final_art,entity.synthetic,access.user,architecture.sealed,material.carbon,eyes.optical_array,interface.null_mask,implant.none,mantle.ceramic_mantle,background.relay_well,signal.intermittent,corruption.intact
2094,feasibility_only_not_final_art,entity.human,access.user,architecture.inset,material.biosynth,eyes.biometric,interface.respirator,implant.neural_cable,mantle.cable_shroud,background.evidence_void,signal.carrier_echo,corruption.intact
2095,feasibility_only_not_final_art,entity.hollow,access.admin,architecture.inset,material.reconstructed,eyes.void,interface.none,implant.neural_cable,mantle.archive_coat,background.cold_storage,signal.carrier_echo,corruption.intact
2096,feasibility_only_not_final_art,entity.synthetic,access.user,architecture.sealed,material.porcelain,eyes.thermal,interface.none,implant.spinal_bus,mantle.ceramic_mantle,background.cold_storage,signal.intermittent,corruption.intact
2097,feasibility_only_not_final_art,entity.synthetic,access.user,architecture.sealed,material.carbon,eyes.fractured,interface.forensic_plate,implant.none,mantle.split_shell,background.evidence_void,signal.locked,corruption.intact
2098,feasibility_only_not_final_art,entity.hollow,access.user,architecture.inset,material.ceramic,eyes.void,interface.forensic_plate,implant.neural_cable,mantle.cable_shroud,background.evidence_void,signal.locked,corruption.absence
2099,feasibility_only_not_final_art,entity.synthetic,access.admin,architecture.inset,material.porcelain,eyes.biometric,interface.none,implant.none,mantle.archive_coat,background.evidence_void,signal.locked,corruption.scan_shear
2100,feasibility_only_not_final_art,entity.human,access.user,architecture.sealed,material.porcelain,eyes.void,interface.respirator,implant.none,mantle.field_collar,background.anechoic_room,signal.intermittent,corruption.scan_shear
2101,feasibility_only_not_final_art,entity.human,access.user,architecture.sealed,material.porcelain,eyes.biometric,interface.respirator,implant.neural_cable,mantle.archive_coat,background.rack_shadow,signal.carrier_echo,corruption.intact
2102,feasibility_only_not_final_art,entity.hollow,access.system,architecture.suspended_core,material.ceramic,eyes.void,interface.neural_veil,implant.root_port,mantle.archive_coat,background.relay_well,signal.carrier_echo,corruption.intact
2103,feasibility_only_not_final_art,entity.human,access.root,architecture.severed_halo,material.biosynth,eyes.fractured,interface.forensic_plate,implant.signal_crown,mantle.ceramic_mantle,background.service_tunnel,signal.locked,corruption.intact
2104,feasibility_only_not_final_art,entity.synthetic,access.user,architecture.sealed,material.porcelain,eyes.biometric,interface.respirator,implant.antenna,mantle.cable_shroud,background.service_tunnel,signal.intermittent,corruption.intact
2105,feasibility_only_not_final_art,entity.hollow,access.user,architecture.inset,material.ceramic,eyes.void,interface.forensic_plate,implant.neural_cable,mantle.archive_coat,background.evidence_void,signal.locked,corruption.intact
2106,feasibility_only_not_final_art,entity.human,access.user,architecture.sealed,material.biosynth,eyes.fractured,interface.none,implant.neural_cable,mantle.archive_coat,background.rack_shadow,signal.intermittent,corruption.checksum_burn
2107,feasibility_only_not_final_art,entity.synthetic,access.user,architecture.sealed,material.biosynth,eyes.fractured,interface.neural_veil,implant.none,mantle.field_collar,background.anechoic_room,signal.locked,corruption.intact
2108,feasibility_only_not_final_art,entity.synthetic,access.user,architecture.inset,material.carbon,eyes.biometric,interface.null_mask,implant.none,mantle.archive_coat,background.relay_well,signal.intermittent,corruption.intact
2109,feasibility_only_not_final_art,entity.synthetic,access.user,architecture.sealed,material.biosynth,eyes.biometric,interface.respirator,implant.none,mantle.cable_shroud,background.relay_well,signal.intermittent,corruption.intact
2110,feasibility_only_not_final_art,entity.synthetic,access.user,architecture.inset,material.biosynth,eyes.thermal,interface.none,implant.none,mantle.field_collar,background.rack_shadow,signal.carrier_echo,corruption.intact
2111,feasibility_only_not_final_art,entity.synthetic,access.user,architecture.sealed,material.porcelain,eyes.biometric,interface.respirator,implant.spinal_bus,mantle.split_shell,background.service_tunnel,signal.intermittent,corruption.intact
2112,feasibility_only_not_final_art,entity.hollow,access.user,architecture.inset,material.carbon,eyes.void,interface.neural_veil,implant.spinal_bus,mantle.field_collar,background.evidence_void,signal.carrier_echo,corruption.intact
2113,feasibility_only_not_final_art,entity.synthetic,access.user,architecture.inset,material.reconstructed,eyes.void,interface.neural_veil,implant.spinal_bus,mantle.field_collar,background.rack_shadow,signal.locked,corruption.scan_shear
2114,feasibility_only_not_final_art,entity.hollow,access.admin,architecture.double_plane,material.porcelain,eyes.optical_array,interface.forensic_plate,implant.neural_cable,mantle.split_shell,background.cold_storage,signal.silent,corruption.scan_shear
2115,feasibility_only_not_final_art,entity.synthetic,access.user,architecture.sealed,material.porcelain,eyes.fractured,interface.neural_veil,implant.neural_cable,mantle.archive_coat,background.cold_storage,signal.locked,corruption.intact
2116,feasibility_only_not_final_art,entity.synthetic,access.user,architecture.sealed,material.porcelain,eyes.fractured,interface.none,implant.spinal_bus,mantle.cable_shroud,background.rack_shadow,signal.locked,corruption.checksum_burn
2117,feasibility_only_not_final_art,entity.hollow,access.user,architecture.sealed,material.porcelain,eyes.void,interface.forensic_plate,implant.none,mantle.split_shell,background.rack_shadow,signal.locked,corruption.intact
2118,feasibility_only_not_final_art,entity.human,access.user,architecture.sealed,material.porcelain,eyes.thermal,interface.forensic_plate,implant.antenna,mantle.cable_shroud,background.cold_storage,signal.locked,corruption.intact
2119,feasibility_only_not_final_art,entity.synthetic,access.user,architecture.sealed,material.biosynth,eyes.thermal,interface.none,implant.none,mantle.cable_shroud,background.rack_shadow,signal.carrier_echo,corruption.scan_shear
2120,feasibility_only_not_final_art,entity.human,access.user,architecture.sealed,material.ceramic,eyes.void,interface.null_mask,implant.neural_cable,mantle.ceramic_mantle,background.cold_storage,signal.intermittent,corruption.intact
2121,feasibility_only_not_final_art,entity.human,access.user,architecture.inset,material.reconstructed,eyes.void,interface.respirator,implant.spinal_bus,mantle.archive_coat,background.relay_well,signal.intermittent,corruption.scan_shear
2122,feasibility_only_not_final_art,entity.human,access.user,architecture.inset,material.biosynth,eyes.biometric,interface.none,implant.neural_cable,mantle.cable_shroud,background.evidence_void,signal.carrier_echo,corruption.intact
2123,feasibility_only_not_final_art,entity.synthetic,access.user,architecture.sealed,material.ceramic,eyes.fractured,interface.respirator,implant.none,mantle.cable_shroud,background.relay_well,signal.silent,corruption.intact
2124,feasibility_only_not_final_art,entity.synthetic,access.admin,architecture.double_plane,material.reconstructed,eyes.void,interface.neural_veil,implant.spinal_bus,mantle.field_collar,background.anechoic_room,signal.intermittent,corruption.scan_shear
2125,feasibility_only_not_final_art,entity.human,access.user,architecture.inset,material.biosynth,eyes.biometric,interface.forensic_plate,implant.neural_cable,mantle.archive_coat,background.evidence_void,signal.carrier_echo,corruption.checksum_burn
2126,feasibility_only_not_final_art,entity.hollow,access.admin,architecture.double_plane,material.porcelain,eyes.fractured,interface.none,implant.spinal_bus,mantle.cable_shroud,background.service_tunnel,signal.locked,corruption.intact
2127,feasibility_only_not_final_art,entity.human,access.user,architecture.sealed,material.porcelain,eyes.biometric,interface.none,implant.neural_cable,mantle.archive_coat,background.anechoic_room,signal.locked,corruption.checksum_burn
2128,feasibility_only_not_final_art,entity.synthetic,access.user,architecture.sealed,material.ceramic,eyes.biometric,interface.none,implant.spinal_bus,mantle.cable_shroud,background.evidence_void,signal.intermittent,corruption.checksum_burn
2129,feasibility_only_not_final_art,entity.human,access.user,architecture.sealed,material.ceramic,eyes.biometric,interface.none,implant.spinal_bus,mantle.ceramic_mantle,background.relay_well,signal.intermittent,corruption.packet_ghosting
2130,feasibility_only_not_final_art,entity.synthetic,access.user,architecture.sealed,material.porcelain,eyes.thermal,interface.null_mask,implant.neural_cable,mantle.ceramic_mantle,background.evidence_void,signal.carrier_echo,corruption.intact
2131,feasibility_only_not_final_art,entity.synthetic,access.admin,architecture.inset,material.biosynth,eyes.void,interface.respirator,implant.none,mantle.ceramic_mantle,background.cold_storage,signal.locked,corruption.scan_shear
2132,feasibility_only_not_final_art,entity.hollow,access.user,architecture.sealed,material.porcelain,eyes.void,interface.none,implant.spinal_bus,mantle.split_shell,background.service_tunnel,signal.carrier_echo,corruption.intact
2133,feasibility_only_not_final_art,entity.human,access.user,architecture.sealed,material.carbon,eyes.biometric,interface.respirator,implant.none,mantle.field_collar,background.relay_well,signal.locked,corruption.intact
2134,feasibility_only_not_final_art,entity.hollow,access.user,architecture.sealed,material.ceramic,eyes.void,interface.forensic_plate,implant.neural_cable,mantle.ceramic_mantle,background.anechoic_room,signal.locked,corruption.packet_ghosting
2135,feasibility_only_not_final_art,entity.human,access.admin,architecture.inset,material.porcelain,eyes.thermal,interface.none,implant.neural_cable,mantle.archive_coat,background.rack_shadow,signal.locked,corruption.scan_shear
2136,feasibility_only_not_final_art,entity.synthetic,access.admin,architecture.inset,material.biosynth,eyes.optical_array,interface.neural_veil,implant.none,mantle.ceramic_mantle,background.rack_shadow,signal.locked,corruption.packet_ghosting
2137,feasibility_only_not_final_art,entity.synthetic,access.user,architecture.sealed,material.ceramic,eyes.biometric,interface.neural_veil,implant.none,mantle.archive_coat,background.evidence_void,signal.locked,corruption.intact
2138,feasibility_only_not_final_art,entity.hollow,access.admin,architecture.double_plane,material.ceramic,eyes.void,interface.none,implant.neural_cable,mantle.cable_shroud,background.evidence_void,signal.carrier_echo,corruption.scan_shear
2139,feasibility_only_not_final_art,entity.hollow,access.user,architecture.sealed,material.reconstructed,eyes.void,interface.forensic_plate,implant.antenna,mantle.cable_shroud,background.cold_storage,signal.silent,corruption.scan_shear
2140,feasibility_only_not_final_art,entity.synthetic,access.user,architecture.inset,material.porcelain,eyes.biometric,interface.forensic_plate,implant.none,mantle.split_shell,background.anechoic_room,signal.intermittent,corruption.intact
2141,feasibility_only_not_final_art,entity.human,access.user,architecture.inset,material.porcelain,eyes.biometric,interface.none,implant.antenna,mantle.ceramic_mantle,background.evidence_void,signal.intermittent,corruption.scan_shear
2142,feasibility_only_not_final_art,entity.hollow,access.user,architecture.sealed,material.carbon,eyes.fractured,interface.none,implant.none,mantle.ceramic_mantle,background.relay_well,signal.intermittent,corruption.intact
2143,feasibility_only_not_final_art,entity.synthetic,access.user,architecture.sealed,material.biosynth,eyes.biometric,interface.none,implant.spinal_bus,mantle.archive_coat,background.rack_shadow,signal.intermittent,corruption.scan_shear
2144,feasibility_only_not_final_art,entity.human,access.system,architecture.suspended_core,material.biosynth,eyes.thermal,interface.none,implant.root_port,mantle.cable_shroud,background.evidence_void,signal.locked,corruption.intact
2145,feasibility_only_not_final_art,entity.hollow,access.admin,architecture.double_plane,material.ceramic,eyes.void,interface.forensic_plate,implant.spinal_bus,mantle.archive_coat,background.relay_well,signal.silent,corruption.scan_shear
2146,feasibility_only_not_final_art,entity.hollow,access.user,architecture.sealed,material.porcelain,eyes.void,interface.neural_veil,implant.antenna,mantle.cable_shroud,background.cold_storage,signal.carrier_echo,corruption.scan_shear
2147,feasibility_only_not_final_art,entity.synthetic,access.user,architecture.sealed,material.porcelain,eyes.biometric,interface.respirator,implant.none,mantle.ceramic_mantle,background.cold_storage,signal.carrier_echo,corruption.intact
2148,feasibility_only_not_final_art,entity.human,access.user,architecture.sealed,material.porcelain,eyes.void,interface.none,implant.spinal_bus,mantle.ceramic_mantle,background.evidence_void,signal.locked,corruption.scan_shear
2149,feasibility_only_not_final_art,entity.human,access.user,architecture.sealed,material.biosynth,eyes.biometric,interface.respirator,implant.spinal_bus,mantle.cable_shroud,background.service_tunnel,signal.intermittent,corruption.intact
2150,feasibility_only_not_final_art,entity.synthetic,access.user,architecture.sealed,material.biosynth,eyes.biometric,interface.forensic_plate,implant.neural_cable,mantle.archive_coat,background.evidence_void,signal.locked,corruption.scan_shear
2151,feasibility_only_not_final_art,entity.hollow,access.user,architecture.sealed,material.reconstructed,eyes.fractured,interface.none,implant.spinal_bus,mantle.cable_shroud,background.relay_well,signal.carrier_echo,corruption.intact
2152,feasibility_only_not_final_art,entity.synthetic,access.admin,architecture.double_plane,material.biosynth,eyes.thermal,interface.forensic_plate,implant.neural_cable,mantle.archive_coat,background.rack_shadow,signal.intermittent,corruption.scan_shear
2153,feasibility_only_not_final_art,entity.human,access.user,architecture.sealed,material.ceramic,eyes.biometric,interface.none,implant.neural_cable,mantle.field_collar,background.evidence_void,signal.carrier_echo,corruption.intact
2154,feasibility_only_not_final_art,entity.synthetic,access.user,architecture.sealed,material.reconstructed,eyes.fractured,interface.none,implant.spinal_bus,mantle.ceramic_mantle,background.anechoic_room,signal.locked,corruption.intact
2155,feasibility_only_not_final_art,entity.hollow,access.system,architecture.suspended_core,material.reconstructed,eyes.void,interface.neural_veil,implant.root_port,mantle.archive_coat,background.evidence_void,signal.locked,corruption.absence
2156,feasibility_only_not_final_art,entity.human,access.user,architecture.sealed,material.carbon,eyes.thermal,interface.forensic_plate,implant.antenna,mantle.cable_shroud,background.cold_storage,signal.locked,corruption.intact
2157,feasibility_only_not_final_art,entity.synthetic,access.user,architecture.inset,material.carbon,eyes.thermal,interface.neural_veil,implant.none,mantle.cable_shroud,background.evidence_void,signal.locked,corruption.checksum_burn
2158,feasibility_only_not_final_art,entity.specter,access.user,architecture.sealed,material.reconstructed,eyes.fractured,interface.null_mask,implant.none,mantle.archive_coat,background.rack_shadow,signal.locked,corruption.intact
2159,feasibility_only_not_final_art,entity.hollow,access.user,architecture.sealed,material.porcelain,eyes.optical_array,interface.forensic_plate,implant.none,mantle.ceramic_mantle,background.rack_shadow,signal.carrier_echo,corruption.intact
2160,feasibility_only_not_final_art,entity.human,access.user,architecture.sealed,material.porcelain,eyes.thermal,interface.null_mask,implant.none,mantle.archive_coat,background.uplink_black,signal.locked,corruption.packet_ghosting
2161,feasibility_only_not_final_art,entity.hollow,access.user,architecture.sealed,material.carbon,eyes.void,interface.neural_veil,implant.none,mantle.ceramic_mantle,background.evidence_void,signal.locked,corruption.scan_shear
2162,feasibility_only_not_final_art,entity.synthetic,access.user,architecture.sealed,material.biosynth,eyes.thermal,interface.respirator,implant.none,mantle.ceramic_mantle,background.rack_shadow,signal.intermittent,corruption.intact
2163,feasibility_only_not_final_art,entity.human,access.user,architecture.sealed,material.biosynth,eyes.fractured,interface.none,implant.neural_cable,mantle.archive_coat,background.evidence_void,signal.intermittent,corruption.intact
2164,feasibility_only_not_final_art,entity.hollow,access.admin,architecture.double_plane,material.porcelain,eyes.void,interface.none,implant.spinal_bus,mantle.ceramic_mantle,background.cold_storage,signal.carrier_echo,corruption.intact
2165,feasibility_only_not_final_art,entity.human,access.admin,architecture.double_plane,material.porcelain,eyes.thermal,interface.forensic_plate,implant.spinal_bus,mantle.cable_shroud,background.cold_storage,signal.carrier_echo,corruption.intact
2166,feasibility_only_not_final_art,entity.human,access.user,architecture.sealed,material.reconstructed,eyes.fractured,interface.forensic_plate,implant.antenna,mantle.ceramic_mantle,background.relay_well,signal.intermittent,corruption.intact
2167,feasibility_only_not_final_art,entity.human,access.admin,architecture.inset,material.porcelain,eyes.void,interface.respirator,implant.none,mantle.archive_coat,background.rack_shadow,signal.locked,corruption.scan_shear
2168,feasibility_only_not_final_art,entity.human,access.user,architecture.inset,material.carbon,eyes.biometric,interface.forensic_plate,implant.neural_cable,mantle.ceramic_mantle,background.anechoic_room,signal.intermittent,corruption.scan_shear
2169,feasibility_only_not_final_art,entity.human,access.user,architecture.sealed,material.ceramic,eyes.biometric,interface.none,implant.neural_cable,mantle.cable_shroud,background.evidence_void,signal.locked,corruption.intact
2170,feasibility_only_not_final_art,entity.human,access.admin,architecture.inset,material.porcelain,eyes.thermal,interface.none,implant.none,mantle.cable_shroud,background.rack_shadow,signal.locked,corruption.scan_shear
2171,feasibility_only_not_final_art,entity.human,access.system,architecture.suspended_core,material.carbon,eyes.thermal,interface.none,implant.root_port,mantle.ceramic_mantle,background.relay_well,signal.intermittent,corruption.packet_ghosting
2172,feasibility_only_not_final_art,entity.human,access.admin,architecture.double_plane,material.biosynth,eyes.thermal,interface.null_mask,implant.none,mantle.cable_shroud,background.evidence_void,signal.locked,corruption.intact
2173,feasibility_only_not_final_art,entity.synthetic,access.admin,architecture.inset,material.biosynth,eyes.optical_array,interface.forensic_plate,implant.none,mantle.archive_coat,background.cold_storage,signal.intermittent,corruption.scan_shear
2174,feasibility_only_not_final_art,entity.human,access.user,architecture.sealed,material.biosynth,eyes.thermal,interface.none,implant.none,mantle.field_collar,background.relay_well,signal.carrier_echo,corruption.scan_shear
2175,feasibility_only_not_final_art,entity.human,access.system,architecture.suspended_core,material.biosynth,eyes.biometric,interface.none,implant.root_port,mantle.ceramic_mantle,background.service_tunnel,signal.locked,corruption.intact
2176,feasibility_only_not_final_art,entity.synthetic,access.admin,architecture.double_plane,material.carbon,eyes.optical_array,interface.forensic_plate,implant.none,mantle.ceramic_mantle,background.cold_storage,signal.locked,corruption.intact
2177,feasibility_only_not_final_art,entity.human,access.user,architecture.sealed,material.biosynth,eyes.biometric,interface.forensic_plate,implant.neural_cable,mantle.ceramic_mantle,background.rack_shadow,signal.locked,corruption.scan_shear
2178,feasibility_only_not_final_art,entity.synthetic,access.admin,architecture.inset,material.carbon,eyes.biometric,interface.forensic_plate,implant.none,mantle.archive_coat,background.service_tunnel,signal.unclocked,corruption.intact
2179,feasibility_only_not_final_art,entity.synthetic,access.user,architecture.sealed,material.porcelain,eyes.void,interface.neural_veil,implant.spinal_bus,mantle.archive_coat,background.evidence_void,signal.carrier_echo,corruption.intact
2180,feasibility_only_not_final_art,entity.hollow,access.admin,architecture.inset,material.porcelain,eyes.void,interface.neural_veil,implant.spinal_bus,mantle.archive_coat,background.cold_storage,signal.unclocked,corruption.intact
2181,feasibility_only_not_final_art,entity.human,access.system,architecture.suspended_core,material.biosynth,eyes.fractured,interface.respirator,implant.root_port,mantle.archive_coat,background.evidence_void,signal.locked,corruption.checksum_burn
2182,feasibility_only_not_final_art,entity.human,access.admin,architecture.double_plane,material.porcelain,eyes.biometric,interface.respirator,implant.none,mantle.cable_shroud,background.relay_well,signal.carrier_echo,corruption.intact
2183,feasibility_only_not_final_art,entity.synthetic,access.admin,architecture.inset,material.biosynth,eyes.biometric,interface.forensic_plate,implant.neural_cable,mantle.split_shell,background.cold_storage,signal.locked,corruption.packet_ghosting
2184,feasibility_only_not_final_art,entity.synthetic,access.user,architecture.sealed,material.reconstructed,eyes.optical_array,interface.neural_veil,implant.spinal_bus,mantle.ceramic_mantle,background.relay_well,signal.carrier_echo,corruption.intact
2185,feasibility_only_not_final_art,entity.human,access.user,architecture.sealed,material.carbon,eyes.thermal,interface.none,implant.neural_cable,mantle.archive_coat,background.service_tunnel,signal.locked,corruption.intact
2186,feasibility_only_not_final_art,entity.human,access.user,architecture.sealed,material.biosynth,eyes.biometric,interface.none,implant.spinal_bus,mantle.field_collar,background.service_tunnel,signal.carrier_echo,corruption.intact
2187,feasibility_only_not_final_art,entity.human,access.user,architecture.sealed,material.carbon,eyes.fractured,interface.none,implant.antenna,mantle.cable_shroud,background.service_tunnel,signal.silent,corruption.intact
2188,feasibility_only_not_final_art,entity.specter,access.user,architecture.inset,material.reconstructed,eyes.void,interface.none,implant.neural_cable,mantle.archive_coat,background.evidence_void,signal.carrier_echo,corruption.scan_shear
2189,feasibility_only_not_final_art,entity.hollow,access.user,architecture.sealed,material.porcelain,eyes.void,interface.none,implant.none,mantle.ceramic_mantle,background.cold_storage,signal.carrier_echo,corruption.scan_shear
2190,feasibility_only_not_final_art,entity.synthetic,access.user,architecture.sealed,material.carbon,eyes.void,interface.neural_veil,implant.spinal_bus,mantle.ceramic_mantle,background.cold_storage,signal.locked,corruption.intact
2191,feasibility_only_not_final_art,entity.synthetic,access.user,architecture.sealed,material.reconstructed,eyes.biometric,interface.respirator,implant.none,mantle.ceramic_mantle,background.uplink_black,signal.intermittent,corruption.scan_shear
2192,feasibility_only_not_final_art,entity.hollow,access.user,architecture.sealed,material.reconstructed,eyes.void,interface.none,implant.none,mantle.field_collar,background.cold_storage,signal.intermittent,corruption.intact
2193,feasibility_only_not_final_art,entity.synthetic,access.user,architecture.sealed,material.biosynth,eyes.optical_array,interface.none,implant.spinal_bus,mantle.ceramic_mantle,background.relay_well,signal.locked,corruption.scan_shear
2194,feasibility_only_not_final_art,entity.synthetic,access.user,architecture.inset,material.reconstructed,eyes.optical_array,interface.none,implant.none,mantle.ceramic_mantle,background.anechoic_room,signal.locked,corruption.checksum_burn
2195,feasibility_only_not_final_art,entity.synthetic,access.user,architecture.sealed,material.biosynth,eyes.optical_array,interface.respirator,implant.neural_cable,mantle.cable_shroud,background.cold_storage,signal.intermittent,corruption.scan_shear
2196,feasibility_only_not_final_art,entity.human,access.user,architecture.sealed,material.biosynth,eyes.fractured,interface.respirator,implant.none,mantle.field_collar,background.cold_storage,signal.intermittent,corruption.intact
2197,feasibility_only_not_final_art,entity.human,access.user,architecture.inset,material.biosynth,eyes.biometric,interface.none,implant.antenna,mantle.archive_coat,background.cold_storage,signal.locked,corruption.scan_shear
2198,feasibility_only_not_final_art,entity.human,access.system,architecture.suspended_core,material.biosynth,eyes.biometric,interface.none,implant.root_port,mantle.cable_shroud,background.relay_well,signal.locked,corruption.scan_shear
2199,feasibility_only_not_final_art,entity.synthetic,access.user,architecture.sealed,material.biosynth,eyes.optical_array,interface.forensic_plate,implant.spinal_bus,mantle.ceramic_mantle,background.rack_shadow,signal.locked,corruption.checksum_burn
2200,feasibility_only_not_final_art,entity.synthetic,access.user,architecture.sealed,material.carbon,eyes.fractured,interface.respirator,implant.none,mantle.archive_coat,background.relay_well,signal.locked,corruption.checksum_burn
2201,feasibility_only_not_final_art,entity.synthetic,access.admin,architecture.inset,material.biosynth,eyes.biometric,interface.forensic_plate,implant.spinal_bus,mantle.field_collar,background.service_tunnel,signal.silent,corruption.intact
2202,feasibility_only_not_final_art,entity.synthetic,access.user,architecture.sealed,material.carbon,eyes.void,interface.neural_veil,implant.none,mantle.ceramic_mantle,background.relay_well,signal.intermittent,corruption.intact
2203,feasibility_only_not_final_art,entity.human,access.root,architecture.severed_halo,material.carbon,eyes.void,interface.respirator,implant.signal_crown,mantle.archive_coat,background.relay_well,signal.locked,corruption.intact
2204,feasibility_only_not_final_art,entity.hollow,access.admin,architecture.double_plane,material.porcelain,eyes.void,interface.forensic_plate,implant.none,mantle.ceramic_mantle,background.evidence_void,signal.intermittent,corruption.intact
2205,feasibility_only_not_final_art,entity.human,access.admin,architecture.inset,material.reconstructed,eyes.void,interface.respirator,implant.neural_cable,mantle.ceramic_mantle,background.anechoic_room,signal.locked,corruption.intact
2206,feasibility_only_not_final_art,entity.synthetic,access.admin,architecture.inset,material.biosynth,eyes.biometric,interface.neural_veil,implant.neural_cable,mantle.archive_coat,background.cold_storage,signal.intermittent,corruption.memory_bleed
2207,feasibility_only_not_final_art,entity.synthetic,access.user,architecture.sealed,material.biosynth,eyes.biometric,interface.none,implant.neural_cable,mantle.archive_coat,background.evidence_void,signal.locked,corruption.checksum_burn
2208,feasibility_only_not_final_art,entity.synthetic,access.system,architecture.suspended_core,material.carbon,eyes.biometric,interface.respirator,implant.root_port,mantle.ceramic_mantle,background.evidence_void,signal.unclocked,corruption.intact
2209,feasibility_only_not_final_art,entity.human,access.user,architecture.sealed,material.porcelain,eyes.fractured,interface.respirator,implant.neural_cable,mantle.cable_shroud,background.cold_storage,signal.locked,corruption.intact
2210,feasibility_only_not_final_art,entity.synthetic,access.user,architecture.inset,material.biosynth,eyes.biometric,interface.respirator,implant.none,mantle.ceramic_mantle,background.uplink_black,signal.locked,corruption.checksum_burn
2211,feasibility_only_not_final_art,entity.hollow,access.user,architecture.inset,material.reconstructed,eyes.void,interface.none,implant.neural_cable,mantle.archive_coat,background.evidence_void,signal.locked,corruption.intact
2212,feasibility_only_not_final_art,entity.synthetic,access.user,architecture.inset,material.ceramic,eyes.biometric,interface.respirator,implant.none,mantle.ceramic_mantle,background.evidence_void,signal.carrier_echo,corruption.intact
2213,feasibility_only_not_final_art,entity.synthetic,access.user,architecture.sealed,material.porcelain,eyes.void,interface.none,implant.none,mantle.ceramic_mantle,background.evidence_void,signal.locked,corruption.intact
2214,feasibility_only_not_final_art,entity.human,access.admin,architecture.double_plane,material.biosynth,eyes.thermal,interface.none,implant.antenna,mantle.archive_coat,background.service_tunnel,signal.locked,corruption.packet_ghosting
2215,feasibility_only_not_final_art,entity.synthetic,access.user,architecture.sealed,material.carbon,eyes.biometric,interface.forensic_plate,implant.neural_cable,mantle.cable_shroud,background.rack_shadow,signal.intermittent,corruption.intact
2216,feasibility_only_not_final_art,entity.human,access.user,architecture.inset,material.biosynth,eyes.biometric,interface.forensic_plate,implant.none,mantle.ceramic_mantle,background.cold_storage,signal.carrier_echo,corruption.checksum_burn
2217,feasibility_only_not_final_art,entity.hollow,access.user,architecture.inset,material.ceramic,eyes.void,interface.forensic_plate,implant.none,mantle.archive_coat,background.cold_storage,signal.carrier_echo,corruption.scan_shear
2218,feasibility_only_not_final_art,entity.human,access.user,architecture.sealed,material.carbon,eyes.thermal,interface.respirator,implant.neural_cable,mantle.cable_shroud,background.evidence_void,signal.locked,corruption.intact
2219,feasibility_only_not_final_art,entity.human,access.user,architecture.inset,material.porcelain,eyes.thermal,interface.forensic_plate,implant.neural_cable,mantle.cable_shroud,background.cold_storage,signal.carrier_echo,corruption.scan_shear
2220,feasibility_only_not_final_art,entity.human,access.admin,architecture.inset,material.porcelain,eyes.void,interface.none,implant.neural_cable,mantle.cable_shroud,background.evidence_void,signal.intermittent,corruption.scan_shear
2221,feasibility_only_not_final_art,entity.synthetic,access.user,architecture.sealed,material.biosynth,eyes.biometric,interface.none,implant.none,mantle.cable_shroud,background.rack_shadow,signal.locked,corruption.intact
2222,feasibility_only_not_final_art,entity.synthetic,access.admin,architecture.double_plane,material.porcelain,eyes.thermal,interface.neural_veil,implant.spinal_bus,mantle.archive_coat,background.rack_shadow,signal.carrier_echo,corruption.checksum_burn
2223,feasibility_only_not_final_art,entity.human,access.user,architecture.sealed,material.porcelain,eyes.thermal,interface.none,implant.spinal_bus,mantle.field_collar,background.rack_shadow,signal.silent,corruption.checksum_burn
2224,feasibility_only_not_final_art,entity.hollow,access.user,architecture.sealed,material.ceramic,eyes.optical_array,interface.neural_veil,implant.none,mantle.ceramic_mantle,background.rack_shadow,signal.silent,corruption.intact
2225,feasibility_only_not_final_art,entity.human,access.user,architecture.inset,material.porcelain,eyes.thermal,interface.forensic_plate,implant.none,mantle.ceramic_mantle,background.cold_storage,signal.intermittent,corruption.intact
2226,feasibility_only_not_final_art,entity.human,access.admin,architecture.double_plane,material.carbon,eyes.thermal,interface.none,implant.none,mantle.ceramic_mantle,background.service_tunnel,signal.intermittent,corruption.intact
2227,feasibility_only_not_final_art,entity.human,access.user,architecture.sealed,material.reconstructed,eyes.void,interface.none,implant.none,mantle.ceramic_mantle,background.evidence_void,signal.locked,corruption.packet_ghosting
2228,feasibility_only_not_final_art,entity.human,access.user,architecture.inset,material.carbon,eyes.biometric,interface.none,implant.spinal_bus,mantle.field_collar,background.evidence_void,signal.locked,corruption.packet_ghosting
2229,feasibility_only_not_final_art,entity.synthetic,access.user,architecture.sealed,material.porcelain,eyes.biometric,interface.forensic_plate,implant.none,mantle.field_collar,background.service_tunnel,signal.intermittent,corruption.scan_shear
2230,feasibility_only_not_final_art,entity.synthetic,access.user,architecture.sealed,material.carbon,eyes.fractured,interface.respirator,implant.none,mantle.cable_shroud,background.anechoic_room,signal.intermittent,corruption.intact
2231,feasibility_only_not_final_art,entity.synthetic,access.system,architecture.suspended_core,material.carbon,eyes.thermal,interface.neural_veil,implant.root_port,mantle.ceramic_mantle,background.cold_storage,signal.intermittent,corruption.intact
2232,feasibility_only_not_final_art,entity.human,access.admin,architecture.double_plane,material.porcelain,eyes.void,interface.forensic_plate,implant.none,mantle.archive_coat,background.anechoic_room,signal.locked,corruption.intact
2233,feasibility_only_not_final_art,entity.hollow,access.admin,architecture.double_plane,material.porcelain,eyes.fractured,interface.skeletal_interface,implant.spinal_bus,mantle.ceramic_mantle,background.service_tunnel,signal.locked,corruption.packet_ghosting
2234,feasibility_only_not_final_art,entity.human,access.user,architecture.sealed,material.reconstructed,eyes.biometric,interface.none,implant.none,mantle.cable_shroud,background.cold_storage,signal.intermittent,corruption.intact
2235,feasibility_only_not_final_art,entity.synthetic,access.user,architecture.sealed,material.ceramic,eyes.fractured,interface.none,implant.none,mantle.ceramic_mantle,background.cold_storage,signal.silent,corruption.intact
2236,feasibility_only_not_final_art,entity.human,access.user,architecture.sealed,material.porcelain,eyes.biometric,interface.respirator,implant.none,mantle.ceramic_mantle,background.evidence_void,signal.locked,corruption.scan_shear
2237,feasibility_only_not_final_art,entity.hollow,access.admin,architecture.inset,material.ceramic,eyes.void,interface.none,implant.neural_cable,mantle.cable_shroud,background.evidence_void,signal.locked,corruption.intact
2238,feasibility_only_not_final_art,entity.human,access.user,architecture.sealed,material.porcelain,eyes.biometric,interface.respirator,implant.neural_cable,mantle.ceramic_mantle,background.evidence_void,signal.intermittent,corruption.intact
2239,feasibility_only_not_final_art,entity.synthetic,access.user,architecture.sealed,material.biosynth,eyes.thermal,interface.none,implant.antenna,mantle.ceramic_mantle,background.rack_shadow,signal.locked,corruption.intact
2240,feasibility_only_not_final_art,entity.synthetic,access.user,architecture.inset,material.biosynth,eyes.thermal,interface.none,implant.none,mantle.cable_shroud,background.uplink_black,signal.locked,corruption.packet_ghosting
2241,feasibility_only_not_final_art,entity.synthetic,access.user,architecture.sealed,material.ceramic,eyes.thermal,interface.neural_veil,implant.spinal_bus,mantle.split_shell,background.cold_storage,signal.locked,corruption.checksum_burn
2242,feasibility_only_not_final_art,entity.hollow,access.admin,architecture.inset,material.porcelain,eyes.optical_array,interface.neural_veil,implant.none,mantle.split_shell,background.rack_shadow,signal.intermittent,corruption.scan_shear
2243,feasibility_only_not_final_art,entity.synthetic,access.user,architecture.sealed,material.biosynth,eyes.biometric,interface.none,implant.spinal_bus,mantle.ceramic_mantle,background.rack_shadow,signal.intermittent,corruption.intact
2244,feasibility_only_not_final_art,entity.human,access.admin,architecture.double_plane,material.porcelain,eyes.void,interface.respirator,implant.none,mantle.split_shell,background.relay_well,signal.locked,corruption.packet_ghosting
2245,feasibility_only_not_final_art,entity.human,access.admin,architecture.double_plane,material.biosynth,eyes.biometric,interface.none,implant.none,mantle.archive_coat,background.cold_storage,signal.locked,corruption.scan_shear
2246,feasibility_only_not_final_art,entity.human,access.admin,architecture.double_plane,material.biosynth,eyes.biometric,interface.none,implant.neural_cable,mantle.field_collar,background.evidence_void,signal.intermittent,corruption.intact
2247,feasibility_only_not_final_art,entity.synthetic,access.admin,architecture.double_plane,material.biosynth,eyes.biometric,interface.respirator,implant.neural_cable,mantle.cable_shroud,background.cold_storage,signal.locked,corruption.scan_shear
2248,feasibility_only_not_final_art,entity.human,access.user,architecture.sealed,material.biosynth,eyes.biometric,interface.none,implant.spinal_bus,mantle.field_collar,background.rack_shadow,signal.intermittent,corruption.intact
2249,feasibility_only_not_final_art,entity.synthetic,access.user,architecture.sealed,material.carbon,eyes.thermal,interface.none,implant.none,mantle.field_collar,background.anechoic_room,signal.locked,corruption.intact
2250,feasibility_only_not_final_art,entity.synthetic,access.admin,architecture.double_plane,material.carbon,eyes.void,interface.neural_veil,implant.none,mantle.ceramic_mantle,background.evidence_void,signal.carrier_echo,corruption.memory_bleed
2251,feasibility_only_not_final_art,entity.human,access.user,architecture.sealed,material.biosynth,eyes.fractured,interface.null_mask,implant.none,mantle.ceramic_mantle,background.rack_shadow,signal.locked,corruption.intact
2252,feasibility_only_not_final_art,entity.human,access.user,architecture.sealed,material.porcelain,eyes.thermal,interface.none,implant.antenna,mantle.ceramic_mantle,background.relay_well,signal.silent,corruption.scan_shear
2253,feasibility_only_not_final_art,entity.human,access.admin,architecture.double_plane,material.ceramic,eyes.biometric,interface.respirator,implant.memory_spindle,mantle.field_collar,background.anechoic_room,signal.locked,corruption.scan_shear
2254,feasibility_only_not_final_art,entity.synthetic,access.user,architecture.sealed,material.biosynth,eyes.thermal,interface.respirator,implant.spinal_bus,mantle.archive_coat,background.cold_storage,signal.locked,corruption.scan_shear
2255,feasibility_only_not_final_art,entity.synthetic,access.user,architecture.sealed,material.biosynth,eyes.void,interface.none,implant.none,mantle.ceramic_mantle,background.evidence_void,signal.locked,corruption.intact
2256,feasibility_only_not_final_art,entity.synthetic,access.system,architecture.suspended_core,material.carbon,eyes.optical_array,interface.neural_veil,implant.root_port,mantle.archive_coat,background.rack_shadow,signal.locked,corruption.scan_shear
2257,feasibility_only_not_final_art,entity.human,access.admin,architecture.inset,material.porcelain,eyes.fractured,interface.respirator,implant.spinal_bus,mantle.ceramic_mantle,background.relay_well,signal.carrier_echo,corruption.intact
2258,feasibility_only_not_final_art,entity.synthetic,access.user,architecture.sealed,material.biosynth,eyes.void,interface.null_mask,implant.none,mantle.ceramic_mantle,background.cold_storage,signal.carrier_echo,corruption.scan_shear
2259,feasibility_only_not_final_art,entity.human,access.user,architecture.inset,material.reconstructed,eyes.biometric,interface.none,implant.spinal_bus,mantle.archive_coat,background.cold_storage,signal.locked,corruption.intact
2260,feasibility_only_not_final_art,entity.human,access.user,architecture.sealed,material.carbon,eyes.thermal,interface.none,implant.neural_cable,mantle.ceramic_mantle,background.evidence_void,signal.locked,corruption.scan_shear
2261,feasibility_only_not_final_art,entity.synthetic,access.admin,architecture.double_plane,material.biosynth,eyes.biometric,interface.neural_veil,implant.antenna,mantle.ceramic_mantle,background.rack_shadow,signal.locked,corruption.intact
2262,feasibility_only_not_final_art,entity.hollow,access.admin,architecture.double_plane,material.reconstructed,eyes.void,interface.neural_veil,implant.memory_spindle,mantle.cable_shroud,background.evidence_void,signal.intermittent,corruption.checksum_burn
2263,feasibility_only_not_final_art,entity.hollow,access.user,architecture.sealed,material.ceramic,eyes.optical_array,interface.null_mask,implant.neural_cable,mantle.cable_shroud,background.evidence_void,signal.unclocked,corruption.scan_shear
2264,feasibility_only_not_final_art,entity.synthetic,access.system,architecture.suspended_core,material.biosynth,eyes.thermal,interface.forensic_plate,implant.root_port,mantle.archive_coat,background.evidence_void,signal.intermittent,corruption.checksum_burn
2265,feasibility_only_not_final_art,entity.synthetic,access.user,architecture.sealed,material.biosynth,eyes.thermal,interface.respirator,implant.spinal_bus,mantle.archive_coat,background.evidence_void,signal.unclocked,corruption.intact
2266,feasibility_only_not_final_art,entity.synthetic,access.user,architecture.sealed,material.reconstructed,eyes.optical_array,interface.forensic_plate,implant.none,mantle.archive_coat,background.service_tunnel,signal.intermittent,corruption.intact
2267,feasibility_only_not_final_art,entity.synthetic,access.user,architecture.inset,material.biosynth,eyes.fractured,interface.neural_veil,implant.none,mantle.split_shell,background.anechoic_room,signal.intermittent,corruption.intact
2268,feasibility_only_not_final_art,entity.synthetic,access.user,architecture.sealed,material.biosynth,eyes.biometric,interface.none,implant.neural_cable,mantle.ceramic_mantle,background.service_tunnel,signal.intermittent,corruption.scan_shear
2269,feasibility_only_not_final_art,entity.synthetic,access.user,architecture.sealed,material.biosynth,eyes.biometric,interface.neural_veil,implant.none,mantle.archive_coat,background.evidence_void,signal.locked,corruption.scan_shear
2270,feasibility_only_not_final_art,entity.synthetic,access.user,architecture.inset,material.carbon,eyes.thermal,interface.forensic_plate,implant.none,mantle.field_collar,background.cold_storage,signal.intermittent,corruption.scan_shear
2271,feasibility_only_not_final_art,entity.specter,access.user,architecture.sealed,material.reconstructed,eyes.void,interface.skeletal_interface,implant.neural_cable,mantle.ceramic_mantle,background.cold_storage,signal.carrier_echo,corruption.absence
2272,feasibility_only_not_final_art,entity.hollow,access.admin,architecture.double_plane,material.porcelain,eyes.optical_array,interface.forensic_plate,implant.spinal_bus,mantle.field_collar,background.anechoic_room,signal.intermittent,corruption.intact
2273,feasibility_only_not_final_art,entity.synthetic,access.admin,architecture.double_plane,material.biosynth,eyes.biometric,interface.none,implant.none,mantle.cable_shroud,background.anechoic_room,signal.locked,corruption.checksum_burn
2274,feasibility_only_not_final_art,entity.human,access.user,architecture.sealed,material.biosynth,eyes.thermal,interface.null_mask,implant.antenna,mantle.archive_coat,background.evidence_void,signal.locked,corruption.scan_shear
2275,feasibility_only_not_final_art,entity.specter,access.user,architecture.sealed,material.carbon,eyes.void,interface.none,implant.none,mantle.unsupported_frame,background.cold_storage,signal.locked,corruption.intact
2276,feasibility_only_not_final_art,entity.human,access.user,architecture.inset,material.porcelain,eyes.thermal,interface.forensic_plate,implant.none,mantle.cable_shroud,background.rack_shadow,signal.locked,corruption.intact
2277,feasibility_only_not_final_art,entity.synthetic,access.user,architecture.inset,material.carbon,eyes.thermal,interface.none,implant.neural_cable,mantle.archive_coat,background.cold_storage,signal.carrier_echo,corruption.scan_shear
2278,feasibility_only_not_final_art,entity.human,access.user,architecture.sealed,material.porcelain,eyes.biometric,interface.null_mask,implant.neural_cable,mantle.archive_coat,background.anechoic_room,signal.locked,corruption.intact
2279,feasibility_only_not_final_art,entity.human,access.user,architecture.sealed,material.porcelain,eyes.biometric,interface.respirator,implant.neural_cable,mantle.archive_coat,background.cold_storage,signal.locked,corruption.intact
2280,feasibility_only_not_final_art,entity.synthetic,access.admin,architecture.inset,material.reconstructed,eyes.thermal,interface.forensic_plate,implant.antenna,mantle.field_collar,background.cold_storage,signal.intermittent,corruption.intact
2281,feasibility_only_not_final_art,entity.human,access.admin,architecture.double_plane,material.biosynth,eyes.fractured,interface.none,implant.memory_spindle,mantle.cable_shroud,background.cold_storage,signal.intermittent,corruption.memory_bleed
2282,feasibility_only_not_final_art,entity.synthetic,access.user,architecture.inset,material.biosynth,eyes.biometric,interface.none,implant.neural_cable,mantle.cable_shroud,background.relay_well,signal.carrier_echo,corruption.intact
2283,feasibility_only_not_final_art,entity.synthetic,access.user,architecture.sealed,material.carbon,eyes.biometric,interface.forensic_plate,implant.neural_cable,mantle.archive_coat,background.relay_well,signal.intermittent,corruption.packet_ghosting
2284,feasibility_only_not_final_art,entity.synthetic,access.system,architecture.suspended_core,material.reconstructed,eyes.thermal,interface.neural_veil,implant.root_port,mantle.archive_coat,background.cold_storage,signal.intermittent,corruption.scan_shear
2285,feasibility_only_not_final_art,entity.human,access.user,architecture.sealed,material.ceramic,eyes.void,interface.respirator,implant.spinal_bus,mantle.ceramic_mantle,background.evidence_void,signal.locked,corruption.intact
2286,feasibility_only_not_final_art,entity.synthetic,access.user,architecture.inset,material.porcelain,eyes.thermal,interface.forensic_plate,implant.neural_cable,mantle.cable_shroud,background.rack_shadow,signal.carrier_echo,corruption.scan_shear
2287,feasibility_only_not_final_art,entity.hollow,access.user,architecture.sealed,material.carbon,eyes.void,interface.neural_veil,implant.none,mantle.ceramic_mantle,background.relay_well,signal.locked,corruption.scan_shear
2288,feasibility_only_not_final_art,entity.synthetic,access.user,architecture.sealed,material.biosynth,eyes.fractured,interface.none,implant.antenna,mantle.archive_coat,background.cold_storage,signal.locked,corruption.intact
2289,feasibility_only_not_final_art,entity.synthetic,access.user,architecture.sealed,material.biosynth,eyes.optical_array,interface.forensic_plate,implant.none,mantle.cable_shroud,background.relay_well,signal.locked,corruption.intact
2290,feasibility_only_not_final_art,entity.human,access.user,architecture.inset,material.biosynth,eyes.biometric,interface.respirator,implant.none,mantle.field_collar,background.rack_shadow,signal.intermittent,corruption.scan_shear
2291,feasibility_only_not_final_art,entity.human,access.user,architecture.sealed,material.porcelain,eyes.thermal,interface.none,implant.none,mantle.split_shell,background.relay_well,signal.locked,corruption.checksum_burn
2292,feasibility_only_not_final_art,entity.hollow,access.user,architecture.sealed,material.carbon,eyes.void,interface.null_mask,implant.none,mantle.archive_coat,background.cold_storage,signal.carrier_echo,corruption.intact
2293,feasibility_only_not_final_art,entity.synthetic,access.user,architecture.sealed,material.carbon,eyes.optical_array,interface.neural_veil,implant.neural_cable,mantle.cable_shroud,background.evidence_void,signal.intermittent,corruption.checksum_burn
2294,feasibility_only_not_final_art,entity.synthetic,access.user,architecture.sealed,material.biosynth,eyes.thermal,interface.neural_veil,implant.antenna,mantle.split_shell,background.cold_storage,signal.locked,corruption.intact
2295,feasibility_only_not_final_art,entity.human,access.user,architecture.sealed,material.carbon,eyes.thermal,interface.respirator,implant.none,mantle.ceramic_mantle,background.relay_well,signal.intermittent,corruption.checksum_burn
2296,feasibility_only_not_final_art,entity.human,access.admin,architecture.double_plane,material.biosynth,eyes.biometric,interface.null_mask,implant.antenna,mantle.field_collar,background.evidence_void,signal.locked,corruption.intact
2297,feasibility_only_not_final_art,entity.hollow,access.user,architecture.sealed,material.reconstructed,eyes.void,interface.none,implant.spinal_bus,mantle.ceramic_mantle,background.anechoic_room,signal.locked,corruption.intact
2298,feasibility_only_not_final_art,entity.hollow,access.admin,architecture.inset,material.ceramic,eyes.fractured,interface.none,implant.antenna,mantle.cable_shroud,background.cold_storage,signal.intermittent,corruption.intact
2299,feasibility_only_not_final_art,entity.human,access.system,architecture.suspended_core,material.porcelain,eyes.biometric,interface.none,implant.root_port,mantle.archive_coat,background.relay_well,signal.intermittent,corruption.intact
2300,feasibility_only_not_final_art,entity.human,access.user,architecture.sealed,material.ceramic,eyes.void,interface.none,implant.none,mantle.field_collar,background.cold_storage,signal.intermittent,corruption.scan_shear
2301,feasibility_only_not_final_art,entity.synthetic,access.user,architecture.sealed,material.biosynth,eyes.void,interface.respirator,implant.antenna,mantle.ceramic_mantle,background.cold_storage,signal.intermittent,corruption.intact
2302,feasibility_only_not_final_art,entity.human,access.admin,architecture.inset,material.biosynth,eyes.biometric,interface.none,implant.neural_cable,mantle.archive_coat,background.evidence_void,signal.locked,corruption.checksum_burn
2303,feasibility_only_not_final_art,entity.synthetic,access.root,architecture.severed_halo,material.ceramic,eyes.fractured,interface.neural_veil,implant.signal_crown,mantle.cable_shroud,background.evidence_void,signal.carrier_echo,corruption.intact
2304,feasibility_only_not_final_art,entity.synthetic,access.user,architecture.inset,material.biosynth,eyes.thermal,interface.neural_veil,implant.spinal_bus,mantle.archive_coat,background.evidence_void,signal.intermittent,corruption.intact
2305,feasibility_only_not_final_art,entity.human,access.admin,architecture.double_plane,material.biosynth,eyes.biometric,interface.forensic_plate,implant.antenna,mantle.ceramic_mantle,background.cold_storage,signal.locked,corruption.intact
2306,feasibility_only_not_final_art,entity.human,access.user,architecture.inset,material.porcelain,eyes.biometric,interface.none,implant.none,mantle.archive_coat,background.anechoic_room,signal.intermittent,corruption.scan_shear
2307,feasibility_only_not_final_art,entity.hollow,access.user,architecture.sealed,material.porcelain,eyes.fractured,interface.neural_veil,implant.neural_cable,mantle.cable_shroud,background.evidence_void,signal.silent,corruption.packet_ghosting
2308,feasibility_only_not_final_art,entity.hollow,access.user,architecture.sealed,material.ceramic,eyes.void,interface.skeletal_interface,implant.spinal_bus,mantle.cable_shroud,background.cold_storage,signal.locked,corruption.intact
2309,feasibility_only_not_final_art,entity.synthetic,access.admin,architecture.inset,material.porcelain,eyes.biometric,interface.none,implant.neural_cable,mantle.field_collar,background.relay_well,signal.locked,corruption.intact
2310,feasibility_only_not_final_art,entity.human,access.user,architecture.sealed,material.porcelain,eyes.thermal,interface.null_mask,implant.none,mantle.archive_coat,background.evidence_void,signal.locked,corruption.scan_shear
2311,feasibility_only_not_final_art,entity.synthetic,access.user,architecture.sealed,material.carbon,eyes.thermal,interface.respirator,implant.spinal_bus,mantle.archive_coat,background.rack_shadow,signal.locked,corruption.scan_shear
2312,feasibility_only_not_final_art,entity.synthetic,access.user,architecture.sealed,material.ceramic,eyes.thermal,interface.forensic_plate,implant.antenna,mantle.archive_coat,background.relay_well,signal.intermittent,corruption.intact
2313,feasibility_only_not_final_art,entity.synthetic,access.user,architecture.sealed,material.reconstructed,eyes.thermal,interface.none,implant.none,mantle.ceramic_mantle,background.service_tunnel,signal.carrier_echo,corruption.scan_shear
2314,feasibility_only_not_final_art,entity.human,access.user,architecture.sealed,material.carbon,eyes.thermal,interface.respirator,implant.none,mantle.field_collar,background.relay_well,signal.silent,corruption.packet_ghosting
2315,feasibility_only_not_final_art,entity.human,access.user,architecture.sealed,material.carbon,eyes.thermal,interface.none,implant.spinal_bus,mantle.ceramic_mantle,background.rack_shadow,signal.locked,corruption.packet_ghosting
2316,feasibility_only_not_final_art,entity.human,access.user,architecture.sealed,material.carbon,eyes.biometric,interface.none,implant.neural_cable,mantle.archive_coat,background.relay_well,signal.locked,corruption.intact
2317,feasibility_only_not_final_art,entity.human,access.user,architecture.sealed,material.ceramic,eyes.biometric,interface.respirator,implant.antenna,mantle.cable_shroud,background.rack_shadow,signal.locked,corruption.scan_shear
2318,feasibility_only_not_final_art,entity.human,access.system,architecture.suspended_core,material.carbon,eyes.biometric,interface.none,implant.root_port,mantle.ceramic_mantle,background.cold_storage,signal.intermittent,corruption.checksum_burn
2319,feasibility_only_not_final_art,entity.synthetic,access.admin,architecture.double_plane,material.biosynth,eyes.biometric,interface.forensic_plate,implant.spinal_bus,mantle.archive_coat,background.rack_shadow,signal.locked,corruption.packet_ghosting
2320,feasibility_only_not_final_art,entity.synthetic,access.system,architecture.suspended_core,material.porcelain,eyes.biometric,interface.none,implant.root_port,mantle.archive_coat,background.evidence_void,signal.intermittent,corruption.scan_shear
2321,feasibility_only_not_final_art,entity.human,access.user,architecture.sealed,material.ceramic,eyes.void,interface.none,implant.none,mantle.cable_shroud,background.evidence_void,signal.locked,corruption.intact
2322,feasibility_only_not_final_art,entity.human,access.user,architecture.sealed,material.biosynth,eyes.biometric,interface.none,implant.none,mantle.ceramic_mantle,background.evidence_void,signal.locked,corruption.intact
2323,feasibility_only_not_final_art,entity.human,access.admin,architecture.double_plane,material.ceramic,eyes.biometric,interface.forensic_plate,implant.spinal_bus,mantle.field_collar,background.rack_shadow,signal.intermittent,corruption.packet_ghosting
2324,feasibility_only_not_final_art,entity.hollow,access.user,architecture.sealed,material.carbon,eyes.fractured,interface.neural_veil,implant.none,mantle.cable_shroud,background.evidence_void,signal.intermittent,corruption.intact
2325,feasibility_only_not_final_art,entity.human,access.user,architecture.sealed,material.biosynth,eyes.biometric,interface.none,implant.none,mantle.archive_coat,background.cold_storage,signal.silent,corruption.intact
2326,feasibility_only_not_final_art,entity.synthetic,access.user,architecture.sealed,material.reconstructed,eyes.biometric,interface.forensic_plate,implant.neural_cable,mantle.ceramic_mantle,background.rack_shadow,signal.locked,corruption.scan_shear
2327,feasibility_only_not_final_art,entity.synthetic,access.user,architecture.sealed,material.carbon,eyes.thermal,interface.neural_veil,implant.neural_cable,mantle.cable_shroud,background.service_tunnel,signal.locked,corruption.packet_ghosting
2328,feasibility_only_not_final_art,entity.hollow,access.user,architecture.inset,material.porcelain,eyes.void,interface.none,implant.neural_cable,mantle.archive_coat,background.evidence_void,signal.intermittent,corruption.scan_shear
2329,feasibility_only_not_final_art,entity.human,access.admin,architecture.double_plane,material.biosynth,eyes.biometric,interface.respirator,implant.neural_cable,mantle.split_shell,background.evidence_void,signal.locked,corruption.intact
2330,feasibility_only_not_final_art,entity.hollow,access.user,architecture.sealed,material.porcelain,eyes.void,interface.none,implant.neural_cable,mantle.archive_coat,background.evidence_void,signal.locked,corruption.intact
2331,feasibility_only_not_final_art,entity.hollow,access.user,architecture.sealed,material.ceramic,eyes.void,interface.null_mask,implant.none,mantle.cable_shroud,background.anechoic_room,signal.locked,corruption.intact
2332,feasibility_only_not_final_art,entity.synthetic,access.admin,architecture.inset,material.biosynth,eyes.biometric,interface.none,implant.neural_cable,mantle.cable_shroud,background.evidence_void,signal.locked,corruption.scan_shear
2333,feasibility_only_not_final_art,entity.human,access.user,architecture.sealed,material.biosynth,eyes.thermal,interface.forensic_plate,implant.neural_cable,mantle.archive_coat,background.rack_shadow,signal.locked,corruption.intact
2334,feasibility_only_not_final_art,entity.hollow,access.user,architecture.sealed,material.porcelain,eyes.void,interface.none,implant.none,mantle.ceramic_mantle,background.rack_shadow,signal.carrier_echo,corruption.intact
2335,feasibility_only_not_final_art,entity.human,access.admin,architecture.double_plane,material.biosynth,eyes.biometric,interface.respirator,implant.memory_spindle,mantle.ceramic_mantle,background.rack_shadow,signal.carrier_echo,corruption.scan_shear
2336,feasibility_only_not_final_art,entity.human,access.user,architecture.sealed,material.biosynth,eyes.thermal,interface.none,implant.none,mantle.cable_shroud,background.evidence_void,signal.locked,corruption.intact
2337,feasibility_only_not_final_art,entity.human,access.user,architecture.inset,material.biosynth,eyes.biometric,interface.respirator,implant.antenna,mantle.field_collar,background.evidence_void,signal.locked,corruption.scan_shear
2338,feasibility_only_not_final_art,entity.synthetic,access.admin,architecture.double_plane,material.ceramic,eyes.thermal,interface.forensic_plate,implant.none,mantle.archive_coat,background.evidence_void,signal.locked,corruption.checksum_burn
2339,feasibility_only_not_final_art,entity.synthetic,access.admin,architecture.inset,material.ceramic,eyes.thermal,interface.forensic_plate,implant.none,mantle.cable_shroud,background.evidence_void,signal.locked,corruption.scan_shear
2340,feasibility_only_not_final_art,entity.human,access.admin,architecture.inset,material.carbon,eyes.fractured,interface.forensic_plate,implant.antenna,mantle.archive_coat,background.rack_shadow,signal.locked,corruption.intact
2341,feasibility_only_not_final_art,entity.hollow,access.user,architecture.sealed,material.carbon,eyes.void,interface.null_mask,implant.none,mantle.field_collar,background.evidence_void,signal.locked,corruption.checksum_burn
2342,feasibility_only_not_final_art,entity.human,access.user,architecture.sealed,material.biosynth,eyes.thermal,interface.none,implant.none,mantle.field_collar,background.evidence_void,signal.locked,corruption.intact
2343,feasibility_only_not_final_art,entity.human,access.user,architecture.inset,material.biosynth,eyes.thermal,interface.none,implant.neural_cable,mantle.ceramic_mantle,background.relay_well,signal.locked,corruption.checksum_burn
2344,feasibility_only_not_final_art,entity.human,access.user,architecture.sealed,material.ceramic,eyes.void,interface.respirator,implant.none,mantle.ceramic_mantle,background.service_tunnel,signal.locked,corruption.checksum_burn
2345,feasibility_only_not_final_art,entity.synthetic,access.user,architecture.sealed,material.biosynth,eyes.void,interface.respirator,implant.none,mantle.archive_coat,background.rack_shadow,signal.intermittent,corruption.intact
2346,feasibility_only_not_final_art,entity.human,access.admin,architecture.inset,material.biosynth,eyes.biometric,interface.respirator,implant.none,mantle.archive_coat,background.cold_storage,signal.carrier_echo,corruption.intact
2347,feasibility_only_not_final_art,entity.human,access.user,architecture.sealed,material.biosynth,eyes.void,interface.forensic_plate,implant.neural_cable,mantle.archive_coat,background.rack_shadow,signal.locked,corruption.intact
2348,feasibility_only_not_final_art,entity.human,access.user,architecture.sealed,material.porcelain,eyes.biometric,interface.none,implant.none,mantle.archive_coat,background.cold_storage,signal.intermittent,corruption.intact
2349,feasibility_only_not_final_art,entity.human,access.user,architecture.inset,material.biosynth,eyes.thermal,interface.respirator,implant.none,mantle.field_collar,background.evidence_void,signal.locked,corruption.intact
2350,feasibility_only_not_final_art,entity.human,access.user,architecture.sealed,material.porcelain,eyes.thermal,interface.none,implant.none,mantle.archive_coat,background.relay_well,signal.silent,corruption.intact
2351,feasibility_only_not_final_art,entity.human,access.user,architecture.sealed,material.porcelain,eyes.biometric,interface.respirator,implant.none,mantle.ceramic_mantle,background.service_tunnel,signal.intermittent,corruption.checksum_burn
2352,feasibility_only_not_final_art,entity.hollow,access.user,architecture.sealed,material.porcelain,eyes.void,interface.forensic_plate,implant.spinal_bus,mantle.ceramic_mantle,background.evidence_void,signal.intermittent,corruption.scan_shear
2353,feasibility_only_not_final_art,entity.human,access.user,architecture.inset,material.biosynth,eyes.biometric,interface.none,implant.antenna,mantle.field_collar,background.service_tunnel,signal.carrier_echo,corruption.intact
2354,feasibility_only_not_final_art,entity.hollow,access.user,architecture.sealed,material.porcelain,eyes.void,interface.forensic_plate,implant.antenna,mantle.field_collar,background.anechoic_room,signal.locked,corruption.intact
2355,feasibility_only_not_final_art,entity.synthetic,access.user,architecture.sealed,material.reconstructed,eyes.fractured,interface.forensic_plate,implant.none,mantle.archive_coat,background.evidence_void,signal.locked,corruption.packet_ghosting
2356,feasibility_only_not_final_art,entity.human,access.user,architecture.sealed,material.biosynth,eyes.biometric,interface.none,implant.none,mantle.archive_coat,background.cold_storage,signal.carrier_echo,corruption.packet_ghosting
2357,feasibility_only_not_final_art,entity.human,access.admin,architecture.inset,material.carbon,eyes.biometric,interface.respirator,implant.spinal_bus,mantle.ceramic_mantle,background.anechoic_room,signal.locked,corruption.intact
2358,feasibility_only_not_final_art,entity.specter,access.system,architecture.suspended_core,material.phase_glass,eyes.void,interface.none,implant.root_port,mantle.ceramic_mantle,background.cold_storage,signal.locked,corruption.intact
2359,feasibility_only_not_final_art,entity.hollow,access.user,architecture.inset,material.reconstructed,eyes.void,interface.neural_veil,implant.none,mantle.cable_shroud,background.rack_shadow,signal.locked,corruption.intact
2360,feasibility_only_not_final_art,entity.human,access.user,architecture.inset,material.ceramic,eyes.thermal,interface.none,implant.none,mantle.archive_coat,background.cold_storage,signal.locked,corruption.scan_shear
2361,feasibility_only_not_final_art,entity.human,access.user,architecture.sealed,material.biosynth,eyes.thermal,interface.none,implant.antenna,mantle.archive_coat,background.evidence_void,signal.locked,corruption.intact
2362,feasibility_only_not_final_art,entity.human,access.user,architecture.sealed,material.biosynth,eyes.void,interface.none,implant.neural_cable,mantle.cable_shroud,background.evidence_void,signal.silent,corruption.intact
2363,feasibility_only_not_final_art,entity.hollow,access.user,architecture.sealed,material.carbon,eyes.void,interface.neural_veil,implant.neural_cable,mantle.cable_shroud,background.rack_shadow,signal.locked,corruption.intact
2364,feasibility_only_not_final_art,entity.synthetic,access.user,architecture.sealed,material.ceramic,eyes.fractured,interface.respirator,implant.antenna,mantle.field_collar,background.evidence_void,signal.intermittent,corruption.intact
2365,feasibility_only_not_final_art,entity.human,access.user,architecture.sealed,material.reconstructed,eyes.biometric,interface.none,implant.none,mantle.archive_coat,background.anechoic_room,signal.intermittent,corruption.intact
2366,feasibility_only_not_final_art,entity.human,access.user,architecture.sealed,material.carbon,eyes.biometric,interface.respirator,implant.spinal_bus,mantle.ceramic_mantle,background.evidence_void,signal.locked,corruption.intact
2367,feasibility_only_not_final_art,entity.hollow,access.admin,architecture.double_plane,material.porcelain,eyes.void,interface.neural_veil,implant.neural_cable,mantle.archive_coat,background.service_tunnel,signal.carrier_echo,corruption.intact
2368,feasibility_only_not_final_art,entity.human,access.admin,architecture.double_plane,material.porcelain,eyes.biometric,interface.forensic_plate,implant.antenna,mantle.cable_shroud,background.service_tunnel,signal.intermittent,corruption.packet_ghosting
2369,feasibility_only_not_final_art,entity.human,access.user,architecture.sealed,material.ceramic,eyes.thermal,interface.none,implant.none,mantle.archive_coat,background.evidence_void,signal.locked,corruption.scan_shear
2370,feasibility_only_not_final_art,entity.human,access.admin,architecture.double_plane,material.ceramic,eyes.biometric,interface.none,implant.neural_cable,mantle.split_shell,background.cold_storage,signal.carrier_echo,corruption.intact
2371,feasibility_only_not_final_art,entity.human,access.user,architecture.inset,material.biosynth,eyes.biometric,interface.none,implant.none,mantle.archive_coat,background.relay_well,signal.locked,corruption.intact
2372,feasibility_only_not_final_art,entity.hollow,access.user,architecture.sealed,material.carbon,eyes.fractured,interface.none,implant.neural_cable,mantle.archive_coat,background.evidence_void,signal.locked,corruption.checksum_burn
2373,feasibility_only_not_final_art,entity.synthetic,access.admin,architecture.inset,material.biosynth,eyes.fractured,interface.none,implant.neural_cable,mantle.cable_shroud,background.service_tunnel,signal.intermittent,corruption.intact
2374,feasibility_only_not_final_art,entity.synthetic,access.user,architecture.sealed,material.carbon,eyes.void,interface.neural_veil,implant.spinal_bus,mantle.field_collar,background.cold_storage,signal.locked,corruption.checksum_burn
2375,feasibility_only_not_final_art,entity.human,access.admin,architecture.inset,material.biosynth,eyes.biometric,interface.forensic_plate,implant.none,mantle.cable_shroud,background.evidence_void,signal.intermittent,corruption.intact
2376,feasibility_only_not_final_art,entity.hollow,access.user,architecture.inset,material.porcelain,eyes.void,interface.none,implant.none,mantle.archive_coat,background.evidence_void,signal.silent,corruption.absence
2377,feasibility_only_not_final_art,entity.synthetic,access.admin,architecture.double_plane,material.biosynth,eyes.thermal,interface.neural_veil,implant.none,mantle.split_shell,background.evidence_void,signal.locked,corruption.scan_shear
2378,feasibility_only_not_final_art,entity.hollow,access.user,architecture.inset,material.ceramic,eyes.void,interface.none,implant.neural_cable,mantle.archive_coat,background.service_tunnel,signal.locked,corruption.intact
2379,feasibility_only_not_final_art,entity.synthetic,access.user,architecture.sealed,material.biosynth,eyes.optical_array,interface.neural_veil,implant.none,mantle.split_shell,background.evidence_void,signal.locked,corruption.scan_shear
2380,feasibility_only_not_final_art,entity.hollow,access.user,architecture.inset,material.porcelain,eyes.void,interface.none,implant.spinal_bus,mantle.ceramic_mantle,background.rack_shadow,signal.locked,corruption.checksum_burn
2381,feasibility_only_not_final_art,entity.human,access.user,architecture.sealed,material.biosynth,eyes.biometric,interface.forensic_plate,implant.none,mantle.archive_coat,background.rack_shadow,signal.locked,corruption.intact
2382,feasibility_only_not_final_art,entity.human,access.user,architecture.sealed,material.porcelain,eyes.biometric,interface.none,implant.antenna,mantle.cable_shroud,background.relay_well,signal.carrier_echo,corruption.intact
2383,feasibility_only_not_final_art,entity.hollow,access.user,architecture.sealed,material.carbon,eyes.fractured,interface.forensic_plate,implant.none,mantle.ceramic_mantle,background.evidence_void,signal.locked,corruption.intact
2384,feasibility_only_not_final_art,entity.human,access.user,architecture.sealed,material.biosynth,eyes.void,interface.none,implant.none,mantle.cable_shroud,background.rack_shadow,signal.locked,corruption.intact
2385,feasibility_only_not_final_art,entity.hollow,access.user,architecture.sealed,material.ceramic,eyes.void,interface.forensic_plate,implant.neural_cable,mantle.ceramic_mantle,background.service_tunnel,signal.locked,corruption.intact
2386,feasibility_only_not_final_art,entity.synthetic,access.user,architecture.sealed,material.biosynth,eyes.biometric,interface.none,implant.neural_cable,mantle.ceramic_mantle,background.rack_shadow,signal.locked,corruption.intact
2387,feasibility_only_not_final_art,entity.human,access.admin,architecture.double_plane,material.biosynth,eyes.biometric,interface.respirator,implant.memory_spindle,mantle.cable_shroud,background.cold_storage,signal.intermittent,corruption.scan_shear
2388,feasibility_only_not_final_art,entity.synthetic,access.user,architecture.sealed,material.carbon,eyes.fractured,interface.neural_veil,implant.antenna,mantle.cable_shroud,background.service_tunnel,signal.locked,corruption.intact
2389,feasibility_only_not_final_art,entity.hollow,access.user,architecture.sealed,material.reconstructed,eyes.optical_array,interface.none,implant.neural_cable,mantle.cable_shroud,background.evidence_void,signal.locked,corruption.scan_shear
2390,feasibility_only_not_final_art,entity.human,access.user,architecture.sealed,material.ceramic,eyes.void,interface.none,implant.neural_cable,mantle.cable_shroud,background.service_tunnel,signal.silent,corruption.memory_bleed
2391,feasibility_only_not_final_art,entity.synthetic,access.user,architecture.sealed,material.reconstructed,eyes.optical_array,interface.neural_veil,implant.none,mantle.archive_coat,background.cold_storage,signal.intermittent,corruption.intact
2392,feasibility_only_not_final_art,entity.hollow,access.user,architecture.sealed,material.carbon,eyes.void,interface.forensic_plate,implant.antenna,mantle.archive_coat,background.evidence_void,signal.intermittent,corruption.scan_shear
2393,feasibility_only_not_final_art,entity.synthetic,access.user,architecture.sealed,material.biosynth,eyes.biometric,interface.forensic_plate,implant.none,mantle.archive_coat,background.evidence_void,signal.carrier_echo,corruption.checksum_burn
2394,feasibility_only_not_final_art,entity.synthetic,access.user,architecture.inset,material.ceramic,eyes.optical_array,interface.forensic_plate,implant.none,mantle.cable_shroud,background.evidence_void,signal.intermittent,corruption.intact
2395,feasibility_only_not_final_art,entity.synthetic,access.user,architecture.sealed,material.biosynth,eyes.thermal,interface.respirator,implant.none,mantle.cable_shroud,background.cold_storage,signal.intermittent,corruption.intact
2396,feasibility_only_not_final_art,entity.synthetic,access.admin,architecture.inset,material.biosynth,eyes.thermal,interface.forensic_plate,implant.none,mantle.field_collar,background.service_tunnel,signal.locked,corruption.intact
2397,feasibility_only_not_final_art,entity.synthetic,access.user,architecture.sealed,material.biosynth,eyes.optical_array,interface.respirator,implant.spinal_bus,mantle.archive_coat,background.evidence_void,signal.intermittent,corruption.intact
2398,feasibility_only_not_final_art,entity.specter,access.user,architecture.sealed,material.reconstructed,eyes.void,interface.none,implant.none,mantle.unsupported_frame,background.relay_well,signal.locked,corruption.intact
2399,feasibility_only_not_final_art,entity.synthetic,access.user,architecture.sealed,material.ceramic,eyes.thermal,interface.none,implant.antenna,mantle.cable_shroud,background.rack_shadow,signal.intermittent,corruption.intact
2400,feasibility_only_not_final_art,entity.human,access.user,architecture.sealed,material.biosynth,eyes.thermal,interface.respirator,implant.antenna,mantle.cable_shroud,background.relay_well,signal.locked,corruption.intact
2401,feasibility_only_not_final_art,entity.human,access.user,architecture.sealed,material.carbon,eyes.void,interface.none,implant.none,mantle.ceramic_mantle,background.anechoic_room,signal.locked,corruption.intact
2402,feasibility_only_not_final_art,entity.synthetic,access.user,architecture.sealed,material.carbon,eyes.biometric,interface.none,implant.neural_cable,mantle.cable_shroud,background.evidence_void,signal.carrier_echo,corruption.intact
2403,feasibility_only_not_final_art,entity.human,access.root,architecture.severed_halo,material.biosynth,eyes.void,interface.none,implant.signal_crown,mantle.ceramic_mantle,background.anechoic_room,signal.intermittent,corruption.intact
2404,feasibility_only_not_final_art,entity.synthetic,access.admin,architecture.double_plane,material.porcelain,eyes.thermal,interface.none,implant.none,mantle.cable_shroud,background.evidence_void,signal.intermittent,corruption.packet_ghosting
2405,feasibility_only_not_final_art,entity.hollow,access.user,architecture.sealed,material.porcelain,eyes.void,interface.neural_veil,implant.none,mantle.ceramic_mantle,background.relay_well,signal.locked,corruption.absence
2406,feasibility_only_not_final_art,entity.specter,access.admin,architecture.double_plane,material.reconstructed,eyes.void,interface.forensic_plate,implant.neural_cable,mantle.cable_shroud,background.relay_well,signal.locked,corruption.intact
2407,feasibility_only_not_final_art,entity.human,access.user,architecture.sealed,material.biosynth,eyes.fractured,interface.null_mask,implant.antenna,mantle.ceramic_mantle,background.evidence_void,signal.intermittent,corruption.intact
2408,feasibility_only_not_final_art,entity.synthetic,access.user,architecture.inset,material.ceramic,eyes.biometric,interface.none,implant.none,mantle.archive_coat,background.rack_shadow,signal.carrier_echo,corruption.scan_shear
2409,feasibility_only_not_final_art,entity.synthetic,access.user,architecture.inset,material.biosynth,eyes.void,interface.forensic_plate,implant.antenna,mantle.split_shell,background.anechoic_room,signal.carrier_echo,corruption.checksum_burn
2410,feasibility_only_not_final_art,entity.synthetic,access.admin,architecture.double_plane,material.ceramic,eyes.biometric,interface.neural_veil,implant.antenna,mantle.field_collar,background.rack_shadow,signal.intermittent,corruption.intact
2411,feasibility_only_not_final_art,entity.synthetic,access.user,architecture.sealed,material.biosynth,eyes.biometric,interface.forensic_plate,implant.neural_cable,mantle.ceramic_mantle,background.evidence_void,signal.locked,corruption.intact
2412,feasibility_only_not_final_art,entity.specter,access.user,architecture.sealed,material.phase_glass,eyes.void,interface.none,implant.antenna,mantle.unsupported_frame,background.evidence_void,signal.intermittent,corruption.checksum_burn
2413,feasibility_only_not_final_art,entity.human,access.user,architecture.sealed,material.carbon,eyes.void,interface.none,implant.spinal_bus,mantle.archive_coat,background.cold_storage,signal.locked,corruption.packet_ghosting
2414,feasibility_only_not_final_art,entity.hollow,access.user,architecture.sealed,material.porcelain,eyes.fractured,interface.none,implant.neural_cable,mantle.archive_coat,background.evidence_void,signal.locked,corruption.intact
2415,feasibility_only_not_final_art,entity.human,access.user,architecture.sealed,material.biosynth,eyes.thermal,interface.forensic_plate,implant.none,mantle.cable_shroud,background.service_tunnel,signal.locked,corruption.checksum_burn
2416,feasibility_only_not_final_art,entity.synthetic,access.user,architecture.sealed,material.porcelain,eyes.optical_array,interface.respirator,implant.neural_cable,mantle.ceramic_mantle,background.rack_shadow,signal.locked,corruption.scan_shear
2417,feasibility_only_not_final_art,entity.synthetic,access.user,architecture.sealed,material.carbon,eyes.biometric,interface.forensic_plate,implant.spinal_bus,mantle.ceramic_mantle,background.evidence_void,signal.carrier_echo,corruption.scan_shear
2418,feasibility_only_not_final_art,entity.human,access.user,architecture.sealed,material.biosynth,eyes.biometric,interface.respirator,implant.neural_cable,mantle.ceramic_mantle,background.rack_shadow,signal.locked,corruption.intact
2419,feasibility_only_not_final_art,entity.human,access.user,architecture.sealed,material.biosynth,eyes.void,interface.none,implant.neural_cable,mantle.cable_shroud,background.service_tunnel,signal.locked,corruption.intact
2420,feasibility_only_not_final_art,entity.human,access.system,architecture.suspended_core,material.biosynth,eyes.biometric,interface.none,implant.root_port,mantle.cable_shroud,background.evidence_void,signal.intermittent,corruption.checksum_burn
2421,feasibility_only_not_final_art,entity.hollow,access.admin,architecture.inset,material.ceramic,eyes.void,interface.none,implant.antenna,mantle.field_collar,background.rack_shadow,signal.carrier_echo,corruption.scan_shear
2422,feasibility_only_not_final_art,entity.synthetic,access.user,architecture.inset,material.biosynth,eyes.biometric,interface.respirator,implant.antenna,mantle.archive_coat,background.relay_well,signal.silent,corruption.memory_bleed
2423,feasibility_only_not_final_art,entity.human,access.user,architecture.inset,material.porcelain,eyes.void,interface.respirator,implant.none,mantle.field_collar,background.service_tunnel,signal.locked,corruption.scan_shear
2424,feasibility_only_not_final_art,entity.synthetic,access.admin,architecture.inset,material.carbon,eyes.biometric,interface.neural_veil,implant.none,mantle.field_collar,background.rack_shadow,signal.locked,corruption.intact
2425,feasibility_only_not_final_art,entity.human,access.user,architecture.sealed,material.carbon,eyes.thermal,interface.forensic_plate,implant.none,mantle.archive_coat,background.cold_storage,signal.carrier_echo,corruption.scan_shear
2426,feasibility_only_not_final_art,entity.synthetic,access.user,architecture.sealed,material.ceramic,eyes.biometric,interface.respirator,implant.neural_cable,mantle.ceramic_mantle,background.evidence_void,signal.silent,corruption.intact
2427,feasibility_only_not_final_art,entity.human,access.user,architecture.sealed,material.porcelain,eyes.thermal,interface.respirator,implant.none,mantle.ceramic_mantle,background.rack_shadow,signal.locked,corruption.packet_ghosting
2428,feasibility_only_not_final_art,entity.human,access.user,architecture.sealed,material.biosynth,eyes.thermal,interface.none,implant.none,mantle.cable_shroud,background.rack_shadow,signal.locked,corruption.intact
2429,feasibility_only_not_final_art,entity.hollow,access.user,architecture.sealed,material.porcelain,eyes.void,interface.none,implant.spinal_bus,mantle.archive_coat,background.relay_well,signal.carrier_echo,corruption.intact
2430,feasibility_only_not_final_art,entity.hollow,access.user,architecture.sealed,material.porcelain,eyes.void,interface.neural_veil,implant.antenna,mantle.ceramic_mantle,background.cold_storage,signal.silent,corruption.scan_shear
2431,feasibility_only_not_final_art,entity.human,access.user,architecture.sealed,material.porcelain,eyes.void,interface.none,implant.none,mantle.archive_coat,background.evidence_void,signal.locked,corruption.packet_ghosting
2432,feasibility_only_not_final_art,entity.hollow,access.user,architecture.sealed,material.carbon,eyes.fractured,interface.none,implant.none,mantle.ceramic_mantle,background.evidence_void,signal.intermittent,corruption.intact
2433,feasibility_only_not_final_art,entity.hollow,access.user,architecture.inset,material.carbon,eyes.optical_array,interface.forensic_plate,implant.neural_cable,mantle.archive_coat,background.cold_storage,signal.locked,corruption.intact
2434,feasibility_only_not_final_art,entity.human,access.system,architecture.suspended_core,material.biosynth,eyes.void,interface.respirator,implant.root_port,mantle.archive_coat,background.evidence_void,signal.locked,corruption.scan_shear
2435,feasibility_only_not_final_art,entity.synthetic,access.user,architecture.sealed,material.reconstructed,eyes.biometric,interface.respirator,implant.none,mantle.ceramic_mantle,background.relay_well,signal.locked,corruption.scan_shear
2436,feasibility_only_not_final_art,entity.human,access.user,architecture.sealed,material.biosynth,eyes.biometric,interface.respirator,implant.neural_cable,mantle.ceramic_mantle,background.anechoic_room,signal.locked,corruption.checksum_burn
2437,feasibility_only_not_final_art,entity.synthetic,access.user,architecture.inset,material.porcelain,eyes.thermal,interface.neural_veil,implant.neural_cable,mantle.ceramic_mantle,background.evidence_void,signal.locked,corruption.intact
2438,feasibility_only_not_final_art,entity.human,access.user,architecture.sealed,material.biosynth,eyes.thermal,interface.respirator,implant.neural_cable,mantle.archive_coat,background.evidence_void,signal.intermittent,corruption.intact
2439,feasibility_only_not_final_art,entity.synthetic,access.user,architecture.sealed,material.porcelain,eyes.thermal,interface.neural_veil,implant.neural_cable,mantle.split_shell,background.evidence_void,signal.locked,corruption.scan_shear
2440,feasibility_only_not_final_art,entity.synthetic,access.user,architecture.sealed,material.porcelain,eyes.fractured,interface.null_mask,implant.neural_cable,mantle.archive_coat,background.evidence_void,signal.carrier_echo,corruption.memory_bleed
2441,feasibility_only_not_final_art,entity.hollow,access.user,architecture.sealed,material.porcelain,eyes.void,interface.forensic_plate,implant.spinal_bus,mantle.archive_coat,background.relay_well,signal.intermittent,corruption.intact
2442,feasibility_only_not_final_art,entity.synthetic,access.user,architecture.inset,material.porcelain,eyes.optical_array,interface.forensic_plate,implant.none,mantle.field_collar,background.cold_storage,signal.locked,corruption.scan_shear
2443,feasibility_only_not_final_art,entity.human,access.user,architecture.sealed,material.biosynth,eyes.void,interface.respirator,implant.spinal_bus,mantle.archive_coat,background.evidence_void,signal.locked,corruption.scan_shear
2444,feasibility_only_not_final_art,entity.human,access.user,architecture.inset,material.porcelain,eyes.thermal,interface.respirator,implant.none,mantle.archive_coat,background.relay_well,signal.locked,corruption.intact
2445,feasibility_only_not_final_art,entity.human,access.user,architecture.sealed,material.carbon,eyes.thermal,interface.forensic_plate,implant.neural_cable,mantle.archive_coat,background.evidence_void,signal.locked,corruption.intact
2446,feasibility_only_not_final_art,entity.human,access.user,architecture.sealed,material.porcelain,eyes.biometric,interface.forensic_plate,implant.none,mantle.ceramic_mantle,background.rack_shadow,signal.unclocked,corruption.intact
2447,feasibility_only_not_final_art,entity.synthetic,access.system,architecture.suspended_core,material.ceramic,eyes.thermal,interface.respirator,implant.root_port,mantle.cable_shroud,background.rack_shadow,signal.locked,corruption.intact
2448,feasibility_only_not_final_art,entity.human,access.user,architecture.sealed,material.porcelain,eyes.void,interface.respirator,implant.none,mantle.field_collar,background.evidence_void,signal.locked,corruption.checksum_burn
2449,feasibility_only_not_final_art,entity.hollow,access.user,architecture.sealed,material.porcelain,eyes.void,interface.none,implant.none,mantle.archive_coat,background.relay_well,signal.locked,corruption.intact
2450,feasibility_only_not_final_art,entity.human,access.admin,architecture.double_plane,material.porcelain,eyes.biometric,interface.none,implant.spinal_bus,mantle.archive_coat,background.cold_storage,signal.locked,corruption.intact
2451,feasibility_only_not_final_art,entity.human,access.user,architecture.sealed,material.porcelain,eyes.thermal,interface.forensic_plate,implant.none,mantle.cable_shroud,background.cold_storage,signal.intermittent,corruption.scan_shear
2452,feasibility_only_not_final_art,entity.human,access.user,architecture.sealed,material.porcelain,eyes.thermal,interface.none,implant.none,mantle.cable_shroud,background.service_tunnel,signal.locked,corruption.intact
2453,feasibility_only_not_final_art,entity.human,access.user,architecture.inset,material.carbon,eyes.biometric,interface.forensic_plate,implant.antenna,mantle.ceramic_mantle,background.cold_storage,signal.carrier_echo,corruption.scan_shear
2454,feasibility_only_not_final_art,entity.hollow,access.user,architecture.sealed,material.porcelain,eyes.fractured,interface.forensic_plate,implant.none,mantle.ceramic_mantle,background.cold_storage,signal.locked,corruption.intact
2455,feasibility_only_not_final_art,entity.human,access.admin,architecture.inset,material.biosynth,eyes.biometric,interface.none,implant.none,mantle.archive_coat,background.cold_storage,signal.intermittent,corruption.packet_ghosting
2456,feasibility_only_not_final_art,entity.synthetic,access.user,architecture.sealed,material.ceramic,eyes.biometric,interface.neural_veil,implant.antenna,mantle.archive_coat,background.cold_storage,signal.carrier_echo,corruption.intact
2457,feasibility_only_not_final_art,entity.human,access.user,architecture.sealed,material.biosynth,eyes.biometric,interface.none,implant.spinal_bus,mantle.archive_coat,background.rack_shadow,signal.locked,corruption.checksum_burn
2458,feasibility_only_not_final_art,entity.synthetic,access.user,architecture.inset,material.carbon,eyes.biometric,interface.neural_veil,implant.none,mantle.cable_shroud,background.cold_storage,signal.silent,corruption.intact
2459,feasibility_only_not_final_art,entity.synthetic,access.user,architecture.sealed,material.biosynth,eyes.thermal,interface.forensic_plate,implant.none,mantle.cable_shroud,background.cold_storage,signal.carrier_echo,corruption.intact
2460,feasibility_only_not_final_art,entity.hollow,access.system,architecture.suspended_core,material.carbon,eyes.void,interface.skeletal_interface,implant.root_port,mantle.archive_coat,background.evidence_void,signal.locked,corruption.intact
2461,feasibility_only_not_final_art,entity.human,access.system,architecture.suspended_core,material.porcelain,eyes.thermal,interface.forensic_plate,implant.root_port,mantle.cable_shroud,background.cold_storage,signal.carrier_echo,corruption.intact
2462,feasibility_only_not_final_art,entity.human,access.admin,architecture.inset,material.biosynth,eyes.thermal,interface.forensic_plate,implant.memory_spindle,mantle.ceramic_mantle,background.relay_well,signal.carrier_echo,corruption.checksum_burn
2463,feasibility_only_not_final_art,entity.human,access.user,architecture.sealed,material.porcelain,eyes.thermal,interface.none,implant.none,mantle.archive_coat,background.evidence_void,signal.locked,corruption.scan_shear
2464,feasibility_only_not_final_art,entity.hollow,access.admin,architecture.inset,material.porcelain,eyes.optical_array,interface.none,implant.spinal_bus,mantle.field_collar,background.relay_well,signal.locked,corruption.intact
2465,feasibility_only_not_final_art,entity.human,access.admin,architecture.double_plane,material.porcelain,eyes.thermal,interface.respirator,implant.spinal_bus,mantle.ceramic_mantle,background.rack_shadow,signal.intermittent,corruption.checksum_burn
2466,feasibility_only_not_final_art,entity.human,access.user,architecture.sealed,material.porcelain,eyes.biometric,interface.respirator,implant.none,mantle.ceramic_mantle,background.cold_storage,signal.carrier_echo,corruption.scan_shear
2467,feasibility_only_not_final_art,entity.human,access.user,architecture.sealed,material.biosynth,eyes.void,interface.respirator,implant.none,mantle.ceramic_mantle,background.cold_storage,signal.locked,corruption.scan_shear
2468,feasibility_only_not_final_art,entity.specter,access.user,architecture.sealed,material.reconstructed,eyes.signal_burn,interface.none,implant.neural_cable,mantle.split_shell,background.relay_well,signal.locked,corruption.intact
2469,feasibility_only_not_final_art,entity.human,access.user,architecture.inset,material.biosynth,eyes.biometric,interface.respirator,implant.neural_cable,mantle.ceramic_mantle,background.evidence_void,signal.locked,corruption.scan_shear
2470,feasibility_only_not_final_art,entity.hollow,access.admin,architecture.inset,material.ceramic,eyes.fractured,interface.none,implant.spinal_bus,mantle.ceramic_mantle,background.evidence_void,signal.intermittent,corruption.packet_ghosting
2471,feasibility_only_not_final_art,entity.human,access.user,architecture.inset,material.biosynth,eyes.fractured,interface.respirator,implant.none,mantle.archive_coat,background.service_tunnel,signal.locked,corruption.checksum_burn
2472,feasibility_only_not_final_art,entity.human,access.user,architecture.sealed,material.ceramic,eyes.thermal,interface.respirator,implant.none,mantle.ceramic_mantle,background.evidence_void,signal.silent,corruption.intact
2473,feasibility_only_not_final_art,entity.hollow,access.user,architecture.sealed,material.porcelain,eyes.void,interface.none,implant.spinal_bus,mantle.archive_coat,background.rack_shadow,signal.locked,corruption.scan_shear
2474,feasibility_only_not_final_art,entity.human,access.admin,architecture.double_plane,material.carbon,eyes.void,interface.respirator,implant.antenna,mantle.cable_shroud,background.rack_shadow,signal.locked,corruption.intact
2475,feasibility_only_not_final_art,entity.synthetic,access.user,architecture.sealed,material.ceramic,eyes.thermal,interface.forensic_plate,implant.none,mantle.archive_coat,background.service_tunnel,signal.silent,corruption.intact
2476,feasibility_only_not_final_art,entity.human,access.user,architecture.sealed,material.carbon,eyes.fractured,interface.respirator,implant.spinal_bus,mantle.cable_shroud,background.evidence_void,signal.locked,corruption.intact
2477,feasibility_only_not_final_art,entity.human,access.admin,architecture.inset,material.reconstructed,eyes.biometric,interface.respirator,implant.memory_spindle,mantle.field_collar,background.relay_well,signal.carrier_echo,corruption.checksum_burn
2478,feasibility_only_not_final_art,entity.human,access.user,architecture.sealed,material.biosynth,eyes.biometric,interface.none,implant.spinal_bus,mantle.archive_coat,background.evidence_void,signal.intermittent,corruption.intact
2479,feasibility_only_not_final_art,entity.synthetic,access.user,architecture.sealed,material.porcelain,eyes.biometric,interface.forensic_plate,implant.spinal_bus,mantle.field_collar,background.evidence_void,signal.intermittent,corruption.intact
2480,feasibility_only_not_final_art,entity.hollow,access.user,architecture.sealed,material.carbon,eyes.void,interface.none,implant.antenna,mantle.ceramic_mantle,background.evidence_void,signal.locked,corruption.scan_shear
2481,feasibility_only_not_final_art,entity.synthetic,access.user,architecture.inset,material.biosynth,eyes.thermal,interface.respirator,implant.spinal_bus,mantle.archive_coat,background.relay_well,signal.carrier_echo,corruption.scan_shear
2482,feasibility_only_not_final_art,entity.human,access.user,architecture.sealed,material.carbon,eyes.biometric,interface.none,implant.none,mantle.ceramic_mantle,background.service_tunnel,signal.intermittent,corruption.checksum_burn
2483,feasibility_only_not_final_art,entity.human,access.user,architecture.inset,material.biosynth,eyes.thermal,interface.forensic_plate,implant.spinal_bus,mantle.archive_coat,background.rack_shadow,signal.locked,corruption.intact
2484,feasibility_only_not_final_art,entity.synthetic,access.user,architecture.sealed,material.biosynth,eyes.biometric,interface.none,implant.none,mantle.ceramic_mantle,background.rack_shadow,signal.intermittent,corruption.intact
2485,feasibility_only_not_final_art,entity.synthetic,access.user,architecture.sealed,material.porcelain,eyes.thermal,interface.neural_veil,implant.none,mantle.ceramic_mantle,background.anechoic_room,signal.intermittent,corruption.intact
2486,feasibility_only_not_final_art,entity.human,access.user,architecture.sealed,material.biosynth,eyes.void,interface.forensic_plate,implant.spinal_bus,mantle.field_collar,background.cold_storage,signal.intermittent,corruption.checksum_burn
2487,feasibility_only_not_final_art,entity.hollow,access.admin,architecture.inset,material.porcelain,eyes.fractured,interface.forensic_plate,implant.antenna,mantle.ceramic_mantle,background.evidence_void,signal.intermittent,corruption.intact
2488,feasibility_only_not_final_art,entity.hollow,access.user,architecture.sealed,material.porcelain,eyes.void,interface.none,implant.spinal_bus,mantle.ceramic_mantle,background.evidence_void,signal.silent,corruption.scan_shear
2489,feasibility_only_not_final_art,entity.human,access.user,architecture.sealed,material.biosynth,eyes.thermal,interface.none,implant.antenna,mantle.archive_coat,background.rack_shadow,signal.locked,corruption.packet_ghosting
2490,feasibility_only_not_final_art,entity.hollow,access.admin,architecture.double_plane,material.carbon,eyes.void,interface.neural_veil,implant.spinal_bus,mantle.field_collar,background.rack_shadow,signal.intermittent,corruption.intact
2491,feasibility_only_not_final_art,entity.hollow,access.user,architecture.inset,material.carbon,eyes.optical_array,interface.forensic_plate,implant.none,mantle.archive_coat,background.anechoic_room,signal.locked,corruption.scan_shear
2492,feasibility_only_not_final_art,entity.synthetic,access.admin,architecture.double_plane,material.biosynth,eyes.optical_array,interface.respirator,implant.memory_spindle,mantle.ceramic_mantle,background.service_tunnel,signal.intermittent,corruption.intact
2493,feasibility_only_not_final_art,entity.hollow,access.user,architecture.sealed,material.reconstructed,eyes.void,interface.forensic_plate,implant.neural_cable,mantle.field_collar,background.evidence_void,signal.locked,corruption.intact
2494,feasibility_only_not_final_art,entity.hollow,access.user,architecture.sealed,material.reconstructed,eyes.void,interface.forensic_plate,implant.none,mantle.cable_shroud,background.cold_storage,signal.intermittent,corruption.checksum_burn
2495,feasibility_only_not_final_art,entity.synthetic,access.user,architecture.sealed,material.biosynth,eyes.biometric,interface.respirator,implant.neural_cable,mantle.field_collar,background.evidence_void,signal.locked,corruption.intact
2496,feasibility_only_not_final_art,entity.hollow,access.user,architecture.inset,material.porcelain,eyes.void,interface.forensic_plate,implant.spinal_bus,mantle.archive_coat,background.rack_shadow,signal.carrier_echo,corruption.scan_shear
2497,feasibility_only_not_final_art,entity.human,access.admin,architecture.inset,material.carbon,eyes.void,interface.none,implant.none,mantle.ceramic_mantle,background.evidence_void,signal.intermittent,corruption.intact
2498,feasibility_only_not_final_art,entity.human,access.admin,architecture.double_plane,material.porcelain,eyes.fractured,interface.null_mask,implant.memory_spindle,mantle.archive_coat,background.rack_shadow,signal.locked,corruption.intact
2499,feasibility_only_not_final_art,entity.human,access.user,architecture.sealed,material.ceramic,eyes.thermal,interface.forensic_plate,implant.spinal_bus,mantle.cable_shroud,background.evidence_void,signal.intermittent,corruption.scan_shear
2500,feasibility_only_not_final_art,entity.human,access.admin,architecture.double_plane,material.biosynth,eyes.biometric,interface.none,implant.neural_cable,mantle.archive_coat,background.cold_storage,signal.locked,corruption.packet_ghosting
2501,feasibility_only_not_final_art,entity.synthetic,access.user,architecture.inset,material.biosynth,eyes.biometric,interface.respirator,implant.none,mantle.archive_coat,background.rack_shadow,signal.locked,corruption.checksum_burn
2502,feasibility_only_not_final_art,entity.human,access.user,architecture.sealed,material.biosynth,eyes.thermal,interface.respirator,implant.antenna,mantle.field_collar,background.evidence_void,signal.locked,corruption.packet_ghosting
2503,feasibility_only_not_final_art,entity.human,access.root,architecture.severed_halo,material.ceramic,eyes.thermal,interface.respirator,implant.signal_crown,mantle.ceramic_mantle,background.cold_storage,signal.locked,corruption.intact
2504,feasibility_only_not_final_art,entity.human,access.admin,architecture.inset,material.porcelain,eyes.biometric,interface.none,implant.none,mantle.cable_shroud,background.relay_well,signal.locked,corruption.intact
2505,feasibility_only_not_final_art,entity.synthetic,access.user,architecture.sealed,material.carbon,eyes.biometric,interface.neural_veil,implant.neural_cable,mantle.field_collar,background.rack_shadow,signal.locked,corruption.checksum_burn
2506,feasibility_only_not_final_art,entity.hollow,access.user,architecture.inset,material.ceramic,eyes.optical_array,interface.skeletal_interface,implant.spinal_bus,mantle.archive_coat,background.relay_well,signal.locked,corruption.intact
2507,feasibility_only_not_final_art,entity.human,access.user,architecture.inset,material.porcelain,eyes.biometric,interface.forensic_plate,implant.antenna,mantle.cable_shroud,background.evidence_void,signal.intermittent,corruption.intact
2508,feasibility_only_not_final_art,entity.human,access.user,architecture.sealed,material.porcelain,eyes.thermal,interface.forensic_plate,implant.none,mantle.split_shell,background.relay_well,signal.intermittent,corruption.intact
2509,feasibility_only_not_final_art,entity.human,access.user,architecture.sealed,material.porcelain,eyes.biometric,interface.respirator,implant.none,mantle.cable_shroud,background.cold_storage,signal.intermittent,corruption.checksum_burn
2510,feasibility_only_not_final_art,entity.human,access.user,architecture.sealed,material.porcelain,eyes.thermal,interface.none,implant.spinal_bus,mantle.archive_coat,background.rack_shadow,signal.locked,corruption.intact
2511,feasibility_only_not_final_art,entity.human,access.user,architecture.inset,material.reconstructed,eyes.biometric,interface.respirator,implant.antenna,mantle.archive_coat,background.anechoic_room,signal.locked,corruption.scan_shear
2512,feasibility_only_not_final_art,entity.specter,access.user,architecture.sealed,material.reconstructed,eyes.void,interface.none,implant.none,mantle.field_collar,background.rack_shadow,signal.carrier_echo,corruption.absence
2513,feasibility_only_not_final_art,entity.specter,access.user,architecture.inset,material.reconstructed,eyes.fractured,interface.forensic_plate,implant.none,mantle.unsupported_frame,background.service_tunnel,signal.locked,corruption.intact
2514,feasibility_only_not_final_art,entity.synthetic,access.user,architecture.sealed,material.biosynth,eyes.optical_array,interface.forensic_plate,implant.none,mantle.ceramic_mantle,background.relay_well,signal.carrier_echo,corruption.intact
2515,feasibility_only_not_final_art,entity.human,access.user,architecture.sealed,material.carbon,eyes.fractured,interface.none,implant.neural_cable,mantle.split_shell,background.evidence_void,signal.locked,corruption.intact
2516,feasibility_only_not_final_art,entity.synthetic,access.user,architecture.sealed,material.reconstructed,eyes.void,interface.respirator,implant.spinal_bus,mantle.archive_coat,background.rack_shadow,signal.locked,corruption.intact
2517,feasibility_only_not_final_art,entity.human,access.admin,architecture.inset,material.biosynth,eyes.thermal,interface.none,implant.memory_spindle,mantle.archive_coat,background.evidence_void,signal.intermittent,corruption.scan_shear
2518,feasibility_only_not_final_art,entity.synthetic,access.user,architecture.sealed,material.carbon,eyes.biometric,interface.forensic_plate,implant.spinal_bus,mantle.field_collar,background.evidence_void,signal.intermittent,corruption.scan_shear
2519,feasibility_only_not_final_art,entity.synthetic,access.admin,architecture.inset,material.biosynth,eyes.biometric,interface.null_mask,implant.none,mantle.archive_coat,background.cold_storage,signal.locked,corruption.intact
2520,feasibility_only_not_final_art,entity.synthetic,access.admin,architecture.double_plane,material.biosynth,eyes.thermal,interface.neural_veil,implant.spinal_bus,mantle.archive_coat,background.evidence_void,signal.intermittent,corruption.intact
2521,feasibility_only_not_final_art,entity.synthetic,access.user,architecture.inset,material.carbon,eyes.thermal,interface.respirator,implant.antenna,mantle.archive_coat,background.relay_well,signal.intermittent,corruption.scan_shear
2522,feasibility_only_not_final_art,entity.synthetic,access.user,architecture.sealed,material.carbon,eyes.biometric,interface.none,implant.spinal_bus,mantle.archive_coat,background.rack_shadow,signal.carrier_echo,corruption.intact
2523,feasibility_only_not_final_art,entity.synthetic,access.user,architecture.sealed,material.biosynth,eyes.biometric,interface.neural_veil,implant.neural_cable,mantle.archive_coat,background.relay_well,signal.intermittent,corruption.intact
2524,feasibility_only_not_final_art,entity.synthetic,access.admin,architecture.inset,material.porcelain,eyes.void,interface.respirator,implant.none,mantle.archive_coat,background.evidence_void,signal.intermittent,corruption.checksum_burn
2525,feasibility_only_not_final_art,entity.hollow,access.admin,architecture.double_plane,material.porcelain,eyes.fractured,interface.forensic_plate,implant.spinal_bus,mantle.archive_coat,background.evidence_void,signal.intermittent,corruption.intact
2526,feasibility_only_not_final_art,entity.human,access.user,architecture.sealed,material.biosynth,eyes.thermal,interface.forensic_plate,implant.neural_cable,mantle.archive_coat,background.service_tunnel,signal.locked,corruption.intact
2527,feasibility_only_not_final_art,entity.human,access.admin,architecture.double_plane,material.porcelain,eyes.biometric,interface.null_mask,implant.neural_cable,mantle.cable_shroud,background.cold_storage,signal.carrier_echo,corruption.intact
2528,feasibility_only_not_final_art,entity.synthetic,access.user,architecture.sealed,material.biosynth,eyes.optical_array,interface.forensic_plate,implant.neural_cable,mantle.archive_coat,background.rack_shadow,signal.locked,corruption.memory_bleed
2529,feasibility_only_not_final_art,entity.human,access.user,architecture.inset,material.porcelain,eyes.void,interface.respirator,implant.spinal_bus,mantle.cable_shroud,background.service_tunnel,signal.intermittent,corruption.scan_shear
2530,feasibility_only_not_final_art,entity.human,access.user,architecture.sealed,material.ceramic,eyes.void,interface.none,implant.antenna,mantle.ceramic_mantle,background.rack_shadow,signal.locked,corruption.intact
2531,feasibility_only_not_final_art,entity.synthetic,access.admin,architecture.double_plane,material.carbon,eyes.fractured,interface.respirator,implant.none,mantle.ceramic_mantle,background.rack_shadow,signal.carrier_echo,corruption.intact
2532,feasibility_only_not_final_art,entity.synthetic,access.admin,architecture.double_plane,material.porcelain,eyes.optical_array,interface.none,implant.neural_cable,mantle.archive_coat,background.uplink_black,signal.locked,corruption.intact
2533,feasibility_only_not_final_art,entity.synthetic,access.system,architecture.suspended_core,material.biosynth,eyes.void,interface.neural_veil,implant.root_port,mantle.archive_coat,background.rack_shadow,signal.carrier_echo,corruption.scan_shear
2534,feasibility_only_not_final_art,entity.human,access.user,architecture.sealed,material.biosynth,eyes.thermal,interface.respirator,implant.spinal_bus,mantle.split_shell,background.anechoic_room,signal.silent,corruption.scan_shear
2535,feasibility_only_not_final_art,entity.human,access.admin,architecture.inset,material.carbon,eyes.thermal,interface.none,implant.spinal_bus,mantle.archive_coat,background.service_tunnel,signal.intermittent,corruption.intact
2536,feasibility_only_not_final_art,entity.synthetic,access.user,architecture.sealed,material.ceramic,eyes.thermal,interface.null_mask,implant.neural_cable,mantle.archive_coat,background.relay_well,signal.locked,corruption.checksum_burn
2537,feasibility_only_not_final_art,entity.human,access.user,architecture.sealed,material.carbon,eyes.thermal,interface.none,implant.spinal_bus,mantle.archive_coat,background.cold_storage,signal.locked,corruption.scan_shear
2538,feasibility_only_not_final_art,entity.human,access.user,architecture.sealed,material.porcelain,eyes.void,interface.forensic_plate,implant.neural_cable,mantle.archive_coat,background.rack_shadow,signal.silent,corruption.intact
2539,feasibility_only_not_final_art,entity.synthetic,access.user,architecture.inset,material.carbon,eyes.biometric,interface.forensic_plate,implant.neural_cable,mantle.cable_shroud,background.evidence_void,signal.locked,corruption.intact
2540,feasibility_only_not_final_art,entity.human,access.user,architecture.sealed,material.biosynth,eyes.thermal,interface.forensic_plate,implant.none,mantle.cable_shroud,background.cold_storage,signal.carrier_echo,corruption.scan_shear
2541,feasibility_only_not_final_art,entity.human,access.user,architecture.inset,material.porcelain,eyes.void,interface.forensic_plate,implant.neural_cable,mantle.field_collar,background.uplink_black,signal.intermittent,corruption.checksum_burn
2542,feasibility_only_not_final_art,entity.hollow,access.user,architecture.inset,material.porcelain,eyes.fractured,interface.forensic_plate,implant.neural_cable,mantle.cable_shroud,background.cold_storage,signal.locked,corruption.intact
2543,feasibility_only_not_final_art,entity.synthetic,access.user,architecture.sealed,material.biosynth,eyes.thermal,interface.respirator,implant.spinal_bus,mantle.ceramic_mantle,background.rack_shadow,signal.intermittent,corruption.checksum_burn
2544,feasibility_only_not_final_art,entity.human,access.system,architecture.suspended_core,material.reconstructed,eyes.biometric,interface.none,implant.root_port,mantle.ceramic_mantle,background.cold_storage,signal.carrier_echo,corruption.intact
2545,feasibility_only_not_final_art,entity.hollow,access.user,architecture.sealed,material.carbon,eyes.void,interface.forensic_plate,implant.none,mantle.archive_coat,background.service_tunnel,signal.locked,corruption.intact
2546,feasibility_only_not_final_art,entity.human,access.user,architecture.sealed,material.biosynth,eyes.biometric,interface.forensic_plate,implant.neural_cable,mantle.archive_coat,background.relay_well,signal.locked,corruption.checksum_burn
2547,feasibility_only_not_final_art,entity.human,access.admin,architecture.double_plane,material.carbon,eyes.fractured,interface.respirator,implant.neural_cable,mantle.split_shell,background.relay_well,signal.locked,corruption.intact
2548,feasibility_only_not_final_art,entity.synthetic,access.user,architecture.inset,material.ceramic,eyes.biometric,interface.respirator,implant.none,mantle.ceramic_mantle,background.cold_storage,signal.intermittent,corruption.scan_shear
2549,feasibility_only_not_final_art,entity.hollow,access.user,architecture.inset,material.carbon,eyes.void,interface.forensic_plate,implant.neural_cable,mantle.archive_coat,background.cold_storage,signal.locked,corruption.scan_shear
2550,feasibility_only_not_final_art,entity.human,access.user,architecture.sealed,material.carbon,eyes.biometric,interface.forensic_plate,implant.none,mantle.cable_shroud,background.cold_storage,signal.locked,corruption.scan_shear
2551,feasibility_only_not_final_art,entity.synthetic,access.user,architecture.inset,material.porcelain,eyes.biometric,interface.respirator,implant.neural_cable,mantle.archive_coat,background.rack_shadow,signal.intermittent,corruption.scan_shear
2552,feasibility_only_not_final_art,entity.hollow,access.user,architecture.sealed,material.porcelain,eyes.void,interface.null_mask,implant.neural_cable,mantle.split_shell,background.cold_storage,signal.locked,corruption.intact
2553,feasibility_only_not_final_art,entity.human,access.user,architecture.sealed,material.porcelain,eyes.biometric,interface.none,implant.neural_cable,mantle.archive_coat,background.rack_shadow,signal.carrier_echo,corruption.intact
2554,feasibility_only_not_final_art,entity.synthetic,access.admin,architecture.double_plane,material.ceramic,eyes.thermal,interface.neural_veil,implant.spinal_bus,mantle.archive_coat,background.rack_shadow,signal.locked,corruption.scan_shear
2555,feasibility_only_not_final_art,entity.synthetic,access.user,architecture.sealed,material.biosynth,eyes.biometric,interface.neural_veil,implant.neural_cable,mantle.archive_coat,background.relay_well,signal.carrier_echo,corruption.packet_ghosting
2556,feasibility_only_not_final_art,entity.synthetic,access.user,architecture.sealed,material.porcelain,eyes.biometric,interface.forensic_plate,implant.neural_cable,mantle.ceramic_mantle,background.evidence_void,signal.intermittent,corruption.intact
2557,feasibility_only_not_final_art,entity.hollow,access.admin,architecture.inset,material.reconstructed,eyes.optical_array,interface.neural_veil,implant.none,mantle.ceramic_mantle,background.evidence_void,signal.intermittent,corruption.intact
2558,feasibility_only_not_final_art,entity.human,access.admin,architecture.inset,material.biosynth,eyes.biometric,interface.respirator,implant.none,mantle.archive_coat,background.evidence_void,signal.carrier_echo,corruption.intact
2559,feasibility_only_not_final_art,entity.hollow,access.user,architecture.sealed,material.porcelain,eyes.fractured,interface.neural_veil,implant.spinal_bus,mantle.field_collar,background.relay_well,signal.intermittent,corruption.checksum_burn
2560,feasibility_only_not_final_art,entity.human,access.admin,architecture.inset,material.ceramic,eyes.biometric,interface.respirator,implant.none,mantle.field_collar,background.cold_storage,signal.locked,corruption.intact
2561,feasibility_only_not_final_art,entity.human,access.system,architecture.suspended_core,material.carbon,eyes.thermal,interface.none,implant.root_port,mantle.ceramic_mantle,background.relay_well,signal.carrier_echo,corruption.intact
2562,feasibility_only_not_final_art,entity.human,access.user,architecture.sealed,material.porcelain,eyes.biometric,interface.respirator,implant.none,mantle.ceramic_mantle,background.cold_storage,signal.intermittent,corruption.packet_ghosting
2563,feasibility_only_not_final_art,entity.human,access.system,architecture.suspended_core,material.biosynth,eyes.biometric,interface.respirator,implant.root_port,mantle.ceramic_mantle,background.evidence_void,signal.locked,corruption.checksum_burn
2564,feasibility_only_not_final_art,entity.synthetic,access.user,architecture.sealed,material.reconstructed,eyes.thermal,interface.none,implant.none,mantle.ceramic_mantle,background.anechoic_room,signal.intermittent,corruption.scan_shear
2565,feasibility_only_not_final_art,entity.human,access.user,architecture.sealed,material.carbon,eyes.void,interface.forensic_plate,implant.none,mantle.split_shell,background.service_tunnel,signal.locked,corruption.intact
2566,feasibility_only_not_final_art,entity.synthetic,access.user,architecture.sealed,material.carbon,eyes.thermal,interface.none,implant.antenna,mantle.ceramic_mantle,background.service_tunnel,signal.intermittent,corruption.checksum_burn
2567,feasibility_only_not_final_art,entity.synthetic,access.user,architecture.sealed,material.reconstructed,eyes.biometric,interface.null_mask,implant.none,mantle.cable_shroud,background.cold_storage,signal.intermittent,corruption.intact
2568,feasibility_only_not_final_art,entity.synthetic,access.user,architecture.inset,material.porcelain,eyes.void,interface.respirator,implant.none,mantle.ceramic_mantle,background.cold_storage,signal.carrier_echo,corruption.intact
2569,feasibility_only_not_final_art,entity.synthetic,access.user,architecture.inset,material.porcelain,eyes.thermal,interface.null_mask,implant.none,mantle.archive_coat,background.relay_well,signal.locked,corruption.intact
2570,feasibility_only_not_final_art,entity.synthetic,access.user,architecture.sealed,material.biosynth,eyes.biometric,interface.none,implant.spinal_bus,mantle.ceramic_mantle,background.evidence_void,signal.intermittent,corruption.checksum_burn
2571,feasibility_only_not_final_art,entity.human,access.user,architecture.sealed,material.ceramic,eyes.biometric,interface.respirator,implant.neural_cable,mantle.split_shell,background.cold_storage,signal.carrier_echo,corruption.intact
2572,feasibility_only_not_final_art,entity.human,access.admin,architecture.double_plane,material.carbon,eyes.void,interface.forensic_plate,implant.neural_cable,mantle.field_collar,background.anechoic_room,signal.intermittent,corruption.intact
2573,feasibility_only_not_final_art,entity.synthetic,access.system,architecture.suspended_core,material.porcelain,eyes.fractured,interface.respirator,implant.root_port,mantle.cable_shroud,background.evidence_void,signal.intermittent,corruption.checksum_burn
2574,feasibility_only_not_final_art,entity.human,access.system,architecture.suspended_core,material.biosynth,eyes.biometric,interface.none,implant.root_port,mantle.ceramic_mantle,background.evidence_void,signal.locked,corruption.intact
2575,feasibility_only_not_final_art,entity.human,access.admin,architecture.inset,material.ceramic,eyes.biometric,interface.null_mask,implant.none,mantle.archive_coat,background.service_tunnel,signal.intermittent,corruption.checksum_burn
2576,feasibility_only_not_final_art,entity.hollow,access.user,architecture.sealed,material.ceramic,eyes.void,interface.forensic_plate,implant.spinal_bus,mantle.field_collar,background.evidence_void,signal.carrier_echo,corruption.checksum_burn
2577,feasibility_only_not_final_art,entity.synthetic,access.user,architecture.sealed,material.ceramic,eyes.void,interface.forensic_plate,implant.neural_cable,mantle.ceramic_mantle,background.service_tunnel,signal.locked,corruption.memory_bleed
2578,feasibility_only_not_final_art,entity.hollow,access.admin,architecture.double_plane,material.ceramic,eyes.void,interface.none,implant.neural_cable,mantle.cable_shroud,background.relay_well,signal.locked,corruption.intact
2579,feasibility_only_not_final_art,entity.human,access.user,architecture.inset,material.biosynth,eyes.biometric,interface.forensic_plate,implant.spinal_bus,mantle.cable_shroud,background.cold_storage,signal.intermittent,corruption.scan_shear
2580,feasibility_only_not_final_art,entity.human,access.user,architecture.inset,material.reconstructed,eyes.void,interface.forensic_plate,implant.none,mantle.split_shell,background.cold_storage,signal.locked,corruption.scan_shear
2581,feasibility_only_not_final_art,entity.human,access.user,architecture.inset,material.porcelain,eyes.biometric,interface.forensic_plate,implant.none,mantle.archive_coat,background.cold_storage,signal.carrier_echo,corruption.intact
2582,feasibility_only_not_final_art,entity.synthetic,access.user,architecture.sealed,material.biosynth,eyes.optical_array,interface.forensic_plate,implant.neural_cable,mantle.split_shell,background.evidence_void,signal.locked,corruption.checksum_burn
2583,feasibility_only_not_final_art,entity.specter,access.user,architecture.inset,material.reconstructed,eyes.void,interface.neural_veil,implant.neural_cable,mantle.ceramic_mantle,background.cold_storage,signal.locked,corruption.intact
2584,feasibility_only_not_final_art,entity.hollow,access.user,architecture.sealed,material.ceramic,eyes.void,interface.forensic_plate,implant.neural_cable,mantle.ceramic_mantle,background.relay_well,signal.locked,corruption.scan_shear
2585,feasibility_only_not_final_art,entity.hollow,access.user,architecture.sealed,material.reconstructed,eyes.void,interface.neural_veil,implant.antenna,mantle.cable_shroud,background.cold_storage,signal.intermittent,corruption.intact
2586,feasibility_only_not_final_art,entity.synthetic,access.user,architecture.sealed,material.carbon,eyes.thermal,interface.forensic_plate,implant.spinal_bus,mantle.cable_shroud,background.evidence_void,signal.intermittent,corruption.intact
2587,feasibility_only_not_final_art,entity.human,access.user,architecture.sealed,material.carbon,eyes.fractured,interface.none,implant.antenna,mantle.split_shell,background.relay_well,signal.locked,corruption.intact
2588,feasibility_only_not_final_art,entity.human,access.user,architecture.sealed,material.carbon,eyes.void,interface.respirator,implant.neural_cable,mantle.cable_shroud,background.rack_shadow,signal.silent,corruption.scan_shear
2589,feasibility_only_not_final_art,entity.human,access.admin,architecture.double_plane,material.porcelain,eyes.biometric,interface.none,implant.spinal_bus,mantle.ceramic_mantle,background.cold_storage,signal.locked,corruption.scan_shear
2590,feasibility_only_not_final_art,entity.human,access.user,architecture.sealed,material.carbon,eyes.biometric,interface.respirator,implant.none,mantle.archive_coat,background.cold_storage,signal.locked,corruption.checksum_burn
2591,feasibility_only_not_final_art,entity.hollow,access.user,architecture.inset,material.porcelain,eyes.void,interface.none,implant.neural_cable,mantle.ceramic_mantle,background.rack_shadow,signal.carrier_echo,corruption.intact
2592,feasibility_only_not_final_art,entity.human,access.user,architecture.sealed,material.carbon,eyes.thermal,interface.forensic_plate,implant.neural_cable,mantle.cable_shroud,background.rack_shadow,signal.locked,corruption.scan_shear
2593,feasibility_only_not_final_art,entity.human,access.user,architecture.inset,material.biosynth,eyes.thermal,interface.none,implant.neural_cable,mantle.field_collar,background.cold_storage,signal.carrier_echo,corruption.intact
2594,feasibility_only_not_final_art,entity.human,access.user,architecture.sealed,material.biosynth,eyes.biometric,interface.none,implant.none,mantle.archive_coat,background.evidence_void,signal.locked,corruption.packet_ghosting
2595,feasibility_only_not_final_art,entity.synthetic,access.admin,architecture.inset,material.biosynth,eyes.thermal,interface.respirator,implant.antenna,mantle.ceramic_mantle,background.cold_storage,signal.locked,corruption.memory_bleed
2596,feasibility_only_not_final_art,entity.hollow,access.user,architecture.sealed,material.reconstructed,eyes.void,interface.none,implant.none,mantle.archive_coat,background.evidence_void,signal.locked,corruption.intact
2597,feasibility_only_not_final_art,entity.human,access.user,architecture.sealed,material.biosynth,eyes.biometric,interface.none,implant.antenna,mantle.ceramic_mantle,background.rack_shadow,signal.locked,corruption.intact
2598,feasibility_only_not_final_art,entity.hollow,access.user,architecture.inset,material.porcelain,eyes.optical_array,interface.none,implant.neural_cable,mantle.archive_coat,background.rack_shadow,signal.locked,corruption.scan_shear
2599,feasibility_only_not_final_art,entity.human,access.user,architecture.inset,material.biosynth,eyes.biometric,interface.none,implant.antenna,mantle.ceramic_mantle,background.evidence_void,signal.locked,corruption.scan_shear
2600,feasibility_only_not_final_art,entity.human,access.user,architecture.sealed,material.biosynth,eyes.thermal,interface.none,implant.antenna,mantle.ceramic_mantle,background.rack_shadow,signal.carrier_echo,corruption.intact
2601,feasibility_only_not_final_art,entity.synthetic,access.admin,architecture.inset,material.porcelain,eyes.void,interface.neural_veil,implant.none,mantle.split_shell,background.rack_shadow,signal.locked,corruption.checksum_burn
2602,feasibility_only_not_final_art,entity.hollow,access.user,architecture.sealed,material.carbon,eyes.void,interface.skeletal_interface,implant.none,mantle.archive_coat,background.evidence_void,signal.locked,corruption.packet_ghosting
2603,feasibility_only_not_final_art,entity.synthetic,access.root,architecture.severed_halo,material.carbon,eyes.thermal,interface.forensic_plate,implant.signal_crown,mantle.cable_shroud,background.cold_storage,signal.carrier_echo,corruption.intact
2604,feasibility_only_not_final_art,entity.synthetic,access.user,architecture.sealed,material.biosynth,eyes.fractured,interface.respirator,implant.spinal_bus,mantle.field_collar,background.anechoic_room,signal.carrier_echo,corruption.intact
2605,feasibility_only_not_final_art,entity.hollow,access.user,architecture.sealed,material.porcelain,eyes.void,interface.skeletal_interface,implant.neural_cable,mantle.archive_coat,background.relay_well,signal.locked,corruption.checksum_burn
2606,feasibility_only_not_final_art,entity.human,access.user,architecture.sealed,material.porcelain,eyes.void,interface.none,implant.none,mantle.ceramic_mantle,background.rack_shadow,signal.carrier_echo,corruption.scan_shear
2607,feasibility_only_not_final_art,entity.human,access.user,architecture.sealed,material.ceramic,eyes.fractured,interface.respirator,implant.none,mantle.ceramic_mantle,background.relay_well,signal.locked,corruption.intact
2608,feasibility_only_not_final_art,entity.synthetic,access.user,architecture.sealed,material.ceramic,eyes.optical_array,interface.forensic_plate,implant.neural_cable,mantle.cable_shroud,background.evidence_void,signal.locked,corruption.scan_shear
2609,feasibility_only_not_final_art,entity.human,access.user,architecture.sealed,material.biosynth,eyes.void,interface.forensic_plate,implant.none,mantle.field_collar,background.cold_storage,signal.locked,corruption.intact
2610,feasibility_only_not_final_art,entity.human,access.user,architecture.sealed,material.biosynth,eyes.biometric,interface.respirator,implant.none,mantle.cable_shroud,background.cold_storage,signal.intermittent,corruption.packet_ghosting
2611,feasibility_only_not_final_art,entity.synthetic,access.system,architecture.suspended_core,material.biosynth,eyes.biometric,interface.forensic_plate,implant.root_port,mantle.archive_coat,background.relay_well,signal.locked,corruption.scan_shear
2612,feasibility_only_not_final_art,entity.hollow,access.user,architecture.sealed,material.porcelain,eyes.void,interface.forensic_plate,implant.none,mantle.archive_coat,background.service_tunnel,signal.locked,corruption.checksum_burn
2613,feasibility_only_not_final_art,entity.synthetic,access.user,architecture.sealed,material.reconstructed,eyes.void,interface.neural_veil,implant.none,mantle.ceramic_mantle,background.relay_well,signal.locked,corruption.checksum_burn
2614,feasibility_only_not_final_art,entity.hollow,access.admin,architecture.double_plane,material.porcelain,eyes.optical_array,interface.forensic_plate,implant.neural_cable,mantle.archive_coat,background.evidence_void,signal.locked,corruption.scan_shear
2615,feasibility_only_not_final_art,entity.hollow,access.user,architecture.inset,material.carbon,eyes.void,interface.neural_veil,implant.neural_cable,mantle.ceramic_mantle,background.evidence_void,signal.carrier_echo,corruption.packet_ghosting
2616,feasibility_only_not_final_art,entity.synthetic,access.user,architecture.sealed,material.biosynth,eyes.fractured,interface.respirator,implant.neural_cable,mantle.archive_coat,background.rack_shadow,signal.intermittent,corruption.intact
2617,feasibility_only_not_final_art,entity.hollow,access.user,architecture.sealed,material.carbon,eyes.void,interface.forensic_plate,implant.none,mantle.ceramic_mantle,background.evidence_void,signal.carrier_echo,corruption.intact
2618,feasibility_only_not_final_art,entity.hollow,access.admin,architecture.inset,material.porcelain,eyes.fractured,interface.none,implant.none,mantle.ceramic_mantle,background.relay_well,signal.locked,corruption.intact
2619,feasibility_only_not_final_art,entity.hollow,access.user,architecture.sealed,material.porcelain,eyes.fractured,interface.none,implant.neural_cable,mantle.ceramic_mantle,background.cold_storage,signal.locked,corruption.intact
2620,feasibility_only_not_final_art,entity.human,access.user,architecture.sealed,material.porcelain,eyes.fractured,interface.null_mask,implant.neural_cable,mantle.archive_coat,background.evidence_void,signal.locked,corruption.intact
2621,feasibility_only_not_final_art,entity.synthetic,access.user,architecture.sealed,material.porcelain,eyes.void,interface.null_mask,implant.neural_cable,mantle.archive_coat,background.cold_storage,signal.intermittent,corruption.intact
2622,feasibility_only_not_final_art,entity.human,access.admin,architecture.inset,material.carbon,eyes.biometric,interface.forensic_plate,implant.none,mantle.ceramic_mantle,background.rack_shadow,signal.locked,corruption.checksum_burn
2623,feasibility_only_not_final_art,entity.human,access.user,architecture.sealed,material.biosynth,eyes.biometric,interface.none,implant.antenna,mantle.archive_coat,background.rack_shadow,signal.locked,corruption.scan_shear
2624,feasibility_only_not_final_art,entity.synthetic,access.system,architecture.suspended_core,material.carbon,eyes.thermal,interface.neural_veil,implant.root_port,mantle.archive_coat,background.service_tunnel,signal.intermittent,corruption.scan_shear
2625,feasibility_only_not_final_art,entity.synthetic,access.user,architecture.sealed,material.carbon,eyes.optical_array,interface.neural_veil,implant.none,mantle.ceramic_mantle,background.evidence_void,signal.intermittent,corruption.intact
2626,feasibility_only_not_final_art,entity.synthetic,access.user,architecture.sealed,material.reconstructed,eyes.fractured,interface.null_mask,implant.none,mantle.ceramic_mantle,background.evidence_void,signal.locked,corruption.intact
2627,feasibility_only_not_final_art,entity.specter,access.system,architecture.suspended_core,material.carbon,eyes.void,interface.neural_veil,implant.root_port,mantle.field_collar,background.uplink_black,signal.locked,corruption.intact
2628,feasibility_only_not_final_art,entity.synthetic,access.admin,architecture.inset,material.ceramic,eyes.biometric,interface.neural_veil,implant.none,mantle.cable_shroud,background.service_tunnel,signal.intermittent,corruption.intact
2629,feasibility_only_not_final_art,entity.human,access.admin,architecture.inset,material.biosynth,eyes.biometric,interface.forensic_plate,implant.neural_cable,mantle.field_collar,background.cold_storage,signal.intermittent,corruption.intact
2630,feasibility_only_not_final_art,entity.hollow,access.admin,architecture.inset,material.porcelain,eyes.void,interface.none,implant.spinal_bus,mantle.field_collar,background.relay_well,signal.carrier_echo,corruption.scan_shear
2631,feasibility_only_not_final_art,entity.human,access.user,architecture.sealed,material.ceramic,eyes.biometric,interface.null_mask,implant.antenna,mantle.archive_coat,background.evidence_void,signal.intermittent,corruption.intact
2632,feasibility_only_not_final_art,entity.synthetic,access.user,architecture.sealed,material.ceramic,eyes.biometric,interface.none,implant.spinal_bus,mantle.ceramic_mantle,background.cold_storage,signal.carrier_echo,corruption.scan_shear
2633,feasibility_only_not_final_art,entity.synthetic,access.user,architecture.inset,material.biosynth,eyes.biometric,interface.none,implant.neural_cable,mantle.archive_coat,background.evidence_void,signal.locked,corruption.intact
2634,feasibility_only_not_final_art,entity.hollow,access.user,architecture.sealed,material.reconstructed,eyes.fractured,interface.none,implant.neural_cable,mantle.ceramic_mantle,background.service_tunnel,signal.intermittent,corruption.intact
2635,feasibility_only_not_final_art,entity.human,access.admin,architecture.double_plane,material.biosynth,eyes.biometric,interface.respirator,implant.none,mantle.archive_coat,background.rack_shadow,signal.locked,corruption.intact
2636,feasibility_only_not_final_art,entity.specter,access.admin,architecture.inset,material.reconstructed,eyes.void,interface.none,implant.antenna,mantle.ceramic_mantle,background.cold_storage,signal.locked,corruption.packet_ghosting
2637,feasibility_only_not_final_art,entity.hollow,access.admin,architecture.double_plane,material.porcelain,eyes.fractured,interface.neural_veil,implant.none,mantle.cable_shroud,background.service_tunnel,signal.carrier_echo,corruption.intact
2638,feasibility_only_not_final_art,entity.human,access.admin,architecture.inset,material.ceramic,eyes.fractured,interface.none,implant.none,mantle.cable_shroud,background.service_tunnel,signal.intermittent,corruption.checksum_burn
2639,feasibility_only_not_final_art,entity.human,access.admin,architecture.inset,material.biosynth,eyes.void,interface.none,implant.memory_spindle,mantle.archive_coat,background.relay_well,signal.locked,corruption.intact
2640,feasibility_only_not_final_art,entity.hollow,access.admin,architecture.inset,material.reconstructed,eyes.optical_array,interface.neural_veil,implant.none,mantle.archive_coat,background.cold_storage,signal.locked,corruption.scan_shear
2641,feasibility_only_not_final_art,entity.synthetic,access.user,architecture.sealed,material.biosynth,eyes.biometric,interface.none,implant.spinal_bus,mantle.cable_shroud,background.rack_shadow,signal.intermittent,corruption.intact
2642,feasibility_only_not_final_art,entity.synthetic,access.admin,architecture.double_plane,material.biosynth,eyes.optical_array,interface.forensic_plate,implant.none,mantle.cable_shroud,background.rack_shadow,signal.carrier_echo,corruption.intact
2643,feasibility_only_not_final_art,entity.human,access.user,architecture.sealed,material.carbon,eyes.thermal,interface.forensic_plate,implant.spinal_bus,mantle.ceramic_mantle,background.cold_storage,signal.locked,corruption.intact
2644,feasibility_only_not_final_art,entity.hollow,access.system,architecture.suspended_core,material.porcelain,eyes.fractured,interface.skeletal_interface,implant.root_port,mantle.ceramic_mantle,background.cold_storage,signal.carrier_echo,corruption.intact
2645,feasibility_only_not_final_art,entity.hollow,access.user,architecture.sealed,material.ceramic,eyes.optical_array,interface.none,implant.spinal_bus,mantle.archive_coat,background.relay_well,signal.carrier_echo,corruption.intact
2646,feasibility_only_not_final_art,entity.synthetic,access.user,architecture.sealed,material.carbon,eyes.fractured,interface.respirator,implant.none,mantle.field_collar,background.service_tunnel,signal.intermittent,corruption.checksum_burn
2647,feasibility_only_not_final_art,entity.human,access.user,architecture.sealed,material.biosynth,eyes.void,interface.none,implant.neural_cable,mantle.ceramic_mantle,background.relay_well,signal.locked,corruption.intact
2648,feasibility_only_not_final_art,entity.human,access.user,architecture.sealed,material.ceramic,eyes.thermal,interface.none,implant.none,mantle.field_collar,background.evidence_void,signal.locked,corruption.intact
2649,feasibility_only_not_final_art,entity.human,access.user,architecture.sealed,material.biosynth,eyes.biometric,interface.none,implant.none,mantle.archive_coat,background.evidence_void,signal.silent,corruption.intact
2650,feasibility_only_not_final_art,entity.hollow,access.user,architecture.sealed,material.porcelain,eyes.optical_array,interface.none,implant.neural_cable,mantle.ceramic_mantle,background.evidence_void,signal.locked,corruption.scan_shear
2651,feasibility_only_not_final_art,entity.synthetic,access.user,architecture.inset,material.porcelain,eyes.biometric,interface.forensic_plate,implant.neural_cable,mantle.ceramic_mantle,background.rack_shadow,signal.locked,corruption.scan_shear
2652,feasibility_only_not_final_art,entity.hollow,access.admin,architecture.inset,material.carbon,eyes.void,interface.none,implant.spinal_bus,mantle.cable_shroud,background.cold_storage,signal.silent,corruption.memory_bleed
2653,feasibility_only_not_final_art,entity.human,access.admin,architecture.double_plane,material.porcelain,eyes.thermal,interface.forensic_plate,implant.neural_cable,mantle.cable_shroud,background.rack_shadow,signal.locked,corruption.intact
2654,feasibility_only_not_final_art,entity.synthetic,access.user,architecture.sealed,material.carbon,eyes.optical_array,interface.neural_veil,implant.none,mantle.field_collar,background.rack_shadow,signal.locked,corruption.scan_shear
2655,feasibility_only_not_final_art,entity.synthetic,access.user,architecture.sealed,material.biosynth,eyes.biometric,interface.respirator,implant.none,mantle.cable_shroud,background.relay_well,signal.locked,corruption.intact
2656,feasibility_only_not_final_art,entity.human,access.user,architecture.sealed,material.biosynth,eyes.thermal,interface.respirator,implant.spinal_bus,mantle.field_collar,background.cold_storage,signal.locked,corruption.intact
2657,feasibility_only_not_final_art,entity.human,access.user,architecture.sealed,material.porcelain,eyes.thermal,interface.none,implant.neural_cable,mantle.field_collar,background.relay_well,signal.intermittent,corruption.intact
2658,feasibility_only_not_final_art,entity.human,access.admin,architecture.double_plane,material.carbon,eyes.thermal,interface.respirator,implant.neural_cable,mantle.cable_shroud,background.evidence_void,signal.locked,corruption.intact
2659,feasibility_only_not_final_art,entity.hollow,access.user,architecture.inset,material.reconstructed,eyes.optical_array,interface.none,implant.neural_cable,mantle.archive_coat,background.rack_shadow,signal.intermittent,corruption.intact
2660,feasibility_only_not_final_art,entity.synthetic,access.admin,architecture.inset,material.biosynth,eyes.biometric,interface.forensic_plate,implant.none,mantle.archive_coat,background.rack_shadow,signal.locked,corruption.scan_shear
2661,feasibility_only_not_final_art,entity.human,access.admin,architecture.double_plane,material.biosynth,eyes.void,interface.forensic_plate,implant.spinal_bus,mantle.archive_coat,background.anechoic_room,signal.carrier_echo,corruption.intact
2662,feasibility_only_not_final_art,entity.synthetic,access.user,architecture.sealed,material.biosynth,eyes.biometric,interface.null_mask,implant.none,mantle.archive_coat,background.evidence_void,signal.carrier_echo,corruption.intact
2663,feasibility_only_not_final_art,entity.human,access.admin,architecture.double_plane,material.ceramic,eyes.void,interface.respirator,implant.memory_spindle,mantle.split_shell,background.anechoic_room,signal.intermittent,corruption.intact
2664,feasibility_only_not_final_art,entity.human,access.admin,architecture.inset,material.carbon,eyes.thermal,interface.none,implant.none,mantle.ceramic_mantle,background.evidence_void,signal.locked,corruption.intact
2665,feasibility_only_not_final_art,entity.synthetic,access.user,architecture.sealed,material.porcelain,eyes.fractured,interface.respirator,implant.neural_cable,mantle.ceramic_mantle,background.cold_storage,signal.locked,corruption.intact
2666,feasibility_only_not_final_art,entity.human,access.user,architecture.inset,material.ceramic,eyes.fractured,interface.forensic_plate,implant.spinal_bus,mantle.split_shell,background.evidence_void,signal.carrier_echo,corruption.intact
2667,feasibility_only_not_final_art,entity.human,access.user,architecture.sealed,material.porcelain,eyes.thermal,interface.forensic_plate,implant.antenna,mantle.cable_shroud,background.evidence_void,signal.carrier_echo,corruption.checksum_burn
2668,feasibility_only_not_final_art,entity.human,access.admin,architecture.inset,material.reconstructed,eyes.biometric,interface.forensic_plate,implant.none,mantle.archive_coat,background.relay_well,signal.intermittent,corruption.intact
2669,feasibility_only_not_final_art,entity.human,access.user,architecture.sealed,material.reconstructed,eyes.fractured,interface.none,implant.antenna,mantle.ceramic_mantle,background.relay_well,signal.locked,corruption.checksum_burn
2670,feasibility_only_not_final_art,entity.synthetic,access.user,architecture.sealed,material.ceramic,eyes.biometric,interface.none,implant.neural_cable,mantle.field_collar,background.cold_storage,signal.locked,corruption.checksum_burn
2671,feasibility_only_not_final_art,entity.synthetic,access.user,architecture.sealed,material.porcelain,eyes.thermal,interface.none,implant.antenna,mantle.ceramic_mantle,background.relay_well,signal.locked,corruption.intact
2672,feasibility_only_not_final_art,entity.synthetic,access.user,architecture.sealed,material.ceramic,eyes.void,interface.none,implant.none,mantle.archive_coat,background.evidence_void,signal.locked,corruption.scan_shear
2673,feasibility_only_not_final_art,entity.human,access.system,architecture.suspended_core,material.ceramic,eyes.fractured,interface.forensic_plate,implant.root_port,mantle.cable_shroud,background.cold_storage,signal.carrier_echo,corruption.packet_ghosting
2674,feasibility_only_not_final_art,entity.hollow,access.user,architecture.sealed,material.ceramic,eyes.void,interface.forensic_plate,implant.none,mantle.archive_coat,background.evidence_void,signal.locked,corruption.intact
2675,feasibility_only_not_final_art,entity.synthetic,access.user,architecture.inset,material.biosynth,eyes.biometric,interface.none,implant.neural_cable,mantle.cable_shroud,background.evidence_void,signal.locked,corruption.intact
2676,feasibility_only_not_final_art,entity.synthetic,access.user,architecture.inset,material.ceramic,eyes.biometric,interface.respirator,implant.none,mantle.field_collar,background.anechoic_room,signal.intermittent,corruption.scan_shear
2677,feasibility_only_not_final_art,entity.synthetic,access.user,architecture.sealed,material.biosynth,eyes.biometric,interface.respirator,implant.none,mantle.archive_coat,background.evidence_void,signal.intermittent,corruption.intact
2678,feasibility_only_not_final_art,entity.human,access.system,architecture.suspended_core,material.carbon,eyes.thermal,interface.none,implant.root_port,mantle.field_collar,background.relay_well,signal.locked,corruption.scan_shear
2679,feasibility_only_not_final_art,entity.synthetic,access.user,architecture.inset,material.biosynth,eyes.biometric,interface.respirator,implant.neural_cable,mantle.cable_shroud,background.relay_well,signal.locked,corruption.intact
2680,feasibility_only_not_final_art,entity.synthetic,access.user,architecture.sealed,material.carbon,eyes.biometric,interface.neural_veil,implant.neural_cable,mantle.archive_coat,background.rack_shadow,signal.intermittent,corruption.scan_shear
2681,feasibility_only_not_final_art,entity.human,access.user,architecture.inset,material.porcelain,eyes.fractured,interface.none,implant.none,mantle.field_collar,background.relay_well,signal.intermittent,corruption.intact
2682,feasibility_only_not_final_art,entity.synthetic,access.user,architecture.sealed,material.biosynth,eyes.biometric,interface.respirator,implant.spinal_bus,mantle.archive_coat,background.cold_storage,signal.intermittent,corruption.scan_shear
2683,feasibility_only_not_final_art,entity.synthetic,access.user,architecture.sealed,material.biosynth,eyes.biometric,interface.neural_veil,implant.none,mantle.ceramic_mantle,background.rack_shadow,signal.carrier_echo,corruption.intact
2684,feasibility_only_not_final_art,entity.synthetic,access.user,architecture.inset,material.ceramic,eyes.biometric,interface.neural_veil,implant.spinal_bus,mantle.cable_shroud,background.rack_shadow,signal.locked,corruption.packet_ghosting
2685,feasibility_only_not_final_art,entity.synthetic,access.user,architecture.sealed,material.ceramic,eyes.void,interface.forensic_plate,implant.antenna,mantle.archive_coat,background.rack_shadow,signal.carrier_echo,corruption.scan_shear
2686,feasibility_only_not_final_art,entity.human,access.user,architecture.inset,material.porcelain,eyes.thermal,interface.none,implant.spinal_bus,mantle.field_collar,background.rack_shadow,signal.locked,corruption.scan_shear
2687,feasibility_only_not_final_art,entity.hollow,access.user,architecture.sealed,material.carbon,eyes.fractured,interface.forensic_plate,implant.none,mantle.archive_coat,background.anechoic_room,signal.silent,corruption.checksum_burn
2688,feasibility_only_not_final_art,entity.synthetic,access.admin,architecture.double_plane,material.carbon,eyes.fractured,interface.neural_veil,implant.none,mantle.archive_coat,background.evidence_void,signal.silent,corruption.intact
2689,feasibility_only_not_final_art,entity.synthetic,access.admin,architecture.double_plane,material.carbon,eyes.fractured,interface.none,implant.memory_spindle,mantle.ceramic_mantle,background.rack_shadow,signal.carrier_echo,corruption.intact
2690,feasibility_only_not_final_art,entity.hollow,access.user,architecture.inset,material.carbon,eyes.void,interface.none,implant.antenna,mantle.archive_coat,background.rack_shadow,signal.intermittent,corruption.intact
2691,feasibility_only_not_final_art,entity.hollow,access.user,architecture.sealed,material.porcelain,eyes.void,interface.neural_veil,implant.none,mantle.archive_coat,background.anechoic_room,signal.locked,corruption.intact
2692,feasibility_only_not_final_art,entity.hollow,access.user,architecture.inset,material.porcelain,eyes.void,interface.forensic_plate,implant.neural_cable,mantle.field_collar,background.evidence_void,signal.intermittent,corruption.intact
2693,feasibility_only_not_final_art,entity.human,access.user,architecture.sealed,material.carbon,eyes.biometric,interface.respirator,implant.none,mantle.cable_shroud,background.service_tunnel,signal.carrier_echo,corruption.checksum_burn
2694,feasibility_only_not_final_art,entity.specter,access.user,architecture.sealed,material.reconstructed,eyes.void,interface.none,implant.antenna,mantle.archive_coat,background.cold_storage,signal.locked,corruption.intact
2695,feasibility_only_not_final_art,entity.human,access.user,architecture.sealed,material.biosynth,eyes.void,interface.none,implant.spinal_bus,mantle.split_shell,background.evidence_void,signal.intermittent,corruption.packet_ghosting
2696,feasibility_only_not_final_art,entity.synthetic,access.admin,architecture.double_plane,material.biosynth,eyes.thermal,interface.respirator,implant.none,mantle.archive_coat,background.cold_storage,signal.intermittent,corruption.scan_shear
2697,feasibility_only_not_final_art,entity.synthetic,access.user,architecture.sealed,material.biosynth,eyes.biometric,interface.neural_veil,implant.antenna,mantle.archive_coat,background.cold_storage,signal.intermittent,corruption.intact
2698,feasibility_only_not_final_art,entity.human,access.user,architecture.sealed,material.porcelain,eyes.fractured,interface.none,implant.neural_cable,mantle.ceramic_mantle,background.service_tunnel,signal.intermittent,corruption.intact
2699,feasibility_only_not_final_art,entity.human,access.user,architecture.inset,material.porcelain,eyes.thermal,interface.none,implant.neural_cable,mantle.cable_shroud,background.rack_shadow,signal.locked,corruption.intact
2700,feasibility_only_not_final_art,entity.human,access.user,architecture.sealed,material.porcelain,eyes.fractured,interface.forensic_plate,implant.neural_cable,mantle.cable_shroud,background.evidence_void,signal.intermittent,corruption.intact
2701,feasibility_only_not_final_art,entity.synthetic,access.user,architecture.inset,material.carbon,eyes.biometric,interface.none,implant.none,mantle.split_shell,background.evidence_void,signal.intermittent,corruption.scan_shear
2702,feasibility_only_not_final_art,entity.specter,access.user,architecture.sealed,material.phase_glass,eyes.void,interface.none,implant.spinal_bus,mantle.archive_coat,background.evidence_void,signal.locked,corruption.scan_shear
2703,feasibility_only_not_final_art,entity.specter,access.root,architecture.severed_halo,material.reconstructed,eyes.void,interface.none,implant.signal_crown,mantle.cable_shroud,background.rack_shadow,signal.locked,corruption.intact
2704,feasibility_only_not_final_art,entity.hollow,access.admin,architecture.double_plane,material.carbon,eyes.void,interface.forensic_plate,implant.antenna,mantle.field_collar,background.relay_well,signal.intermittent,corruption.intact
2705,feasibility_only_not_final_art,entity.human,access.admin,architecture.inset,material.porcelain,eyes.biometric,interface.none,implant.neural_cable,mantle.cable_shroud,background.evidence_void,signal.locked,corruption.intact
2706,feasibility_only_not_final_art,entity.human,access.system,architecture.suspended_core,material.carbon,eyes.fractured,interface.none,implant.root_port,mantle.archive_coat,background.evidence_void,signal.silent,corruption.checksum_burn
2707,feasibility_only_not_final_art,entity.human,access.user,architecture.inset,material.biosynth,eyes.void,interface.none,implant.neural_cable,mantle.archive_coat,background.cold_storage,signal.locked,corruption.scan_shear
2708,feasibility_only_not_final_art,entity.synthetic,access.user,architecture.sealed,material.biosynth,eyes.thermal,interface.forensic_plate,implant.none,mantle.archive_coat,background.evidence_void,signal.locked,corruption.memory_bleed
2709,feasibility_only_not_final_art,entity.synthetic,access.user,architecture.sealed,material.biosynth,eyes.thermal,interface.none,implant.spinal_bus,mantle.field_collar,background.rack_shadow,signal.intermittent,corruption.intact
2710,feasibility_only_not_final_art,entity.synthetic,access.user,architecture.inset,material.porcelain,eyes.thermal,interface.none,implant.antenna,mantle.field_collar,background.relay_well,signal.silent,corruption.scan_shear
2711,feasibility_only_not_final_art,entity.synthetic,access.user,architecture.inset,material.biosynth,eyes.thermal,interface.forensic_plate,implant.none,mantle.split_shell,background.evidence_void,signal.locked,corruption.intact
2712,feasibility_only_not_final_art,entity.synthetic,access.user,architecture.inset,material.biosynth,eyes.optical_array,interface.forensic_plate,implant.none,mantle.archive_coat,background.cold_storage,signal.carrier_echo,corruption.intact
2713,feasibility_only_not_final_art,entity.specter,access.user,architecture.sealed,material.reconstructed,eyes.void,interface.none,implant.spinal_bus,mantle.field_collar,background.evidence_void,signal.locked,corruption.intact
2714,feasibility_only_not_final_art,entity.hollow,access.user,architecture.inset,material.ceramic,eyes.optical_array,interface.null_mask,implant.none,mantle.cable_shroud,background.cold_storage,signal.locked,corruption.intact
2715,feasibility_only_not_final_art,entity.synthetic,access.user,architecture.sealed,material.ceramic,eyes.thermal,interface.neural_veil,implant.none,mantle.field_collar,background.service_tunnel,signal.carrier_echo,corruption.intact
2716,feasibility_only_not_final_art,entity.human,access.user,architecture.sealed,material.biosynth,eyes.biometric,interface.none,implant.spinal_bus,mantle.cable_shroud,background.evidence_void,signal.locked,corruption.packet_ghosting
2717,feasibility_only_not_final_art,entity.synthetic,access.user,architecture.sealed,material.carbon,eyes.thermal,interface.neural_veil,implant.none,mantle.archive_coat,background.cold_storage,signal.intermittent,corruption.intact
2718,feasibility_only_not_final_art,entity.human,access.user,architecture.sealed,material.carbon,eyes.void,interface.forensic_plate,implant.none,mantle.cable_shroud,background.cold_storage,signal.locked,corruption.intact
2719,feasibility_only_not_final_art,entity.human,access.user,architecture.sealed,material.porcelain,eyes.thermal,interface.null_mask,implant.neural_cable,mantle.archive_coat,background.evidence_void,signal.carrier_echo,corruption.packet_ghosting
2720,feasibility_only_not_final_art,entity.human,access.user,architecture.inset,material.biosynth,eyes.biometric,interface.respirator,implant.none,mantle.field_collar,background.evidence_void,signal.intermittent,corruption.intact
2721,feasibility_only_not_final_art,entity.human,access.admin,architecture.double_plane,material.reconstructed,eyes.thermal,interface.respirator,implant.none,mantle.ceramic_mantle,background.relay_well,signal.locked,corruption.intact
2722,feasibility_only_not_final_art,entity.human,access.user,architecture.inset,material.biosynth,eyes.void,interface.forensic_plate,implant.neural_cable,mantle.archive_coat,background.service_tunnel,signal.intermittent,corruption.intact
2723,feasibility_only_not_final_art,entity.synthetic,access.user,architecture.inset,material.biosynth,eyes.biometric,interface.forensic_plate,implant.none,mantle.cable_shroud,background.relay_well,signal.carrier_echo,corruption.scan_shear
2724,feasibility_only_not_final_art,entity.human,access.user,architecture.sealed,material.biosynth,eyes.fractured,interface.none,implant.none,mantle.split_shell,background.cold_storage,signal.intermittent,corruption.intact
2725,feasibility_only_not_final_art,entity.human,access.user,architecture.inset,material.porcelain,eyes.biometric,interface.respirator,implant.none,mantle.field_collar,background.cold_storage,signal.locked,corruption.intact
2726,feasibility_only_not_final_art,entity.synthetic,access.admin,architecture.double_plane,material.biosynth,eyes.thermal,interface.null_mask,implant.none,mantle.ceramic_mantle,background.cold_storage,signal.locked,corruption.scan_shear
2727,feasibility_only_not_final_art,entity.human,access.user,architecture.sealed,material.porcelain,eyes.thermal,interface.none,implant.none,mantle.field_collar,background.evidence_void,signal.locked,corruption.scan_shear
2728,feasibility_only_not_final_art,entity.hollow,access.user,architecture.inset,material.porcelain,eyes.void,interface.neural_veil,implant.neural_cable,mantle.field_collar,background.rack_shadow,signal.intermittent,corruption.scan_shear
2729,feasibility_only_not_final_art,entity.synthetic,access.admin,architecture.double_plane,material.biosynth,eyes.void,interface.null_mask,implant.memory_spindle,mantle.archive_coat,background.evidence_void,signal.locked,corruption.scan_shear
2730,feasibility_only_not_final_art,entity.synthetic,access.user,architecture.sealed,material.biosynth,eyes.optical_array,interface.forensic_plate,implant.spinal_bus,mantle.field_collar,background.relay_well,signal.intermittent,corruption.intact
2731,feasibility_only_not_final_art,entity.hollow,access.user,architecture.sealed,material.reconstructed,eyes.void,interface.skeletal_interface,implant.spinal_bus,mantle.split_shell,background.anechoic_room,signal.carrier_echo,corruption.checksum_burn
2732,feasibility_only_not_final_art,entity.hollow,access.user,architecture.sealed,material.ceramic,eyes.void,interface.none,implant.antenna,mantle.archive_coat,background.cold_storage,signal.locked,corruption.intact
2733,feasibility_only_not_final_art,entity.hollow,access.admin,architecture.double_plane,material.reconstructed,eyes.void,interface.neural_veil,implant.memory_spindle,mantle.archive_coat,background.relay_well,signal.intermittent,corruption.intact
2734,feasibility_only_not_final_art,entity.hollow,access.admin,architecture.inset,material.carbon,eyes.void,interface.none,implant.spinal_bus,mantle.field_collar,background.uplink_black,signal.silent,corruption.intact
2735,feasibility_only_not_final_art,entity.synthetic,access.user,architecture.sealed,material.reconstructed,eyes.thermal,interface.respirator,implant.neural_cable,mantle.ceramic_mantle,background.evidence_void,signal.silent,corruption.intact
2736,feasibility_only_not_final_art,entity.human,access.user,architecture.sealed,material.porcelain,eyes.fractured,interface.none,implant.neural_cable,mantle.ceramic_mantle,background.rack_shadow,signal.intermittent,corruption.checksum_burn
2737,feasibility_only_not_final_art,entity.human,access.user,architecture.sealed,material.biosynth,eyes.thermal,interface.respirator,implant.spinal_bus,mantle.ceramic_mantle,background.evidence_void,signal.locked,corruption.packet_ghosting
2738,feasibility_only_not_final_art,entity.synthetic,access.user,architecture.inset,material.biosynth,eyes.fractured,interface.forensic_plate,implant.neural_cable,mantle.ceramic_mantle,background.service_tunnel,signal.carrier_echo,corruption.checksum_burn
2739,feasibility_only_not_final_art,entity.specter,access.admin,architecture.double_plane,material.reconstructed,eyes.fractured,interface.neural_veil,implant.antenna,mantle.archive_coat,background.cold_storage,signal.locked,corruption.intact
2740,feasibility_only_not_final_art,entity.human,access.user,architecture.sealed,material.carbon,eyes.biometric,interface.forensic_plate,implant.neural_cable,mantle.ceramic_mantle,background.evidence_void,signal.locked,corruption.scan_shear
2741,feasibility_only_not_final_art,entity.human,access.user,architecture.sealed,material.carbon,eyes.thermal,interface.respirator,implant.none,mantle.ceramic_mantle,background.service_tunnel,signal.intermittent,corruption.intact
2742,feasibility_only_not_final_art,entity.human,access.user,architecture.sealed,material.porcelain,eyes.thermal,interface.respirator,implant.none,mantle.split_shell,background.anechoic_room,signal.carrier_echo,corruption.intact
2743,feasibility_only_not_final_art,entity.hollow,access.user,architecture.sealed,material.porcelain,eyes.optical_array,interface.forensic_plate,implant.spinal_bus,mantle.ceramic_mantle,background.rack_shadow,signal.carrier_echo,corruption.intact
2744,feasibility_only_not_final_art,entity.synthetic,access.user,architecture.inset,material.porcelain,eyes.biometric,interface.respirator,implant.neural_cable,mantle.archive_coat,background.relay_well,signal.intermittent,corruption.intact
2745,feasibility_only_not_final_art,entity.specter,access.user,architecture.sealed,material.carbon,eyes.void,interface.none,implant.none,mantle.field_collar,background.service_tunnel,signal.locked,corruption.scan_shear
2746,feasibility_only_not_final_art,entity.human,access.system,architecture.suspended_core,material.biosynth,eyes.biometric,interface.none,implant.root_port,mantle.archive_coat,background.uplink_black,signal.locked,corruption.checksum_burn
2747,feasibility_only_not_final_art,entity.human,access.user,architecture.sealed,material.ceramic,eyes.fractured,interface.none,implant.neural_cable,mantle.field_collar,background.rack_shadow,signal.locked,corruption.intact
2748,feasibility_only_not_final_art,entity.synthetic,access.user,architecture.sealed,material.carbon,eyes.thermal,interface.none,implant.neural_cable,mantle.ceramic_mantle,background.relay_well,signal.locked,corruption.checksum_burn
2749,feasibility_only_not_final_art,entity.human,access.user,architecture.sealed,material.biosynth,eyes.void,interface.none,implant.none,mantle.archive_coat,background.anechoic_room,signal.locked,corruption.intact
2750,feasibility_only_not_final_art,entity.hollow,access.user,architecture.sealed,material.porcelain,eyes.fractured,interface.forensic_plate,implant.none,mantle.cable_shroud,background.evidence_void,signal.carrier_echo,corruption.checksum_burn
2751,feasibility_only_not_final_art,entity.human,access.admin,architecture.double_plane,material.biosynth,eyes.thermal,interface.none,implant.spinal_bus,mantle.ceramic_mantle,background.rack_shadow,signal.intermittent,corruption.memory_bleed
2752,feasibility_only_not_final_art,entity.synthetic,access.user,architecture.inset,material.porcelain,eyes.biometric,interface.respirator,implant.none,mantle.cable_shroud,background.relay_well,signal.carrier_echo,corruption.scan_shear
2753,feasibility_only_not_final_art,entity.synthetic,access.user,architecture.sealed,material.ceramic,eyes.thermal,interface.neural_veil,implant.neural_cable,mantle.archive_coat,background.evidence_void,signal.carrier_echo,corruption.scan_shear
2754,feasibility_only_not_final_art,entity.human,access.user,architecture.inset,material.biosynth,eyes.thermal,interface.forensic_plate,implant.spinal_bus,mantle.cable_shroud,background.cold_storage,signal.locked,corruption.scan_shear
2755,feasibility_only_not_final_art,entity.synthetic,access.user,architecture.sealed,material.biosynth,eyes.fractured,interface.none,implant.neural_cable,mantle.archive_coat,background.evidence_void,signal.locked,corruption.intact
2756,feasibility_only_not_final_art,entity.human,access.user,architecture.sealed,material.porcelain,eyes.biometric,interface.respirator,implant.none,mantle.archive_coat,background.rack_shadow,signal.silent,corruption.packet_ghosting
2757,feasibility_only_not_final_art,entity.human,access.user,architecture.inset,material.carbon,eyes.thermal,interface.none,implant.neural_cable,mantle.archive_coat,background.rack_shadow,signal.carrier_echo,corruption.intact
2758,feasibility_only_not_final_art,entity.human,access.admin,architecture.inset,material.biosynth,eyes.biometric,interface.respirator,implant.neural_cable,mantle.ceramic_mantle,background.rack_shadow,signal.locked,corruption.packet_ghosting
2759,feasibility_only_not_final_art,entity.synthetic,access.system,architecture.suspended_core,material.carbon,eyes.fractured,interface.none,implant.root_port,mantle.archive_coat,background.cold_storage,signal.intermittent,corruption.intact
2760,feasibility_only_not_final_art,entity.synthetic,access.user,architecture.sealed,material.biosynth,eyes.biometric,interface.respirator,implant.neural_cable,mantle.archive_coat,background.cold_storage,signal.intermittent,corruption.intact
2761,feasibility_only_not_final_art,entity.synthetic,access.user,architecture.sealed,material.ceramic,eyes.biometric,interface.neural_veil,implant.spinal_bus,mantle.archive_coat,background.cold_storage,signal.locked,corruption.intact
2762,feasibility_only_not_final_art,entity.synthetic,access.user,architecture.sealed,material.biosynth,eyes.optical_array,interface.respirator,implant.none,mantle.field_collar,background.service_tunnel,signal.carrier_echo,corruption.scan_shear
2763,feasibility_only_not_final_art,entity.synthetic,access.user,architecture.sealed,material.carbon,eyes.fractured,interface.neural_veil,implant.none,mantle.archive_coat,background.evidence_void,signal.intermittent,corruption.intact
2764,feasibility_only_not_final_art,entity.human,access.user,architecture.sealed,material.carbon,eyes.void,interface.none,implant.spinal_bus,mantle.archive_coat,background.anechoic_room,signal.intermittent,corruption.scan_shear
2765,feasibility_only_not_final_art,entity.human,access.system,architecture.suspended_core,material.ceramic,eyes.fractured,interface.forensic_plate,implant.root_port,mantle.ceramic_mantle,background.service_tunnel,signal.carrier_echo,corruption.intact
2766,feasibility_only_not_final_art,entity.human,access.user,architecture.sealed,material.porcelain,eyes.thermal,interface.forensic_plate,implant.spinal_bus,mantle.ceramic_mantle,background.service_tunnel,signal.locked,corruption.packet_ghosting
2767,feasibility_only_not_final_art,entity.human,access.user,architecture.sealed,material.porcelain,eyes.thermal,interface.none,implant.none,mantle.archive_coat,background.anechoic_room,signal.intermittent,corruption.checksum_burn
2768,feasibility_only_not_final_art,entity.synthetic,access.user,architecture.sealed,material.porcelain,eyes.void,interface.forensic_plate,implant.none,mantle.ceramic_mantle,background.cold_storage,signal.locked,corruption.intact
2769,feasibility_only_not_final_art,entity.human,access.system,architecture.suspended_core,material.biosynth,eyes.void,interface.forensic_plate,implant.root_port,mantle.cable_shroud,background.rack_shadow,signal.carrier_echo,corruption.checksum_burn
2770,feasibility_only_not_final_art,entity.human,access.user,architecture.sealed,material.porcelain,eyes.biometric,interface.respirator,implant.antenna,mantle.cable_shroud,background.cold_storage,signal.locked,corruption.intact
2771,feasibility_only_not_final_art,entity.hollow,access.user,architecture.inset,material.carbon,eyes.void,interface.none,implant.spinal_bus,mantle.field_collar,background.evidence_void,signal.intermittent,corruption.checksum_burn
2772,feasibility_only_not_final_art,entity.hollow,access.user,architecture.inset,material.porcelain,eyes.fractured,interface.none,implant.none,mantle.field_collar,background.rack_shadow,signal.silent,corruption.intact
2773,feasibility_only_not_final_art,entity.human,access.user,architecture.sealed,material.biosynth,eyes.biometric,interface.none,implant.spinal_bus,mantle.cable_shroud,background.anechoic_room,signal.locked,corruption.scan_shear
2774,feasibility_only_not_final_art,entity.synthetic,access.user,architecture.sealed,material.ceramic,eyes.biometric,interface.respirator,implant.none,mantle.archive_coat,background.cold_storage,signal.locked,corruption.scan_shear
2775,feasibility_only_not_final_art,entity.hollow,access.admin,architecture.inset,material.ceramic,eyes.void,interface.forensic_plate,implant.neural_cable,mantle.archive_coat,background.rack_shadow,signal.locked,corruption.intact
2776,feasibility_only_not_final_art,entity.synthetic,access.user,architecture.inset,material.biosynth,eyes.thermal,interface.forensic_plate,implant.none,mantle.ceramic_mantle,background.evidence_void,signal.intermittent,corruption.intact
2777,feasibility_only_not_final_art,entity.hollow,access.user,architecture.sealed,material.ceramic,eyes.void,interface.none,implant.none,mantle.split_shell,background.rack_shadow,signal.locked,corruption.scan_shear
2778,feasibility_only_not_final_art,entity.specter,access.user,architecture.sealed,material.reconstructed,eyes.fractured,interface.forensic_plate,implant.none,mantle.unsupported_frame,background.evidence_void,signal.intermittent,corruption.absence
2779,feasibility_only_not_final_art,entity.synthetic,access.user,architecture.inset,material.porcelain,eyes.thermal,interface.none,implant.none,mantle.cable_shroud,background.evidence_void,signal.locked,corruption.intact
2780,feasibility_only_not_final_art,entity.synthetic,access.user,architecture.inset,material.ceramic,eyes.biometric,interface.none,implant.none,mantle.split_shell,background.rack_shadow,signal.locked,corruption.scan_shear
2781,feasibility_only_not_final_art,entity.synthetic,access.user,architecture.sealed,material.biosynth,eyes.biometric,interface.none,implant.none,mantle.cable_shroud,background.relay_well,signal.carrier_echo,corruption.scan_shear
2782,feasibility_only_not_final_art,entity.human,access.admin,architecture.double_plane,material.reconstructed,eyes.biometric,interface.none,implant.spinal_bus,mantle.ceramic_mantle,background.cold_storage,signal.carrier_echo,corruption.scan_shear
2783,feasibility_only_not_final_art,entity.synthetic,access.user,architecture.sealed,material.carbon,eyes.optical_array,interface.neural_veil,implant.spinal_bus,mantle.ceramic_mantle,background.evidence_void,signal.carrier_echo,corruption.intact
2784,feasibility_only_not_final_art,entity.synthetic,access.user,architecture.sealed,material.biosynth,eyes.optical_array,interface.none,implant.none,mantle.ceramic_mantle,background.evidence_void,signal.carrier_echo,corruption.scan_shear
2785,feasibility_only_not_final_art,entity.human,access.admin,architecture.double_plane,material.biosynth,eyes.thermal,interface.respirator,implant.none,mantle.cable_shroud,background.evidence_void,signal.locked,corruption.intact
2786,feasibility_only_not_final_art,entity.hollow,access.user,architecture.sealed,material.ceramic,eyes.void,interface.none,implant.spinal_bus,mantle.field_collar,background.evidence_void,signal.locked,corruption.packet_ghosting
2787,feasibility_only_not_final_art,entity.human,access.user,architecture.inset,material.carbon,eyes.biometric,interface.respirator,implant.spinal_bus,mantle.ceramic_mantle,background.relay_well,signal.locked,corruption.scan_shear
2788,feasibility_only_not_final_art,entity.specter,access.user,architecture.sealed,material.reconstructed,eyes.void,interface.none,implant.antenna,mantle.archive_coat,background.evidence_void,signal.carrier_echo,corruption.scan_shear
2789,feasibility_only_not_final_art,entity.synthetic,access.user,architecture.sealed,material.reconstructed,eyes.optical_array,interface.neural_veil,implant.none,mantle.archive_coat,background.service_tunnel,signal.locked,corruption.scan_shear
2790,feasibility_only_not_final_art,entity.synthetic,access.admin,architecture.double_plane,material.biosynth,eyes.biometric,interface.forensic_plate,implant.spinal_bus,mantle.archive_coat,background.relay_well,signal.carrier_echo,corruption.intact
2791,feasibility_only_not_final_art,entity.human,access.user,architecture.sealed,material.carbon,eyes.fractured,interface.forensic_plate,implant.none,mantle.ceramic_mantle,background.relay_well,signal.intermittent,corruption.intact
2792,feasibility_only_not_final_art,entity.human,access.user,architecture.sealed,material.porcelain,eyes.biometric,interface.forensic_plate,implant.none,mantle.ceramic_mantle,background.service_tunnel,signal.locked,corruption.scan_shear
2793,feasibility_only_not_final_art,entity.human,access.user,architecture.sealed,material.biosynth,eyes.thermal,interface.none,implant.spinal_bus,mantle.archive_coat,background.rack_shadow,signal.carrier_echo,corruption.scan_shear
2794,feasibility_only_not_final_art,entity.synthetic,access.user,architecture.sealed,material.carbon,eyes.optical_array,interface.respirator,implant.spinal_bus,mantle.ceramic_mantle,background.cold_storage,signal.locked,corruption.scan_shear
2795,feasibility_only_not_final_art,entity.synthetic,access.user,architecture.inset,material.biosynth,eyes.biometric,interface.forensic_plate,implant.none,mantle.cable_shroud,background.rack_shadow,signal.intermittent,corruption.scan_shear
2796,feasibility_only_not_final_art,entity.human,access.user,architecture.sealed,material.biosynth,eyes.fractured,interface.forensic_plate,implant.none,mantle.cable_shroud,background.evidence_void,signal.intermittent,corruption.checksum_burn
2797,feasibility_only_not_final_art,entity.synthetic,access.user,architecture.inset,material.porcelain,eyes.biometric,interface.respirator,implant.spinal_bus,mantle.field_collar,background.relay_well,signal.locked,corruption.intact
2798,feasibility_only_not_final_art,entity.human,access.user,architecture.sealed,material.porcelain,eyes.thermal,interface.none,implant.spinal_bus,mantle.cable_shroud,background.evidence_void,signal.locked,corruption.intact
2799,feasibility_only_not_final_art,entity.hollow,access.user,architecture.inset,material.porcelain,eyes.optical_array,interface.forensic_plate,implant.none,mantle.ceramic_mantle,background.relay_well,signal.locked,corruption.scan_shear
2800,feasibility_only_not_final_art,entity.synthetic,access.admin,architecture.double_plane,material.porcelain,eyes.biometric,interface.none,implant.none,mantle.ceramic_mantle,background.evidence_void,signal.intermittent,corruption.intact
2801,feasibility_only_not_final_art,entity.human,access.system,architecture.suspended_core,material.carbon,eyes.void,interface.forensic_plate,implant.root_port,mantle.split_shell,background.evidence_void,signal.silent,corruption.intact
2802,feasibility_only_not_final_art,entity.synthetic,access.user,architecture.sealed,material.carbon,eyes.biometric,interface.forensic_plate,implant.none,mantle.archive_coat,background.cold_storage,signal.locked,corruption.intact
2803,feasibility_only_not_final_art,entity.hollow,access.root,architecture.severed_halo,material.carbon,eyes.fractured,interface.none,implant.signal_crown,mantle.archive_coat,background.evidence_void,signal.locked,corruption.intact
2804,feasibility_only_not_final_art,entity.synthetic,access.admin,architecture.inset,material.biosynth,eyes.fractured,interface.none,implant.none,mantle.split_shell,background.relay_well,signal.locked,corruption.intact
2805,feasibility_only_not_final_art,entity.hollow,access.user,architecture.inset,material.carbon,eyes.void,interface.forensic_plate,implant.none,mantle.archive_coat,background.cold_storage,signal.intermittent,corruption.scan_shear
2806,feasibility_only_not_final_art,entity.synthetic,access.admin,architecture.double_plane,material.ceramic,eyes.fractured,interface.null_mask,implant.none,mantle.archive_coat,background.cold_storage,signal.locked,corruption.intact
2807,feasibility_only_not_final_art,entity.human,access.user,architecture.inset,material.biosynth,eyes.biometric,interface.forensic_plate,implant.none,mantle.field_collar,background.rack_shadow,signal.intermittent,corruption.intact
2808,feasibility_only_not_final_art,entity.synthetic,access.user,architecture.sealed,material.carbon,eyes.biometric,interface.none,implant.spinal_bus,mantle.split_shell,background.cold_storage,signal.intermittent,corruption.packet_ghosting
2809,feasibility_only_not_final_art,entity.synthetic,access.user,architecture.sealed,material.carbon,eyes.thermal,interface.neural_veil,implant.antenna,mantle.field_collar,background.evidence_void,signal.locked,corruption.checksum_burn
2810,feasibility_only_not_final_art,entity.human,access.user,architecture.sealed,material.carbon,eyes.biometric,interface.respirator,implant.none,mantle.field_collar,background.evidence_void,signal.intermittent,corruption.intact
2811,feasibility_only_not_final_art,entity.hollow,access.admin,architecture.double_plane,material.porcelain,eyes.void,interface.none,implant.none,mantle.ceramic_mantle,background.rack_shadow,signal.locked,corruption.checksum_burn
2812,feasibility_only_not_final_art,entity.human,access.user,architecture.sealed,material.carbon,eyes.thermal,interface.respirator,implant.none,mantle.archive_coat,background.rack_shadow,signal.silent,corruption.scan_shear
2813,feasibility_only_not_final_art,entity.synthetic,access.user,architecture.sealed,material.carbon,eyes.biometric,interface.none,implant.neural_cable,mantle.cable_shroud,background.anechoic_room,signal.intermittent,corruption.intact
2814,feasibility_only_not_final_art,entity.synthetic,access.admin,architecture.inset,material.porcelain,eyes.thermal,interface.respirator,implant.antenna,mantle.cable_shroud,background.relay_well,signal.locked,corruption.intact
2815,feasibility_only_not_final_art,entity.human,access.user,architecture.sealed,material.porcelain,eyes.thermal,interface.respirator,implant.none,mantle.ceramic_mantle,background.cold_storage,signal.locked,corruption.intact
2816,feasibility_only_not_final_art,entity.human,access.user,architecture.sealed,material.porcelain,eyes.biometric,interface.respirator,implant.spinal_bus,mantle.cable_shroud,background.service_tunnel,signal.locked,corruption.packet_ghosting
2817,feasibility_only_not_final_art,entity.synthetic,access.system,architecture.suspended_core,material.carbon,eyes.thermal,interface.forensic_plate,implant.root_port,mantle.archive_coat,background.rack_shadow,signal.intermittent,corruption.scan_shear
2818,feasibility_only_not_final_art,entity.human,access.user,architecture.sealed,material.porcelain,eyes.biometric,interface.respirator,implant.antenna,mantle.ceramic_mantle,background.evidence_void,signal.carrier_echo,corruption.intact
2819,feasibility_only_not_final_art,entity.human,access.user,architecture.sealed,material.carbon,eyes.void,interface.none,implant.none,mantle.archive_coat,background.evidence_void,signal.locked,corruption.intact
2820,feasibility_only_not_final_art,entity.synthetic,access.user,architecture.inset,material.biosynth,eyes.optical_array,interface.respirator,implant.spinal_bus,mantle.archive_coat,background.rack_shadow,signal.locked,corruption.scan_shear
2821,feasibility_only_not_final_art,entity.human,access.admin,architecture.double_plane,material.biosynth,eyes.thermal,interface.respirator,implant.antenna,mantle.ceramic_mantle,background.evidence_void,signal.locked,corruption.intact
2822,feasibility_only_not_final_art,entity.hollow,access.admin,architecture.inset,material.carbon,eyes.void,interface.none,implant.antenna,mantle.ceramic_mantle,background.relay_well,signal.locked,corruption.scan_shear
2823,feasibility_only_not_final_art,entity.synthetic,access.admin,architecture.inset,material.biosynth,eyes.optical_array,interface.respirator,implant.none,mantle.cable_shroud,background.relay_well,signal.carrier_echo,corruption.scan_shear
2824,feasibility_only_not_final_art,entity.hollow,access.admin,architecture.double_plane,material.porcelain,eyes.void,interface.forensic_plate,implant.antenna,mantle.ceramic_mantle,background.cold_storage,signal.locked,corruption.packet_ghosting
2825,feasibility_only_not_final_art,entity.human,access.user,architecture.sealed,material.reconstructed,eyes.fractured,interface.none,implant.neural_cable,mantle.cable_shroud,background.rack_shadow,signal.locked,corruption.intact
2826,feasibility_only_not_final_art,entity.human,access.user,architecture.sealed,material.biosynth,eyes.biometric,interface.forensic_plate,implant.none,mantle.archive_coat,background.rack_shadow,signal.carrier_echo,corruption.intact
2827,feasibility_only_not_final_art,entity.synthetic,access.user,architecture.sealed,material.carbon,eyes.thermal,interface.respirator,implant.neural_cable,mantle.archive_coat,background.uplink_black,signal.locked,corruption.packet_ghosting
2828,feasibility_only_not_final_art,entity.human,access.user,architecture.inset,material.ceramic,eyes.thermal,interface.none,implant.neural_cable,mantle.field_collar,background.evidence_void,signal.locked,corruption.scan_shear
2829,feasibility_only_not_final_art,entity.specter,access.user,architecture.sealed,material.carbon,eyes.signal_burn,interface.none,implant.neural_cable,mantle.archive_coat,background.cold_storage,signal.locked,corruption.scan_shear
2830,feasibility_only_not_final_art,entity.specter,access.user,architecture.sealed,material.reconstructed,eyes.void,interface.neural_veil,implant.neural_cable,mantle.field_collar,background.rack_shadow,signal.locked,corruption.intact
2831,feasibility_only_not_final_art,entity.human,access.user,architecture.sealed,material.biosynth,eyes.thermal,interface.forensic_plate,implant.none,mantle.archive_coat,background.evidence_void,signal.intermittent,corruption.intact
2832,feasibility_only_not_final_art,entity.human,access.user,architecture.sealed,material.biosynth,eyes.biometric,interface.none,implant.none,mantle.archive_coat,background.evidence_void,signal.locked,corruption.scan_shear
2833,feasibility_only_not_final_art,entity.human,access.user,architecture.sealed,material.biosynth,eyes.biometric,interface.forensic_plate,implant.neural_cable,mantle.archive_coat,background.evidence_void,signal.carrier_echo,corruption.scan_shear
2834,feasibility_only_not_final_art,entity.human,access.user,architecture.inset,material.biosynth,eyes.thermal,interface.forensic_plate,implant.spinal_bus,mantle.split_shell,background.cold_storage,signal.locked,corruption.intact
2835,feasibility_only_not_final_art,entity.human,access.user,architecture.inset,material.biosynth,eyes.biometric,interface.respirator,implant.antenna,mantle.archive_coat,background.rack_shadow,signal.locked,corruption.intact
2836,feasibility_only_not_final_art,entity.human,access.user,architecture.sealed,material.carbon,eyes.void,interface.null_mask,implant.none,mantle.ceramic_mantle,background.service_tunnel,signal.locked,corruption.intact
2837,feasibility_only_not_final_art,entity.hollow,access.user,architecture.sealed,material.carbon,eyes.void,interface.neural_veil,implant.spinal_bus,mantle.field_collar,background.rack_shadow,signal.intermittent,corruption.intact
2838,feasibility_only_not_final_art,entity.synthetic,access.user,architecture.sealed,material.ceramic,eyes.thermal,interface.none,implant.none,mantle.ceramic_mantle,background.evidence_void,signal.locked,corruption.intact
2839,feasibility_only_not_final_art,entity.synthetic,access.user,architecture.sealed,material.carbon,eyes.fractured,interface.neural_veil,implant.spinal_bus,mantle.split_shell,background.rack_shadow,signal.locked,corruption.intact
2840,feasibility_only_not_final_art,entity.hollow,access.admin,architecture.double_plane,material.porcelain,eyes.optical_array,interface.none,implant.none,mantle.cable_shroud,background.relay_well,signal.locked,corruption.intact
2841,feasibility_only_not_final_art,entity.hollow,access.user,architecture.sealed,material.porcelain,eyes.optical_array,interface.forensic_plate,implant.none,mantle.cable_shroud,background.evidence_void,signal.intermittent,corruption.intact
2842,feasibility_only_not_final_art,entity.synthetic,access.user,architecture.sealed,material.porcelain,eyes.biometric,interface.respirator,implant.neural_cable,mantle.archive_coat,background.relay_well,signal.intermittent,corruption.intact
2843,feasibility_only_not_final_art,entity.synthetic,access.user,architecture.sealed,material.reconstructed,eyes.biometric,interface.neural_veil,implant.antenna,mantle.field_collar,background.evidence_void,signal.locked,corruption.scan_shear
2844,feasibility_only_not_final_art,entity.human,access.user,architecture.sealed,material.biosynth,eyes.void,interface.none,implant.none,mantle.cable_shroud,background.service_tunnel,signal.intermittent,corruption.scan_shear
2845,feasibility_only_not_final_art,entity.synthetic,access.user,architecture.sealed,material.ceramic,eyes.biometric,interface.forensic_plate,implant.spinal_bus,mantle.archive_coat,background.evidence_void,signal.intermittent,corruption.scan_shear
2846,feasibility_only_not_final_art,entity.synthetic,access.user,architecture.sealed,material.biosynth,eyes.biometric,interface.none,implant.neural_cable,mantle.split_shell,background.anechoic_room,signal.locked,corruption.packet_ghosting
2847,feasibility_only_not_final_art,entity.synthetic,access.user,architecture.sealed,material.porcelain,eyes.biometric,interface.none,implant.spinal_bus,mantle.archive_coat,background.evidence_void,signal.intermittent,corruption.intact
2848,feasibility_only_not_final_art,entity.specter,access.user,architecture.sealed,material.phase_glass,eyes.signal_burn,interface.null_mask,implant.none,mantle.ceramic_mantle,background.relay_well,signal.locked,corruption.packet_ghosting
2849,feasibility_only_not_final_art,entity.human,access.user,architecture.inset,material.biosynth,eyes.biometric,interface.respirator,implant.neural_cable,mantle.field_collar,background.cold_storage,signal.locked,corruption.intact
2850,feasibility_only_not_final_art,entity.human,access.admin,architecture.double_plane,material.biosynth,eyes.biometric,interface.none,implant.spinal_bus,mantle.archive_coat,background.rack_shadow,signal.locked,corruption.checksum_burn
2851,feasibility_only_not_final_art,entity.synthetic,access.admin,architecture.double_plane,material.biosynth,eyes.void,interface.none,implant.neural_cable,mantle.archive_coat,background.cold_storage,signal.intermittent,corruption.intact
2852,feasibility_only_not_final_art,entity.human,access.admin,architecture.double_plane,material.porcelain,eyes.thermal,interface.none,implant.spinal_bus,mantle.field_collar,background.evidence_void,signal.locked,corruption.checksum_burn
2853,feasibility_only_not_final_art,entity.hollow,access.user,architecture.inset,material.carbon,eyes.void,interface.none,implant.spinal_bus,mantle.archive_coat,background.service_tunnel,signal.locked,corruption.checksum_burn
2854,feasibility_only_not_final_art,entity.human,access.user,architecture.sealed,material.ceramic,eyes.thermal,interface.null_mask,implant.neural_cable,mantle.ceramic_mantle,background.relay_well,signal.locked,corruption.scan_shear
2855,feasibility_only_not_final_art,entity.human,access.admin,architecture.inset,material.ceramic,eyes.fractured,interface.respirator,implant.antenna,mantle.split_shell,background.anechoic_room,signal.carrier_echo,corruption.intact
2856,feasibility_only_not_final_art,entity.hollow,access.user,architecture.sealed,material.porcelain,eyes.fractured,interface.null_mask,implant.none,mantle.ceramic_mantle,background.evidence_void,signal.locked,corruption.intact
2857,feasibility_only_not_final_art,entity.hollow,access.admin,architecture.inset,material.reconstructed,eyes.fractured,interface.neural_veil,implant.none,mantle.field_collar,background.relay_well,signal.carrier_echo,corruption.absence
2858,feasibility_only_not_final_art,entity.human,access.user,architecture.sealed,material.porcelain,eyes.biometric,interface.none,implant.neural_cable,mantle.archive_coat,background.relay_well,signal.intermittent,corruption.scan_shear
2859,feasibility_only_not_final_art,entity.synthetic,access.user,architecture.sealed,material.ceramic,eyes.thermal,interface.none,implant.none,mantle.ceramic_mantle,background.evidence_void,signal.locked,corruption.scan_shear
2860,feasibility_only_not_final_art,entity.human,access.user,architecture.sealed,material.ceramic,eyes.thermal,interface.null_mask,implant.antenna,mantle.cable_shroud,background.anechoic_room,signal.carrier_echo,corruption.intact
2861,feasibility_only_not_final_art,entity.hollow,access.user,architecture.sealed,material.ceramic,eyes.fractured,interface.forensic_plate,implant.neural_cable,mantle.cable_shroud,background.rack_shadow,signal.locked,corruption.checksum_burn
2862,feasibility_only_not_final_art,entity.synthetic,access.system,architecture.suspended_core,material.reconstructed,eyes.void,interface.none,implant.root_port,mantle.cable_shroud,background.evidence_void,signal.carrier_echo,corruption.intact
2863,feasibility_only_not_final_art,entity.specter,access.user,architecture.sealed,material.reconstructed,eyes.void,interface.forensic_plate,implant.spinal_bus,mantle.ceramic_mantle,background.evidence_void,signal.locked,corruption.scan_shear
2864,feasibility_only_not_final_art,entity.human,access.user,architecture.sealed,material.porcelain,eyes.biometric,interface.respirator,implant.none,mantle.field_collar,background.cold_storage,signal.locked,corruption.scan_shear
2865,feasibility_only_not_final_art,entity.synthetic,access.user,architecture.inset,material.carbon,eyes.fractured,interface.respirator,implant.antenna,mantle.field_collar,background.rack_shadow,signal.locked,corruption.intact
2866,feasibility_only_not_final_art,entity.synthetic,access.user,architecture.sealed,material.carbon,eyes.biometric,interface.neural_veil,implant.spinal_bus,mantle.ceramic_mantle,background.anechoic_room,signal.locked,corruption.intact
2867,feasibility_only_not_final_art,entity.hollow,access.user,architecture.sealed,material.ceramic,eyes.void,interface.none,implant.none,mantle.archive_coat,background.evidence_void,signal.intermittent,corruption.intact
2868,feasibility_only_not_final_art,entity.synthetic,access.user,architecture.sealed,material.biosynth,eyes.biometric,interface.forensic_plate,implant.neural_cable,mantle.archive_coat,background.relay_well,signal.locked,corruption.scan_shear
2869,feasibility_only_not_final_art,entity.synthetic,access.user,architecture.sealed,material.biosynth,eyes.biometric,interface.forensic_plate,implant.spinal_bus,mantle.archive_coat,background.anechoic_room,signal.locked,corruption.intact
2870,feasibility_only_not_final_art,entity.hollow,access.user,architecture.inset,material.carbon,eyes.void,interface.neural_veil,implant.antenna,mantle.archive_coat,background.evidence_void,signal.locked,corruption.intact
2871,feasibility_only_not_final_art,entity.hollow,access.user,architecture.sealed,material.porcelain,eyes.void,interface.forensic_plate,implant.antenna,mantle.ceramic_mantle,background.relay_well,signal.carrier_echo,corruption.checksum_burn
2872,feasibility_only_not_final_art,entity.human,access.user,architecture.sealed,material.ceramic,eyes.fractured,interface.forensic_plate,implant.neural_cable,mantle.cable_shroud,background.service_tunnel,signal.intermittent,corruption.intact
2873,feasibility_only_not_final_art,entity.human,access.user,architecture.inset,material.biosynth,eyes.thermal,interface.forensic_plate,implant.none,mantle.archive_coat,background.relay_well,signal.carrier_echo,corruption.scan_shear
2874,feasibility_only_not_final_art,entity.hollow,access.user,architecture.sealed,material.carbon,eyes.void,interface.skeletal_interface,implant.none,mantle.ceramic_mantle,background.service_tunnel,signal.locked,corruption.intact
2875,feasibility_only_not_final_art,entity.synthetic,access.user,architecture.sealed,material.porcelain,eyes.biometric,interface.respirator,implant.neural_cable,mantle.field_collar,background.cold_storage,signal.locked,corruption.checksum_burn
2876,feasibility_only_not_final_art,entity.hollow,access.admin,architecture.double_plane,material.porcelain,eyes.fractured,interface.neural_veil,implant.none,mantle.archive_coat,background.service_tunnel,signal.intermittent,corruption.intact
2877,feasibility_only_not_final_art,entity.synthetic,access.user,architecture.sealed,material.porcelain,eyes.fractured,interface.respirator,implant.none,mantle.archive_coat,background.anechoic_room,signal.silent,corruption.memory_bleed
2878,feasibility_only_not_final_art,entity.human,access.user,architecture.inset,material.biosynth,eyes.void,interface.null_mask,implant.none,mantle.field_collar,background.rack_shadow,signal.intermittent,corruption.intact
2879,feasibility_only_not_final_art,entity.synthetic,access.user,architecture.sealed,material.biosynth,eyes.fractured,interface.neural_veil,implant.antenna,mantle.ceramic_mantle,background.rack_shadow,signal.locked,corruption.checksum_burn
2880,feasibility_only_not_final_art,entity.human,access.user,architecture.sealed,material.biosynth,eyes.thermal,interface.respirator,implant.spinal_bus,mantle.archive_coat,background.anechoic_room,signal.locked,corruption.checksum_burn
2881,feasibility_only_not_final_art,entity.hollow,access.admin,architecture.inset,material.reconstructed,eyes.void,interface.forensic_plate,implant.none,mantle.ceramic_mantle,background.cold_storage,signal.locked,corruption.packet_ghosting
2882,feasibility_only_not_final_art,entity.human,access.user,architecture.inset,material.biosynth,eyes.void,interface.none,implant.none,mantle.field_collar,background.rack_shadow,signal.locked,corruption.intact
2883,feasibility_only_not_final_art,entity.human,access.user,architecture.sealed,material.ceramic,eyes.biometric,interface.none,implant.none,mantle.field_collar,background.rack_shadow,signal.intermittent,corruption.packet_ghosting
2884,feasibility_only_not_final_art,entity.synthetic,access.user,architecture.sealed,material.ceramic,eyes.biometric,interface.forensic_plate,implant.neural_cable,mantle.archive_coat,background.rack_shadow,signal.carrier_echo,corruption.packet_ghosting
2885,feasibility_only_not_final_art,entity.synthetic,access.user,architecture.sealed,material.biosynth,eyes.biometric,interface.none,implant.spinal_bus,mantle.archive_coat,background.cold_storage,signal.locked,corruption.scan_shear
2886,feasibility_only_not_final_art,entity.synthetic,access.system,architecture.suspended_core,material.biosynth,eyes.thermal,interface.forensic_plate,implant.root_port,mantle.ceramic_mantle,background.cold_storage,signal.carrier_echo,corruption.intact
2887,feasibility_only_not_final_art,entity.human,access.user,architecture.sealed,material.porcelain,eyes.thermal,interface.none,implant.spinal_bus,mantle.cable_shroud,background.service_tunnel,signal.locked,corruption.intact
2888,feasibility_only_not_final_art,entity.human,access.admin,architecture.inset,material.biosynth,eyes.biometric,interface.respirator,implant.none,mantle.archive_coat,background.cold_storage,signal.silent,corruption.scan_shear
2889,feasibility_only_not_final_art,entity.hollow,access.user,architecture.sealed,material.carbon,eyes.optical_array,interface.none,implant.neural_cable,mantle.cable_shroud,background.evidence_void,signal.locked,corruption.checksum_burn
2890,feasibility_only_not_final_art,entity.hollow,access.user,architecture.sealed,material.porcelain,eyes.optical_array,interface.forensic_plate,implant.spinal_bus,mantle.cable_shroud,background.cold_storage,signal.locked,corruption.intact
2891,feasibility_only_not_final_art,entity.synthetic,access.user,architecture.sealed,material.ceramic,eyes.biometric,interface.none,implant.antenna,mantle.archive_coat,background.service_tunnel,signal.intermittent,corruption.intact
2892,feasibility_only_not_final_art,entity.human,access.user,architecture.sealed,material.reconstructed,eyes.biometric,interface.respirator,implant.neural_cable,mantle.archive_coat,background.evidence_void,signal.locked,corruption.memory_bleed
2893,feasibility_only_not_final_art,entity.hollow,access.admin,architecture.inset,material.ceramic,eyes.void,interface.neural_veil,implant.antenna,mantle.archive_coat,background.cold_storage,signal.intermittent,corruption.absence
2894,feasibility_only_not_final_art,entity.hollow,access.admin,architecture.inset,material.carbon,eyes.void,interface.forensic_plate,implant.neural_cable,mantle.ceramic_mantle,background.cold_storage,signal.intermittent,corruption.intact
2895,feasibility_only_not_final_art,entity.synthetic,access.user,architecture.inset,material.carbon,eyes.biometric,interface.neural_veil,implant.none,mantle.archive_coat,background.service_tunnel,signal.intermittent,corruption.intact
2896,feasibility_only_not_final_art,entity.hollow,access.user,architecture.inset,material.carbon,eyes.void,interface.forensic_plate,implant.antenna,mantle.archive_coat,background.service_tunnel,signal.carrier_echo,corruption.intact
2897,feasibility_only_not_final_art,entity.hollow,access.system,architecture.suspended_core,material.ceramic,eyes.void,interface.none,implant.root_port,mantle.archive_coat,background.relay_well,signal.intermittent,corruption.packet_ghosting
2898,feasibility_only_not_final_art,entity.synthetic,access.user,architecture.sealed,material.carbon,eyes.void,interface.respirator,implant.spinal_bus,mantle.archive_coat,background.relay_well,signal.locked,corruption.intact
2899,feasibility_only_not_final_art,entity.specter,access.user,architecture.inset,material.phase_glass,eyes.signal_burn,interface.neural_veil,implant.none,mantle.unsupported_frame,background.evidence_void,signal.locked,corruption.intact
2900,feasibility_only_not_final_art,entity.human,access.admin,architecture.double_plane,material.biosynth,eyes.biometric,interface.none,implant.spinal_bus,mantle.archive_coat,background.service_tunnel,signal.intermittent,corruption.intact
2901,feasibility_only_not_final_art,entity.human,access.admin,architecture.double_plane,material.biosynth,eyes.biometric,interface.none,implant.none,mantle.cable_shroud,background.rack_shadow,signal.carrier_echo,corruption.scan_shear
2902,feasibility_only_not_final_art,entity.hollow,access.user,architecture.sealed,material.porcelain,eyes.void,interface.none,implant.none,mantle.cable_shroud,background.cold_storage,signal.carrier_echo,corruption.intact
2903,feasibility_only_not_final_art,entity.human,access.root,architecture.severed_halo,material.porcelain,eyes.fractured,interface.none,implant.signal_crown,mantle.cable_shroud,background.cold_storage,signal.locked,corruption.intact
2904,feasibility_only_not_final_art,entity.human,access.admin,architecture.double_plane,material.ceramic,eyes.fractured,interface.none,implant.none,mantle.ceramic_mantle,background.rack_shadow,signal.locked,corruption.intact
2905,feasibility_only_not_final_art,entity.human,access.user,architecture.inset,material.porcelain,eyes.thermal,interface.respirator,implant.spinal_bus,mantle.cable_shroud,background.cold_storage,signal.locked,corruption.intact
2906,feasibility_only_not_final_art,entity.specter,access.user,architecture.sealed,material.carbon,eyes.signal_burn,interface.forensic_plate,implant.spinal_bus,mantle.unsupported_frame,background.evidence_void,signal.locked,corruption.packet_ghosting
2907,feasibility_only_not_final_art,entity.specter,access.user,architecture.sealed,material.reconstructed,eyes.fractured,interface.none,implant.none,mantle.archive_coat,background.evidence_void,signal.intermittent,corruption.intact
2908,feasibility_only_not_final_art,entity.human,access.admin,architecture.inset,material.porcelain,eyes.thermal,interface.none,implant.none,mantle.archive_coat,background.cold_storage,signal.carrier_echo,corruption.intact
2909,feasibility_only_not_final_art,entity.human,access.user,architecture.sealed,material.ceramic,eyes.void,interface.none,implant.spinal_bus,mantle.ceramic_mantle,background.evidence_void,signal.carrier_echo,corruption.scan_shear
2910,feasibility_only_not_final_art,entity.synthetic,access.user,architecture.sealed,material.biosynth,eyes.fractured,interface.forensic_plate,implant.none,mantle.cable_shroud,background.cold_storage,signal.locked,corruption.intact
2911,feasibility_only_not_final_art,entity.human,access.user,architecture.sealed,material.ceramic,eyes.biometric,interface.none,implant.antenna,mantle.archive_coat,background.cold_storage,signal.locked,corruption.intact
2912,feasibility_only_not_final_art,entity.synthetic,access.user,architecture.sealed,material.biosynth,eyes.biometric,interface.respirator,implant.neural_cable,mantle.archive_coat,background.cold_storage,signal.carrier_echo,corruption.packet_ghosting
2913,feasibility_only_not_final_art,entity.synthetic,access.user,architecture.sealed,material.carbon,eyes.fractured,interface.forensic_plate,implant.none,mantle.archive_coat,background.cold_storage,signal.locked,corruption.intact
2914,feasibility_only_not_final_art,entity.synthetic,access.admin,architecture.double_plane,material.carbon,eyes.biometric,interface.none,implant.memory_spindle,mantle.archive_coat,background.relay_well,signal.carrier_echo,corruption.intact
2915,feasibility_only_not_final_art,entity.human,access.user,architecture.sealed,material.porcelain,eyes.fractured,interface.none,implant.spinal_bus,mantle.field_collar,background.evidence_void,signal.locked,corruption.intact
2916,feasibility_only_not_final_art,entity.synthetic,access.user,architecture.sealed,material.biosynth,eyes.void,interface.null_mask,implant.antenna,mantle.ceramic_mantle,background.cold_storage,signal.carrier_echo,corruption.intact
2917,feasibility_only_not_final_art,entity.human,access.user,architecture.sealed,material.carbon,eyes.fractured,interface.none,implant.neural_cable,mantle.cable_shroud,background.relay_well,signal.intermittent,corruption.intact
2918,feasibility_only_not_final_art,entity.human,access.user,architecture.sealed,material.carbon,eyes.void,interface.forensic_plate,implant.none,mantle.ceramic_mantle,background.service_tunnel,signal.intermittent,corruption.intact
2919,feasibility_only_not_final_art,entity.synthetic,access.user,architecture.sealed,material.porcelain,eyes.biometric,interface.none,implant.antenna,mantle.archive_coat,background.relay_well,signal.locked,corruption.intact
2920,feasibility_only_not_final_art,entity.hollow,access.user,architecture.sealed,material.carbon,eyes.optical_array,interface.forensic_plate,implant.neural_cable,mantle.field_collar,background.rack_shadow,signal.silent,corruption.intact
2921,feasibility_only_not_final_art,entity.synthetic,access.user,architecture.sealed,material.reconstructed,eyes.fractured,interface.forensic_plate,implant.neural_cable,mantle.field_collar,background.anechoic_room,signal.intermittent,corruption.packet_ghosting
2922,feasibility_only_not_final_art,entity.synthetic,access.user,architecture.inset,material.biosynth,eyes.biometric,interface.none,implant.antenna,mantle.archive_coat,background.evidence_void,signal.locked,corruption.packet_ghosting
2923,feasibility_only_not_final_art,entity.human,access.user,architecture.inset,material.biosynth,eyes.thermal,interface.none,implant.none,mantle.split_shell,background.service_tunnel,signal.intermittent,corruption.intact
2924,feasibility_only_not_final_art,entity.human,access.user,architecture.sealed,material.carbon,eyes.thermal,interface.none,implant.neural_cable,mantle.cable_shroud,background.anechoic_room,signal.locked,corruption.intact
2925,feasibility_only_not_final_art,entity.human,access.admin,architecture.double_plane,material.carbon,eyes.biometric,interface.forensic_plate,implant.spinal_bus,mantle.ceramic_mantle,background.evidence_void,signal.intermittent,corruption.intact
2926,feasibility_only_not_final_art,entity.synthetic,access.user,architecture.sealed,material.carbon,eyes.thermal,interface.neural_veil,implant.spinal_bus,mantle.field_collar,background.evidence_void,signal.silent,corruption.intact
2927,feasibility_only_not_final_art,entity.synthetic,access.user,architecture.sealed,material.porcelain,eyes.biometric,interface.none,implant.antenna,mantle.archive_coat,background.rack_shadow,signal.locked,corruption.packet_ghosting
2928,feasibility_only_not_final_art,entity.human,access.user,architecture.sealed,material.biosynth,eyes.biometric,interface.respirator,implant.spinal_bus,mantle.field_collar,background.cold_storage,signal.intermittent,corruption.scan_shear
2929,feasibility_only_not_final_art,entity.hollow,access.user,architecture.sealed,material.porcelain,eyes.optical_array,interface.none,implant.spinal_bus,mantle.field_collar,background.rack_shadow,signal.locked,corruption.intact
2930,feasibility_only_not_final_art,entity.synthetic,access.user,architecture.sealed,material.porcelain,eyes.fractured,interface.none,implant.spinal_bus,mantle.cable_shroud,background.evidence_void,signal.locked,corruption.checksum_burn
2931,feasibility_only_not_final_art,entity.synthetic,access.user,architecture.sealed,material.reconstructed,eyes.biometric,interface.none,implant.neural_cable,mantle.archive_coat,background.evidence_void,signal.carrier_echo,corruption.scan_shear
2932,feasibility_only_not_final_art,entity.synthetic,access.user,architecture.sealed,material.porcelain,eyes.biometric,interface.none,implant.none,mantle.ceramic_mantle,background.service_tunnel,signal.locked,corruption.packet_ghosting
2933,feasibility_only_not_final_art,entity.human,access.user,architecture.sealed,material.biosynth,eyes.biometric,interface.none,implant.spinal_bus,mantle.ceramic_mantle,background.evidence_void,signal.silent,corruption.checksum_burn
2934,feasibility_only_not_final_art,entity.synthetic,access.admin,architecture.double_plane,material.porcelain,eyes.fractured,interface.forensic_plate,implant.antenna,mantle.cable_shroud,background.cold_storage,signal.locked,corruption.intact
2935,feasibility_only_not_final_art,entity.human,access.admin,architecture.double_plane,material.reconstructed,eyes.fractured,interface.forensic_plate,implant.spinal_bus,mantle.cable_shroud,background.rack_shadow,signal.locked,corruption.intact
2936,feasibility_only_not_final_art,entity.human,access.user,architecture.sealed,material.biosynth,eyes.thermal,interface.null_mask,implant.neural_cable,mantle.archive_coat,background.evidence_void,signal.locked,corruption.scan_shear
2937,feasibility_only_not_final_art,entity.hollow,access.user,architecture.sealed,material.carbon,eyes.fractured,interface.neural_veil,implant.neural_cable,mantle.archive_coat,background.rack_shadow,signal.locked,corruption.intact
2938,feasibility_only_not_final_art,entity.synthetic,access.system,architecture.suspended_core,material.biosynth,eyes.fractured,interface.null_mask,implant.root_port,mantle.archive_coat,background.evidence_void,signal.carrier_echo,corruption.checksum_burn
2939,feasibility_only_not_final_art,entity.synthetic,access.user,architecture.inset,material.biosynth,eyes.biometric,interface.none,implant.none,mantle.field_collar,background.evidence_void,signal.locked,corruption.intact
2940,feasibility_only_not_final_art,entity.human,access.user,architecture.inset,material.porcelain,eyes.biometric,interface.forensic_plate,implant.neural_cable,mantle.ceramic_mantle,background.rack_shadow,signal.intermittent,corruption.intact
2941,feasibility_only_not_final_art,entity.hollow,access.user,architecture.sealed,material.carbon,eyes.fractured,interface.forensic_plate,implant.neural_cable,mantle.archive_coat,background.service_tunnel,signal.intermittent,corruption.intact
2942,feasibility_only_not_final_art,entity.synthetic,access.user,architecture.inset,material.porcelain,eyes.optical_array,interface.respirator,implant.neural_cable,mantle.ceramic_mantle,background.anechoic_room,signal.carrier_echo,corruption.intact
2943,feasibility_only_not_final_art,entity.synthetic,access.user,architecture.sealed,material.porcelain,eyes.thermal,interface.respirator,implant.neural_cable,mantle.archive_coat,background.cold_storage,signal.locked,corruption.scan_shear
2944,feasibility_only_not_final_art,entity.hollow,access.user,architecture.sealed,material.carbon,eyes.fractured,interface.forensic_plate,implant.neural_cable,mantle.cable_shroud,background.cold_storage,signal.intermittent,corruption.intact
2945,feasibility_only_not_final_art,entity.hollow,access.user,architecture.sealed,material.carbon,eyes.void,interface.null_mask,implant.none,mantle.archive_coat,background.service_tunnel,signal.intermittent,corruption.scan_shear
2946,feasibility_only_not_final_art,entity.human,access.admin,architecture.inset,material.biosynth,eyes.biometric,interface.respirator,implant.spinal_bus,mantle.archive_coat,background.service_tunnel,signal.carrier_echo,corruption.intact
2947,feasibility_only_not_final_art,entity.human,access.admin,architecture.inset,material.biosynth,eyes.fractured,interface.respirator,implant.spinal_bus,mantle.ceramic_mantle,background.cold_storage,signal.locked,corruption.intact
2948,feasibility_only_not_final_art,entity.human,access.user,architecture.sealed,material.carbon,eyes.biometric,interface.forensic_plate,implant.antenna,mantle.field_collar,background.rack_shadow,signal.intermittent,corruption.intact
2949,feasibility_only_not_final_art,entity.human,access.user,architecture.inset,material.carbon,eyes.biometric,interface.none,implant.antenna,mantle.archive_coat,background.cold_storage,signal.intermittent,corruption.intact
2950,feasibility_only_not_final_art,entity.synthetic,access.user,architecture.inset,material.biosynth,eyes.biometric,interface.none,implant.antenna,mantle.field_collar,background.relay_well,signal.locked,corruption.intact
2951,feasibility_only_not_final_art,entity.synthetic,access.user,architecture.sealed,material.carbon,eyes.biometric,interface.neural_veil,implant.neural_cable,mantle.archive_coat,background.service_tunnel,signal.carrier_echo,corruption.intact
2952,feasibility_only_not_final_art,entity.human,access.user,architecture.sealed,material.biosynth,eyes.void,interface.forensic_plate,implant.neural_cable,mantle.ceramic_mantle,background.evidence_void,signal.locked,corruption.intact
2953,feasibility_only_not_final_art,entity.synthetic,access.system,architecture.suspended_core,material.biosynth,eyes.thermal,interface.respirator,implant.root_port,mantle.archive_coat,background.cold_storage,signal.locked,corruption.intact
2954,feasibility_only_not_final_art,entity.synthetic,access.user,architecture.sealed,material.biosynth,eyes.void,interface.forensic_plate,implant.neural_cable,mantle.cable_shroud,background.service_tunnel,signal.locked,corruption.intact
2955,feasibility_only_not_final_art,entity.human,access.user,architecture.sealed,material.porcelain,eyes.biometric,interface.forensic_plate,implant.antenna,mantle.ceramic_mantle,background.rack_shadow,signal.locked,corruption.packet_ghosting
2956,feasibility_only_not_final_art,entity.synthetic,access.user,architecture.sealed,material.carbon,eyes.fractured,interface.none,implant.antenna,mantle.ceramic_mantle,background.rack_shadow,signal.locked,corruption.intact
2957,feasibility_only_not_final_art,entity.synthetic,access.user,architecture.inset,material.porcelain,eyes.thermal,interface.respirator,implant.antenna,mantle.ceramic_mantle,background.anechoic_room,signal.carrier_echo,corruption.packet_ghosting
2958,feasibility_only_not_final_art,entity.human,access.user,architecture.sealed,material.carbon,eyes.fractured,interface.forensic_plate,implant.none,mantle.ceramic_mantle,background.cold_storage,signal.carrier_echo,corruption.intact
2959,feasibility_only_not_final_art,entity.synthetic,access.user,architecture.sealed,material.porcelain,eyes.thermal,interface.forensic_plate,implant.antenna,mantle.split_shell,background.rack_shadow,signal.intermittent,corruption.intact
2960,feasibility_only_not_final_art,entity.hollow,access.user,architecture.sealed,material.carbon,eyes.fractured,interface.skeletal_interface,implant.none,mantle.split_shell,background.evidence_void,signal.intermittent,corruption.intact
2961,feasibility_only_not_final_art,entity.human,access.admin,architecture.inset,material.carbon,eyes.thermal,interface.none,implant.spinal_bus,mantle.ceramic_mantle,background.evidence_void,signal.intermittent,corruption.checksum_burn
2962,feasibility_only_not_final_art,entity.hollow,access.user,architecture.sealed,material.porcelain,eyes.fractured,interface.null_mask,implant.none,mantle.archive_coat,background.cold_storage,signal.intermittent,corruption.checksum_burn
2963,feasibility_only_not_final_art,entity.specter,access.user,architecture.sealed,material.phase_glass,eyes.void,interface.null_mask,implant.none,mantle.unsupported_frame,background.evidence_void,signal.locked,corruption.packet_ghosting
2964,feasibility_only_not_final_art,entity.hollow,access.user,architecture.sealed,material.ceramic,eyes.fractured,interface.neural_veil,implant.neural_cable,mantle.ceramic_mantle,background.relay_well,signal.silent,corruption.intact
2965,feasibility_only_not_final_art,entity.human,access.admin,architecture.double_plane,material.carbon,eyes.thermal,interface.forensic_plate,implant.none,mantle.archive_coat,background.evidence_void,signal.intermittent,corruption.intact
2966,feasibility_only_not_final_art,entity.hollow,access.user,architecture.inset,material.carbon,eyes.fractured,interface.none,implant.none,mantle.cable_shroud,background.service_tunnel,signal.intermittent,corruption.intact
2967,feasibility_only_not_final_art,entity.synthetic,access.user,architecture.sealed,material.porcelain,eyes.fractured,interface.null_mask,implant.neural_cable,mantle.field_collar,background.relay_well,signal.intermittent,corruption.intact
2968,feasibility_only_not_final_art,entity.synthetic,access.user,architecture.inset,material.carbon,eyes.thermal,interface.forensic_plate,implant.spinal_bus,mantle.ceramic_mantle,background.rack_shadow,signal.locked,corruption.packet_ghosting
2969,feasibility_only_not_final_art,entity.human,access.admin,architecture.double_plane,material.carbon,eyes.biometric,interface.respirator,implant.antenna,mantle.archive_coat,background.evidence_void,signal.intermittent,corruption.intact
2970,feasibility_only_not_final_art,entity.human,access.system,architecture.suspended_core,material.ceramic,eyes.biometric,interface.respirator,implant.root_port,mantle.cable_shroud,background.evidence_void,signal.intermittent,corruption.intact
2971,feasibility_only_not_final_art,entity.hollow,access.user,architecture.inset,material.ceramic,eyes.fractured,interface.forensic_plate,implant.none,mantle.ceramic_mantle,background.rack_shadow,signal.locked,corruption.checksum_burn
2972,feasibility_only_not_final_art,entity.synthetic,access.user,architecture.sealed,material.reconstructed,eyes.thermal,interface.none,implant.neural_cable,mantle.field_collar,background.cold_storage,signal.locked,corruption.intact
2973,feasibility_only_not_final_art,entity.synthetic,access.user,architecture.sealed,material.ceramic,eyes.biometric,interface.forensic_plate,implant.spinal_bus,mantle.cable_shroud,background.cold_storage,signal.locked,corruption.intact
2974,feasibility_only_not_final_art,entity.synthetic,access.user,architecture.sealed,material.porcelain,eyes.biometric,interface.respirator,implant.none,mantle.archive_coat,background.cold_storage,signal.intermittent,corruption.intact
2975,feasibility_only_not_final_art,entity.synthetic,access.user,architecture.sealed,material.carbon,eyes.thermal,interface.none,implant.none,mantle.ceramic_mantle,background.evidence_void,signal.intermittent,corruption.scan_shear
2976,feasibility_only_not_final_art,entity.human,access.user,architecture.sealed,material.biosynth,eyes.thermal,interface.null_mask,implant.neural_cable,mantle.archive_coat,background.anechoic_room,signal.locked,corruption.intact
2977,feasibility_only_not_final_art,entity.synthetic,access.admin,architecture.double_plane,material.carbon,eyes.void,interface.forensic_plate,implant.none,mantle.archive_coat,background.rack_shadow,signal.intermittent,corruption.intact
2978,feasibility_only_not_final_art,entity.human,access.user,architecture.inset,material.biosynth,eyes.biometric,interface.respirator,implant.none,mantle.ceramic_mantle,background.evidence_void,signal.carrier_echo,corruption.intact
2979,feasibility_only_not_final_art,entity.human,access.user,architecture.sealed,material.biosynth,eyes.biometric,interface.respirator,implant.none,mantle.ceramic_mantle,background.evidence_void,signal.intermittent,corruption.scan_shear
2980,feasibility_only_not_final_art,entity.specter,access.admin,architecture.inset,material.reconstructed,eyes.void,interface.forensic_plate,implant.none,mantle.archive_coat,background.cold_storage,signal.locked,corruption.scan_shear
2981,feasibility_only_not_final_art,entity.synthetic,access.user,architecture.sealed,material.porcelain,eyes.biometric,interface.neural_veil,implant.none,mantle.ceramic_mantle,background.relay_well,signal.carrier_echo,corruption.scan_shear
2982,feasibility_only_not_final_art,entity.human,access.user,architecture.sealed,material.biosynth,eyes.biometric,interface.forensic_plate,implant.spinal_bus,mantle.cable_shroud,background.evidence_void,signal.locked,corruption.intact
2983,feasibility_only_not_final_art,entity.human,access.user,architecture.inset,material.ceramic,eyes.biometric,interface.respirator,implant.none,mantle.archive_coat,background.evidence_void,signal.silent,corruption.intact
2984,feasibility_only_not_final_art,entity.hollow,access.user,architecture.sealed,material.ceramic,eyes.fractured,interface.forensic_plate,implant.none,mantle.cable_shroud,background.evidence_void,signal.intermittent,corruption.intact
2985,feasibility_only_not_final_art,entity.hollow,access.user,architecture.sealed,material.carbon,eyes.void,interface.neural_veil,implant.none,mantle.archive_coat,background.rack_shadow,signal.carrier_echo,corruption.intact
2986,feasibility_only_not_final_art,entity.hollow,access.user,architecture.sealed,material.ceramic,eyes.void,interface.forensic_plate,implant.spinal_bus,mantle.archive_coat,background.uplink_black,signal.intermittent,corruption.memory_bleed
2987,feasibility_only_not_final_art,entity.synthetic,access.user,architecture.sealed,material.biosynth,eyes.fractured,interface.forensic_plate,implant.neural_cable,mantle.archive_coat,background.evidence_void,signal.unclocked,corruption.intact
2988,feasibility_only_not_final_art,entity.synthetic,access.user,architecture.sealed,material.carbon,eyes.fractured,interface.respirator,implant.neural_cable,mantle.cable_shroud,background.relay_well,signal.carrier_echo,corruption.intact
2989,feasibility_only_not_final_art,entity.synthetic,access.user,architecture.sealed,material.carbon,eyes.biometric,interface.none,implant.none,mantle.cable_shroud,background.service_tunnel,signal.locked,corruption.checksum_burn
2990,feasibility_only_not_final_art,entity.synthetic,access.admin,architecture.inset,material.biosynth,eyes.fractured,interface.forensic_plate,implant.spinal_bus,mantle.field_collar,background.evidence_void,signal.locked,corruption.intact
2991,feasibility_only_not_final_art,entity.hollow,access.user,architecture.inset,material.carbon,eyes.void,interface.none,implant.neural_cable,mantle.split_shell,background.evidence_void,signal.carrier_echo,corruption.scan_shear
2992,feasibility_only_not_final_art,entity.synthetic,access.admin,architecture.double_plane,material.carbon,eyes.void,interface.respirator,implant.none,mantle.archive_coat,background.evidence_void,signal.locked,corruption.intact
2993,feasibility_only_not_final_art,entity.human,access.admin,architecture.inset,material.biosynth,eyes.fractured,interface.none,implant.spinal_bus,mantle.cable_shroud,background.relay_well,signal.locked,corruption.checksum_burn
2994,feasibility_only_not_final_art,entity.specter,access.admin,architecture.double_plane,material.phase_glass,eyes.fractured,interface.none,implant.spinal_bus,mantle.unsupported_frame,background.rack_shadow,signal.locked,corruption.intact
2995,feasibility_only_not_final_art,entity.hollow,access.user,architecture.inset,material.porcelain,eyes.fractured,interface.null_mask,implant.none,mantle.archive_coat,background.rack_shadow,signal.locked,corruption.checksum_burn
2996,feasibility_only_not_final_art,entity.human,access.user,architecture.inset,material.ceramic,eyes.biometric,interface.respirator,implant.neural_cable,mantle.ceramic_mantle,background.cold_storage,signal.intermittent,corruption.intact
2997,feasibility_only_not_final_art,entity.human,access.user,architecture.sealed,material.reconstructed,eyes.thermal,interface.forensic_plate,implant.none,mantle.ceramic_mantle,background.evidence_void,signal.intermittent,corruption.intact
2998,feasibility_only_not_final_art,entity.human,access.user,architecture.sealed,material.biosynth,eyes.biometric,interface.none,implant.antenna,mantle.field_collar,background.rack_shadow,signal.carrier_echo,corruption.packet_ghosting
2999,feasibility_only_not_final_art,entity.human,access.user,architecture.sealed,material.carbon,eyes.thermal,interface.none,implant.antenna,mantle.ceramic_mantle,background.service_tunnel,signal.locked,corruption.intact
3000,feasibility_only_not_final_art,entity.synthetic,access.user,architecture.sealed,material.biosynth,eyes.thermal,interface.forensic_plate,implant.neural_cable,mantle.cable_shroud,background.evidence_void,signal.locked,corruption.intact
3001,feasibility_only_not_final_art,entity.synthetic,access.user,architecture.sealed,material.carbon,eyes.thermal,interface.neural_veil,implant.neural_cable,mantle.ceramic_mantle,background.service_tunnel,signal.carrier_echo,corruption.intact
3002,feasibility_only_not_final_art,entity.synthetic,access.admin,architecture.inset,material.biosynth,eyes.thermal,interface.none,implant.none,mantle.ceramic_mantle,background.service_tunnel,signal.locked,corruption.scan_shear
3003,feasibility_only_not_final_art,entity.human,access.root,architecture.severed_halo,material.biosynth,eyes.biometric,interface.none,implant.signal_crown,mantle.cable_shroud,background.rack_shadow,signal.locked,corruption.scan_shear
3004,feasibility_only_not_final_art,entity.hollow,access.user,architecture.sealed,material.ceramic,eyes.fractured,interface.forensic_plate,implant.spinal_bus,mantle.archive_coat,background.relay_well,signal.intermittent,corruption.checksum_burn
3005,feasibility_only_not_final_art,entity.synthetic,access.user,architecture.sealed,material.ceramic,eyes.biometric,interface.neural_veil,implant.none,mantle.split_shell,background.evidence_void,signal.intermittent,corruption.memory_bleed
3006,feasibility_only_not_final_art,entity.human,access.admin,architecture.inset,material.ceramic,eyes.thermal,interface.forensic_plate,implant.neural_cable,mantle.archive_coat,background.service_tunnel,signal.intermittent,corruption.intact
3007,feasibility_only_not_final_art,entity.human,access.user,architecture.inset,material.carbon,eyes.fractured,interface.respirator,implant.none,mantle.archive_coat,background.relay_well,signal.carrier_echo,corruption.packet_ghosting
3008,feasibility_only_not_final_art,entity.human,access.user,architecture.inset,material.biosynth,eyes.biometric,interface.null_mask,implant.neural_cable,mantle.ceramic_mantle,background.relay_well,signal.locked,corruption.checksum_burn
3009,feasibility_only_not_final_art,entity.hollow,access.admin,architecture.double_plane,material.ceramic,eyes.void,interface.forensic_plate,implant.antenna,mantle.archive_coat,background.uplink_black,signal.intermittent,corruption.scan_shear
3010,feasibility_only_not_final_art,entity.synthetic,access.user,architecture.sealed,material.biosynth,eyes.void,interface.neural_veil,implant.antenna,mantle.ceramic_mantle,background.cold_storage,signal.carrier_echo,corruption.intact
3011,feasibility_only_not_final_art,entity.synthetic,access.system,architecture.suspended_core,material.carbon,eyes.void,interface.none,implant.root_port,mantle.ceramic_mantle,background.cold_storage,signal.carrier_echo,corruption.intact
3012,feasibility_only_not_final_art,entity.synthetic,access.user,architecture.inset,material.porcelain,eyes.biometric,interface.none,implant.none,mantle.ceramic_mantle,background.evidence_void,signal.carrier_echo,corruption.checksum_burn
3013,feasibility_only_not_final_art,entity.synthetic,access.user,architecture.inset,material.biosynth,eyes.void,interface.none,implant.neural_cable,mantle.ceramic_mantle,background.relay_well,signal.unclocked,corruption.intact
3014,feasibility_only_not_final_art,entity.hollow,access.admin,architecture.inset,material.porcelain,eyes.void,interface.none,implant.none,mantle.field_collar,background.evidence_void,signal.intermittent,corruption.absence
3015,feasibility_only_not_final_art,entity.human,access.user,architecture.sealed,material.ceramic,eyes.void,interface.respirator,implant.antenna,mantle.archive_coat,background.service_tunnel,signal.locked,corruption.checksum_burn
3016,feasibility_only_not_final_art,entity.hollow,access.user,architecture.sealed,material.porcelain,eyes.fractured,interface.forensic_plate,implant.none,mantle.ceramic_mantle,background.rack_shadow,signal.locked,corruption.intact
3017,feasibility_only_not_final_art,entity.human,access.user,architecture.sealed,material.biosynth,eyes.fractured,interface.forensic_plate,implant.none,mantle.ceramic_mantle,background.service_tunnel,signal.carrier_echo,corruption.intact
3018,feasibility_only_not_final_art,entity.human,access.admin,architecture.inset,material.biosynth,eyes.biometric,interface.respirator,implant.neural_cable,mantle.archive_coat,background.evidence_void,signal.locked,corruption.scan_shear
3019,feasibility_only_not_final_art,entity.synthetic,access.user,architecture.sealed,material.biosynth,eyes.biometric,interface.none,implant.spinal_bus,mantle.archive_coat,background.cold_storage,signal.intermittent,corruption.intact
3020,feasibility_only_not_final_art,entity.human,access.user,architecture.sealed,material.porcelain,eyes.thermal,interface.respirator,implant.antenna,mantle.cable_shroud,background.cold_storage,signal.intermittent,corruption.intact
3021,feasibility_only_not_final_art,entity.synthetic,access.user,architecture.sealed,material.biosynth,eyes.biometric,interface.none,implant.neural_cable,mantle.cable_shroud,background.anechoic_room,signal.intermittent,corruption.scan_shear
3022,feasibility_only_not_final_art,entity.human,access.user,architecture.sealed,material.biosynth,eyes.biometric,interface.none,implant.none,mantle.archive_coat,background.rack_shadow,signal.locked,corruption.intact
3023,feasibility_only_not_final_art,entity.human,access.user,architecture.sealed,material.porcelain,eyes.void,interface.respirator,implant.antenna,mantle.ceramic_mantle,background.service_tunnel,signal.intermittent,corruption.checksum_burn
3024,feasibility_only_not_final_art,entity.human,access.user,architecture.sealed,material.carbon,eyes.biometric,interface.forensic_plate,implant.antenna,mantle.split_shell,background.rack_shadow,signal.intermittent,corruption.checksum_burn
3025,feasibility_only_not_final_art,entity.synthetic,access.admin,architecture.inset,material.ceramic,eyes.void,interface.none,implant.antenna,mantle.ceramic_mantle,background.cold_storage,signal.intermittent,corruption.scan_shear
3026,feasibility_only_not_final_art,entity.human,access.user,architecture.sealed,material.ceramic,eyes.biometric,interface.respirator,implant.none,mantle.cable_shroud,background.service_tunnel,signal.locked,corruption.intact
3027,feasibility_only_not_final_art,entity.synthetic,access.admin,architecture.inset,material.porcelain,eyes.biometric,interface.none,implant.none,mantle.ceramic_mantle,background.relay_well,signal.carrier_echo,corruption.intact
3028,feasibility_only_not_final_art,entity.hollow,access.user,architecture.sealed,material.porcelain,eyes.void,interface.forensic_plate,implant.spinal_bus,mantle.cable_shroud,background.service_tunnel,signal.locked,corruption.checksum_burn
3029,feasibility_only_not_final_art,entity.specter,access.user,architecture.sealed,material.reconstructed,eyes.void,interface.neural_veil,implant.antenna,mantle.ceramic_mantle,background.evidence_void,signal.locked,corruption.intact
3030,feasibility_only_not_final_art,entity.hollow,access.user,architecture.sealed,material.carbon,eyes.void,interface.forensic_plate,implant.neural_cable,mantle.cable_shroud,background.relay_well,signal.carrier_echo,corruption.intact
3031,feasibility_only_not_final_art,entity.hollow,access.user,architecture.sealed,material.ceramic,eyes.void,interface.none,implant.spinal_bus,mantle.cable_shroud,background.cold_storage,signal.locked,corruption.intact
3032,feasibility_only_not_final_art,entity.human,access.admin,architecture.double_plane,material.biosynth,eyes.biometric,interface.respirator,implant.neural_cable,mantle.ceramic_mantle,background.evidence_void,signal.intermittent,corruption.intact
3033,feasibility_only_not_final_art,entity.human,access.admin,architecture.inset,material.reconstructed,eyes.biometric,interface.none,implant.none,mantle.archive_coat,background.evidence_void,signal.intermittent,corruption.intact
3034,feasibility_only_not_final_art,entity.synthetic,access.user,architecture.sealed,material.reconstructed,eyes.void,interface.neural_veil,implant.antenna,mantle.ceramic_mantle,background.service_tunnel,signal.intermittent,corruption.scan_shear
3035,feasibility_only_not_final_art,entity.synthetic,access.system,architecture.suspended_core,material.porcelain,eyes.thermal,interface.respirator,implant.root_port,mantle.ceramic_mantle,background.cold_storage,signal.intermittent,corruption.intact
3036,feasibility_only_not_final_art,entity.hollow,access.admin,architecture.double_plane,material.porcelain,eyes.void,interface.forensic_plate,implant.neural_cable,mantle.ceramic_mantle,background.anechoic_room,signal.carrier_echo,corruption.intact
3037,feasibility_only_not_final_art,entity.synthetic,access.user,architecture.inset,material.ceramic,eyes.biometric,interface.forensic_plate,implant.none,mantle.archive_coat,background.rack_shadow,signal.locked,corruption.intact
3038,feasibility_only_not_final_art,entity.synthetic,access.user,architecture.sealed,material.porcelain,eyes.fractured,interface.none,implant.neural_cable,mantle.field_collar,background.relay_well,signal.locked,corruption.intact
3039,feasibility_only_not_final_art,entity.human,access.system,architecture.suspended_core,material.porcelain,eyes.thermal,interface.forensic_plate,implant.root_port,mantle.archive_coat,background.rack_shadow,signal.intermittent,corruption.intact
3040,feasibility_only_not_final_art,entity.synthetic,access.user,architecture.sealed,material.porcelain,eyes.biometric,interface.none,implant.neural_cable,mantle.field_collar,background.evidence_void,signal.locked,corruption.checksum_burn
3041,feasibility_only_not_final_art,entity.hollow,access.system,architecture.suspended_core,material.ceramic,eyes.void,interface.forensic_plate,implant.root_port,mantle.archive_coat,background.evidence_void,signal.carrier_echo,corruption.checksum_burn
3042,feasibility_only_not_final_art,entity.synthetic,access.user,architecture.sealed,material.reconstructed,eyes.thermal,interface.forensic_plate,implant.spinal_bus,mantle.archive_coat,background.relay_well,signal.carrier_echo,corruption.scan_shear
3043,feasibility_only_not_final_art,entity.human,access.admin,architecture.double_plane,material.reconstructed,eyes.biometric,interface.none,implant.spinal_bus,mantle.ceramic_mantle,background.rack_shadow,signal.locked,corruption.scan_shear
3044,feasibility_only_not_final_art,entity.synthetic,access.user,architecture.sealed,material.biosynth,eyes.biometric,interface.forensic_plate,implant.none,mantle.archive_coat,background.cold_storage,signal.carrier_echo,corruption.intact
3045,feasibility_only_not_final_art,entity.human,access.user,architecture.sealed,material.biosynth,eyes.thermal,interface.forensic_plate,implant.none,mantle.ceramic_mantle,background.rack_shadow,signal.intermittent,corruption.scan_shear
3046,feasibility_only_not_final_art,entity.human,access.user,architecture.sealed,material.biosynth,eyes.thermal,interface.forensic_plate,implant.neural_cable,mantle.archive_coat,background.relay_well,signal.locked,corruption.intact
3047,feasibility_only_not_final_art,entity.hollow,access.user,architecture.sealed,material.porcelain,eyes.void,interface.forensic_plate,implant.none,mantle.archive_coat,background.cold_storage,signal.locked,corruption.scan_shear
3048,feasibility_only_not_final_art,entity.human,access.user,architecture.sealed,material.porcelain,eyes.biometric,interface.forensic_plate,implant.none,mantle.field_collar,background.rack_shadow,signal.carrier_echo,corruption.intact
3049,feasibility_only_not_final_art,entity.human,access.user,architecture.inset,material.porcelain,eyes.thermal,interface.respirator,implant.spinal_bus,mantle.cable_shroud,background.relay_well,signal.carrier_echo,corruption.intact
3050,feasibility_only_not_final_art,entity.human,access.user,architecture.sealed,material.carbon,eyes.biometric,interface.none,implant.spinal_bus,mantle.ceramic_mantle,background.rack_shadow,signal.locked,corruption.intact
3051,feasibility_only_not_final_art,entity.hollow,access.user,architecture.inset,material.carbon,eyes.void,interface.null_mask,implant.none,mantle.archive_coat,background.evidence_void,signal.carrier_echo,corruption.intact
3052,feasibility_only_not_final_art,entity.human,access.system,architecture.suspended_core,material.ceramic,eyes.fractured,interface.forensic_plate,implant.root_port,mantle.ceramic_mantle,background.relay_well,signal.carrier_echo,corruption.intact
3053,feasibility_only_not_final_art,entity.human,access.user,architecture.sealed,material.carbon,eyes.thermal,interface.none,implant.none,mantle.field_collar,background.evidence_void,signal.intermittent,corruption.checksum_burn
3054,feasibility_only_not_final_art,entity.human,access.system,architecture.suspended_core,material.carbon,eyes.void,interface.forensic_plate,implant.root_port,mantle.cable_shroud,background.service_tunnel,signal.silent,corruption.intact
3055,feasibility_only_not_final_art,entity.human,access.user,architecture.sealed,material.porcelain,eyes.thermal,interface.forensic_plate,implant.spinal_bus,mantle.archive_coat,background.cold_storage,signal.intermittent,corruption.packet_ghosting
3056,feasibility_only_not_final_art,entity.human,access.system,architecture.suspended_core,material.carbon,eyes.void,interface.forensic_plate,implant.root_port,mantle.cable_shroud,background.cold_storage,signal.locked,corruption.scan_shear
3057,feasibility_only_not_final_art,entity.human,access.user,architecture.inset,material.porcelain,eyes.biometric,interface.respirator,implant.spinal_bus,mantle.field_collar,background.evidence_void,signal.intermittent,corruption.scan_shear
3058,feasibility_only_not_final_art,entity.human,access.admin,architecture.double_plane,material.biosynth,eyes.thermal,interface.forensic_plate,implant.none,mantle.archive_coat,background.cold_storage,signal.locked,corruption.intact
3059,feasibility_only_not_final_art,entity.human,access.user,architecture.sealed,material.ceramic,eyes.biometric,interface.null_mask,implant.antenna,mantle.cable_shroud,background.evidence_void,signal.locked,corruption.checksum_burn
3060,feasibility_only_not_final_art,entity.human,access.user,architecture.sealed,material.biosynth,eyes.thermal,interface.none,implant.neural_cable,mantle.split_shell,background.relay_well,signal.locked,corruption.intact
3061,feasibility_only_not_final_art,entity.synthetic,access.user,architecture.sealed,material.biosynth,eyes.biometric,interface.none,implant.spinal_bus,mantle.archive_coat,background.service_tunnel,signal.intermittent,corruption.packet_ghosting
3062,feasibility_only_not_final_art,entity.synthetic,access.user,architecture.inset,material.biosynth,eyes.thermal,interface.neural_veil,implant.spinal_bus,mantle.cable_shroud,background.evidence_void,signal.locked,corruption.intact
3063,feasibility_only_not_final_art,entity.human,access.user,architecture.inset,material.carbon,eyes.biometric,interface.respirator,implant.neural_cable,mantle.archive_coat,background.rack_shadow,signal.carrier_echo,corruption.checksum_burn
3064,feasibility_only_not_final_art,entity.hollow,access.user,architecture.sealed,material.porcelain,eyes.void,interface.neural_veil,implant.spinal_bus,mantle.cable_shroud,background.evidence_void,signal.locked,corruption.checksum_burn
3065,feasibility_only_not_final_art,entity.human,access.admin,architecture.inset,material.carbon,eyes.biometric,interface.none,implant.neural_cable,mantle.field_collar,background.cold_storage,signal.intermittent,corruption.intact
3066,feasibility_only_not_final_art,entity.hollow,access.admin,architecture.inset,material.ceramic,eyes.optical_array,interface.forensic_plate,implant.memory_spindle,mantle.ceramic_mantle,background.service_tunnel,signal.intermittent,corruption.scan_shear
3067,feasibility_only_not_final_art,entity.synthetic,access.user,architecture.sealed,material.carbon,eyes.thermal,interface.forensic_plate,implant.none,mantle.archive_coat,background.cold_storage,signal.locked,corruption.intact
3068,feasibility_only_not_final_art,entity.synthetic,access.user,architecture.sealed,material.carbon,eyes.fractured,interface.none,implant.none,mantle.ceramic_mantle,background.rack_shadow,signal.locked,corruption.intact
3069,feasibility_only_not_final_art,entity.hollow,access.user,architecture.sealed,material.carbon,eyes.void,interface.forensic_plate,implant.none,mantle.cable_shroud,background.relay_well,signal.locked,corruption.packet_ghosting
3070,feasibility_only_not_final_art,entity.synthetic,access.user,architecture.sealed,material.porcelain,eyes.fractured,interface.none,implant.antenna,mantle.archive_coat,background.evidence_void,signal.intermittent,corruption.checksum_burn
3071,feasibility_only_not_final_art,entity.human,access.admin,architecture.double_plane,material.biosynth,eyes.biometric,interface.none,implant.neural_cable,mantle.split_shell,background.rack_shadow,signal.intermittent,corruption.scan_shear
3072,feasibility_only_not_final_art,entity.hollow,access.user,architecture.sealed,material.porcelain,eyes.void,interface.none,implant.none,mantle.archive_coat,background.evidence_void,signal.locked,corruption.intact
3073,feasibility_only_not_final_art,entity.synthetic,access.user,architecture.sealed,material.biosynth,eyes.thermal,interface.none,implant.neural_cable,mantle.ceramic_mantle,background.cold_storage,signal.locked,corruption.checksum_burn
3074,feasibility_only_not_final_art,entity.synthetic,access.admin,architecture.double_plane,material.carbon,eyes.thermal,interface.neural_veil,implant.none,mantle.archive_coat,background.cold_storage,signal.carrier_echo,corruption.memory_bleed
3075,feasibility_only_not_final_art,entity.synthetic,access.user,architecture.sealed,material.biosynth,eyes.void,interface.forensic_plate,implant.antenna,mantle.split_shell,background.cold_storage,signal.carrier_echo,corruption.checksum_burn
3076,feasibility_only_not_final_art,entity.hollow,access.user,architecture.sealed,material.porcelain,eyes.fractured,interface.forensic_plate,implant.spinal_bus,mantle.ceramic_mantle,background.cold_storage,signal.locked,corruption.intact
3077,feasibility_only_not_final_art,entity.synthetic,access.system,architecture.suspended_core,material.carbon,eyes.thermal,interface.none,implant.root_port,mantle.field_collar,background.anechoic_room,signal.carrier_echo,corruption.scan_shear
3078,feasibility_only_not_final_art,entity.human,access.admin,architecture.double_plane,material.biosynth,eyes.fractured,interface.none,implant.spinal_bus,mantle.archive_coat,background.relay_well,signal.carrier_echo,corruption.intact
3079,feasibility_only_not_final_art,entity.specter,access.admin,architecture.double_plane,material.phase_glass,eyes.void,interface.none,implant.none,mantle.field_collar,background.rack_shadow,signal.locked,corruption.intact
3080,feasibility_only_not_final_art,entity.synthetic,access.system,architecture.suspended_core,material.reconstructed,eyes.thermal,interface.forensic_plate,implant.root_port,mantle.ceramic_mantle,background.evidence_void,signal.intermittent,corruption.packet_ghosting
3081,feasibility_only_not_final_art,entity.synthetic,access.admin,architecture.double_plane,material.biosynth,eyes.void,interface.respirator,implant.spinal_bus,mantle.field_collar,background.cold_storage,signal.locked,corruption.intact
3082,feasibility_only_not_final_art,entity.specter,access.user,architecture.sealed,material.carbon,eyes.fractured,interface.none,implant.none,mantle.unsupported_frame,background.rack_shadow,signal.locked,corruption.absence
3083,feasibility_only_not_final_art,entity.human,access.user,architecture.inset,material.biosynth,eyes.biometric,interface.forensic_plate,implant.spinal_bus,mantle.archive_coat,background.evidence_void,signal.intermittent,corruption.scan_shear
3084,feasibility_only_not_final_art,entity.human,access.user,architecture.sealed,material.biosynth,eyes.biometric,interface.none,implant.spinal_bus,mantle.archive_coat,background.relay_well,signal.locked,corruption.scan_shear
3085,feasibility_only_not_final_art,entity.human,access.user,architecture.inset,material.carbon,eyes.void,interface.none,implant.neural_cable,mantle.archive_coat,background.evidence_void,signal.locked,corruption.intact
3086,feasibility_only_not_final_art,entity.human,access.system,architecture.suspended_core,material.carbon,eyes.thermal,interface.respirator,implant.root_port,mantle.ceramic_mantle,background.relay_well,signal.locked,corruption.intact
3087,feasibility_only_not_final_art,entity.synthetic,access.user,architecture.sealed,material.porcelain,eyes.thermal,interface.none,implant.none,mantle.cable_shroud,background.anechoic_room,signal.carrier_echo,corruption.intact
3088,feasibility_only_not_final_art,entity.human,access.user,architecture.sealed,material.carbon,eyes.thermal,interface.none,implant.spinal_bus,mantle.field_collar,background.rack_shadow,signal.locked,corruption.scan_shear
3089,feasibility_only_not_final_art,entity.hollow,access.user,architecture.sealed,material.carbon,eyes.optical_array,interface.none,implant.neural_cable,mantle.ceramic_mantle,background.cold_storage,signal.locked,corruption.intact
3090,feasibility_only_not_final_art,entity.human,access.admin,architecture.inset,material.carbon,eyes.biometric,interface.none,implant.none,mantle.cable_shroud,background.cold_storage,signal.intermittent,corruption.intact
3091,feasibility_only_not_final_art,entity.hollow,access.user,architecture.sealed,material.porcelain,eyes.void,interface.forensic_plate,implant.spinal_bus,mantle.archive_coat,background.evidence_void,signal.carrier_echo,corruption.scan_shear
3092,feasibility_only_not_final_art,entity.specter,access.user,architecture.sealed,material.phase_glass,eyes.fractured,interface.forensic_plate,implant.neural_cable,mantle.unsupported_frame,background.cold_storage,signal.locked,corruption.intact
3093,feasibility_only_not_final_art,entity.human,access.user,architecture.inset,material.biosynth,eyes.biometric,interface.respirator,implant.antenna,mantle.ceramic_mantle,background.service_tunnel,signal.locked,corruption.intact
3094,feasibility_only_not_final_art,entity.human,access.admin,architecture.inset,material.carbon,eyes.thermal,interface.respirator,implant.memory_spindle,mantle.field_collar,background.cold_storage,signal.silent,corruption.scan_shear
3095,feasibility_only_not_final_art,entity.synthetic,access.user,architecture.inset,material.biosynth,eyes.biometric,interface.forensic_plate,implant.none,mantle.archive_coat,background.relay_well,signal.locked,corruption.scan_shear
3096,feasibility_only_not_final_art,entity.synthetic,access.admin,architecture.inset,material.porcelain,eyes.biometric,interface.forensic_plate,implant.none,mantle.cable_shroud,background.evidence_void,signal.locked,corruption.checksum_burn
3097,feasibility_only_not_final_art,entity.synthetic,access.admin,architecture.double_plane,material.biosynth,eyes.void,interface.none,implant.none,mantle.archive_coat,background.rack_shadow,signal.locked,corruption.intact
3098,feasibility_only_not_final_art,entity.human,access.admin,architecture.inset,material.carbon,eyes.thermal,interface.none,implant.spinal_bus,mantle.ceramic_mantle,background.cold_storage,signal.locked,corruption.scan_shear
3099,feasibility_only_not_final_art,entity.specter,access.user,architecture.inset,material.reconstructed,eyes.signal_burn,interface.forensic_plate,implant.antenna,mantle.split_shell,background.rack_shadow,signal.intermittent,corruption.intact
3100,feasibility_only_not_final_art,entity.synthetic,access.user,architecture.inset,material.biosynth,eyes.thermal,interface.respirator,implant.spinal_bus,mantle.archive_coat,background.relay_well,signal.locked,corruption.intact
3101,feasibility_only_not_final_art,entity.synthetic,access.user,architecture.sealed,material.biosynth,eyes.thermal,interface.neural_veil,implant.neural_cable,mantle.ceramic_mantle,background.relay_well,signal.locked,corruption.intact
3102,feasibility_only_not_final_art,entity.synthetic,access.user,architecture.sealed,material.biosynth,eyes.optical_array,interface.none,implant.none,mantle.archive_coat,background.service_tunnel,signal.locked,corruption.scan_shear
3103,feasibility_only_not_final_art,entity.synthetic,access.root,architecture.severed_halo,material.biosynth,eyes.biometric,interface.neural_veil,implant.signal_crown,mantle.archive_coat,background.evidence_void,signal.locked,corruption.intact
3104,feasibility_only_not_final_art,entity.human,access.user,architecture.sealed,material.ceramic,eyes.void,interface.forensic_plate,implant.none,mantle.ceramic_mantle,background.rack_shadow,signal.locked,corruption.intact
3105,feasibility_only_not_final_art,entity.hollow,access.user,architecture.sealed,material.porcelain,eyes.void,interface.none,implant.none,mantle.archive_coat,background.evidence_void,signal.intermittent,corruption.intact
3106,feasibility_only_not_final_art,entity.human,access.user,architecture.sealed,material.porcelain,eyes.thermal,interface.forensic_plate,implant.none,mantle.archive_coat,background.anechoic_room,signal.locked,corruption.packet_ghosting
3107,feasibility_only_not_final_art,entity.human,access.system,architecture.suspended_core,material.reconstructed,eyes.biometric,interface.none,implant.root_port,mantle.archive_coat,background.cold_storage,signal.intermittent,corruption.memory_bleed
3108,feasibility_only_not_final_art,entity.synthetic,access.user,architecture.inset,material.reconstructed,eyes.biometric,interface.forensic_plate,implant.neural_cable,mantle.ceramic_mantle,background.relay_well,signal.locked,corruption.checksum_burn
3109,feasibility_only_not_final_art,entity.human,access.admin,architecture.inset,material.ceramic,eyes.biometric,interface.respirator,implant.memory_spindle,mantle.archive_coat,background.relay_well,signal.carrier_echo,corruption.intact
3110,feasibility_only_not_final_art,entity.human,access.admin,architecture.double_plane,material.reconstructed,eyes.biometric,interface.forensic_plate,implant.none,mantle.ceramic_mantle,background.evidence_void,signal.locked,corruption.intact
3111,feasibility_only_not_final_art,entity.synthetic,access.user,architecture.sealed,material.porcelain,eyes.thermal,interface.respirator,implant.none,mantle.cable_shroud,background.evidence_void,signal.intermittent,corruption.intact
3112,feasibility_only_not_final_art,entity.human,access.user,architecture.inset,material.biosynth,eyes.void,interface.none,implant.none,mantle.ceramic_mantle,background.evidence_void,signal.carrier_echo,corruption.scan_shear
3113,feasibility_only_not_final_art,entity.synthetic,access.user,architecture.sealed,material.biosynth,eyes.biometric,interface.respirator,implant.antenna,mantle.ceramic_mantle,background.service_tunnel,signal.locked,corruption.intact
3114,feasibility_only_not_final_art,entity.human,access.user,architecture.inset,material.carbon,eyes.fractured,interface.none,implant.neural_cable,mantle.archive_coat,background.cold_storage,signal.intermittent,corruption.intact
3115,feasibility_only_not_final_art,entity.hollow,access.system,architecture.suspended_core,material.porcelain,eyes.void,interface.null_mask,implant.root_port,mantle.ceramic_mantle,background.evidence_void,signal.carrier_echo,corruption.intact
3116,feasibility_only_not_final_art,entity.human,access.user,architecture.inset,material.biosynth,eyes.thermal,interface.respirator,implant.none,mantle.archive_coat,background.evidence_void,signal.carrier_echo,corruption.intact
3117,feasibility_only_not_final_art,entity.human,access.user,architecture.inset,material.biosynth,eyes.thermal,interface.none,implant.spinal_bus,mantle.archive_coat,background.cold_storage,signal.locked,corruption.scan_shear
3118,feasibility_only_not_final_art,entity.synthetic,access.user,architecture.sealed,material.carbon,eyes.thermal,interface.none,implant.spinal_bus,mantle.field_collar,background.rack_shadow,signal.locked,corruption.checksum_burn
3119,feasibility_only_not_final_art,entity.human,access.user,architecture.sealed,material.carbon,eyes.thermal,interface.respirator,implant.none,mantle.archive_coat,background.rack_shadow,signal.locked,corruption.intact
3120,feasibility_only_not_final_art,entity.synthetic,access.admin,architecture.inset,material.biosynth,eyes.optical_array,interface.none,implant.spinal_bus,mantle.field_collar,background.cold_storage,signal.locked,corruption.scan_shear
3121,feasibility_only_not_final_art,entity.synthetic,access.user,architecture.inset,material.biosynth,eyes.fractured,interface.respirator,implant.none,mantle.archive_coat,background.cold_storage,signal.locked,corruption.intact
3122,feasibility_only_not_final_art,entity.hollow,access.admin,architecture.double_plane,material.porcelain,eyes.optical_array,interface.neural_veil,implant.spinal_bus,mantle.ceramic_mantle,background.rack_shadow,signal.locked,corruption.intact
3123,feasibility_only_not_final_art,entity.synthetic,access.user,architecture.inset,material.ceramic,eyes.void,interface.none,implant.spinal_bus,mantle.cable_shroud,background.rack_shadow,signal.silent,corruption.intact
3124,feasibility_only_not_final_art,entity.hollow,access.user,architecture.sealed,material.porcelain,eyes.void,interface.forensic_plate,implant.none,mantle.cable_shroud,background.evidence_void,signal.locked,corruption.intact
3125,feasibility_only_not_final_art,entity.human,access.user,architecture.sealed,material.biosynth,eyes.biometric,interface.respirator,implant.spinal_bus,mantle.archive_coat,background.evidence_void,signal.intermittent,corruption.scan_shear
3126,feasibility_only_not_final_art,entity.synthetic,access.user,architecture.sealed,material.biosynth,eyes.optical_array,interface.respirator,implant.spinal_bus,mantle.field_collar,background.relay_well,signal.locked,corruption.intact
3127,feasibility_only_not_final_art,entity.synthetic,access.user,architecture.sealed,material.porcelain,eyes.optical_array,interface.neural_veil,implant.neural_cable,mantle.archive_coat,background.evidence_void,signal.carrier_echo,corruption.scan_shear
3128,feasibility_only_not_final_art,entity.human,access.user,architecture.inset,material.porcelain,eyes.thermal,interface.null_mask,implant.neural_cable,mantle.cable_shroud,background.evidence_void,signal.intermittent,corruption.intact
3129,feasibility_only_not_final_art,entity.human,access.admin,architecture.double_plane,material.carbon,eyes.thermal,interface.none,implant.memory_spindle,mantle.ceramic_mantle,background.relay_well,signal.intermittent,corruption.intact
3130,feasibility_only_not_final_art,entity.synthetic,access.user,architecture.inset,material.biosynth,eyes.void,interface.neural_veil,implant.none,mantle.ceramic_mantle,background.service_tunnel,signal.locked,corruption.intact
3131,feasibility_only_not_final_art,entity.human,access.user,architecture.inset,material.porcelain,eyes.biometric,interface.forensic_plate,implant.antenna,mantle.cable_shroud,background.rack_shadow,signal.intermittent,corruption.scan_shear
3132,feasibility_only_not_final_art,entity.human,access.user,architecture.sealed,material.biosynth,eyes.thermal,interface.respirator,implant.neural_cable,mantle.cable_shroud,background.cold_storage,signal.carrier_echo,corruption.intact
3133,feasibility_only_not_final_art,entity.hollow,access.user,architecture.inset,material.porcelain,eyes.optical_array,interface.forensic_plate,implant.none,mantle.archive_coat,background.evidence_void,signal.carrier_echo,corruption.intact
3134,feasibility_only_not_final_art,entity.synthetic,access.user,architecture.inset,material.ceramic,eyes.thermal,interface.neural_veil,implant.none,mantle.field_collar,background.rack_shadow,signal.carrier_echo,corruption.scan_shear
3135,feasibility_only_not_final_art,entity.human,access.admin,architecture.double_plane,material.biosynth,eyes.biometric,interface.forensic_plate,implant.neural_cable,mantle.archive_coat,background.service_tunnel,signal.intermittent,corruption.checksum_burn
3136,feasibility_only_not_final_art,entity.synthetic,access.user,architecture.sealed,material.porcelain,eyes.fractured,interface.forensic_plate,implant.neural_cable,mantle.ceramic_mantle,background.rack_shadow,signal.intermittent,corruption.checksum_burn
3137,feasibility_only_not_final_art,entity.hollow,access.user,architecture.sealed,material.ceramic,eyes.fractured,interface.neural_veil,implant.none,mantle.ceramic_mantle,background.cold_storage,signal.silent,corruption.intact
3138,feasibility_only_not_final_art,entity.human,access.user,architecture.sealed,material.biosynth,eyes.void,interface.forensic_plate,implant.none,mantle.archive_coat,background.rack_shadow,signal.carrier_echo,corruption.scan_shear
3139,feasibility_only_not_final_art,entity.human,access.admin,architecture.inset,material.ceramic,eyes.thermal,interface.forensic_plate,implant.memory_spindle,mantle.split_shell,background.relay_well,signal.carrier_echo,corruption.intact
3140,feasibility_only_not_final_art,entity.hollow,access.user,architecture.sealed,material.carbon,eyes.fractured,interface.null_mask,implant.none,mantle.ceramic_mantle,background.anechoic_room,signal.locked,corruption.memory_bleed
3141,feasibility_only_not_final_art,entity.human,access.user,architecture.sealed,material.biosynth,eyes.biometric,interface.forensic_plate,implant.none,mantle.archive_coat,background.evidence_void,signal.locked,corruption.scan_shear
3142,feasibility_only_not_final_art,entity.synthetic,access.user,architecture.sealed,material.reconstructed,eyes.fractured,interface.none,implant.none,mantle.archive_coat,background.service_tunnel,signal.carrier_echo,corruption.intact
3143,feasibility_only_not_final_art,entity.synthetic,access.user,architecture.inset,material.biosynth,eyes.biometric,interface.forensic_plate,implant.none,mantle.cable_shroud,background.rack_shadow,signal.locked,corruption.intact
3144,feasibility_only_not_final_art,entity.synthetic,access.admin,architecture.double_plane,material.porcelain,eyes.thermal,interface.forensic_plate,implant.spinal_bus,mantle.ceramic_mantle,background.relay_well,signal.locked,corruption.checksum_burn
3145,feasibility_only_not_final_art,entity.human,access.user,architecture.sealed,material.biosynth,eyes.fractured,interface.forensic_plate,implant.none,mantle.archive_coat,background.rack_shadow,signal.intermittent,corruption.intact
3146,feasibility_only_not_final_art,entity.synthetic,access.user,architecture.sealed,material.carbon,eyes.optical_array,interface.null_mask,implant.neural_cable,mantle.field_collar,background.relay_well,signal.locked,corruption.intact
3147,feasibility_only_not_final_art,entity.human,access.admin,architecture.double_plane,material.reconstructed,eyes.biometric,interface.respirator,implant.memory_spindle,mantle.archive_coat,background.cold_storage,signal.locked,corruption.scan_shear
3148,feasibility_only_not_final_art,entity.synthetic,access.user,architecture.sealed,material.porcelain,eyes.biometric,interface.neural_veil,implant.none,mantle.archive_coat,background.rack_shadow,signal.locked,corruption.intact
3149,feasibility_only_not_final_art,entity.synthetic,access.user,architecture.inset,material.carbon,eyes.void,interface.forensic_plate,implant.none,mantle.ceramic_mantle,background.evidence_void,signal.locked,corruption.intact
3150,feasibility_only_not_final_art,entity.human,access.user,architecture.sealed,material.ceramic,eyes.fractured,interface.none,implant.none,mantle.field_collar,background.evidence_void,signal.locked,corruption.checksum_burn
3151,feasibility_only_not_final_art,entity.synthetic,access.admin,architecture.inset,material.reconstructed,eyes.fractured,interface.forensic_plate,implant.none,mantle.archive_coat,background.relay_well,signal.locked,corruption.intact
3152,feasibility_only_not_final_art,entity.synthetic,access.user,architecture.inset,material.ceramic,eyes.biometric,interface.respirator,implant.none,mantle.archive_coat,background.cold_storage,signal.silent,corruption.scan_shear
3153,feasibility_only_not_final_art,entity.human,access.user,architecture.sealed,material.reconstructed,eyes.biometric,interface.respirator,implant.none,mantle.archive_coat,background.evidence_void,signal.locked,corruption.scan_shear
3154,feasibility_only_not_final_art,entity.hollow,access.user,architecture.inset,material.porcelain,eyes.fractured,interface.forensic_plate,implant.none,mantle.ceramic_mantle,background.cold_storage,signal.locked,corruption.intact
3155,feasibility_only_not_final_art,entity.human,access.user,architecture.inset,material.biosynth,eyes.biometric,interface.none,implant.neural_cable,mantle.ceramic_mantle,background.evidence_void,signal.locked,corruption.intact
3156,feasibility_only_not_final_art,entity.hollow,access.admin,architecture.double_plane,material.ceramic,eyes.optical_array,interface.none,implant.none,mantle.archive_coat,background.evidence_void,signal.locked,corruption.intact
3157,feasibility_only_not_final_art,entity.human,access.user,architecture.sealed,material.carbon,eyes.thermal,interface.null_mask,implant.antenna,mantle.archive_coat,background.cold_storage,signal.locked,corruption.scan_shear
3158,feasibility_only_not_final_art,entity.synthetic,access.admin,architecture.inset,material.biosynth,eyes.biometric,interface.neural_veil,implant.antenna,mantle.archive_coat,background.relay_well,signal.locked,corruption.intact
3159,feasibility_only_not_final_art,entity.synthetic,access.user,architecture.sealed,material.porcelain,eyes.fractured,interface.none,implant.spinal_bus,mantle.field_collar,background.evidence_void,signal.carrier_echo,corruption.intact
3160,feasibility_only_not_final_art,entity.synthetic,access.user,architecture.sealed,material.biosynth,eyes.void,interface.respirator,implant.neural_cable,mantle.archive_coat,background.cold_storage,signal.locked,corruption.scan_shear
3161,feasibility_only_not_final_art,entity.synthetic,access.user,architecture.sealed,material.biosynth,eyes.biometric,interface.neural_veil,implant.none,mantle.archive_coat,background.cold_storage,signal.locked,corruption.intact
3162,feasibility_only_not_final_art,entity.synthetic,access.system,architecture.suspended_core,material.carbon,eyes.optical_array,interface.none,implant.root_port,mantle.archive_coat,background.relay_well,signal.locked,corruption.intact
3163,feasibility_only_not_final_art,entity.synthetic,access.admin,architecture.inset,material.biosynth,eyes.thermal,interface.none,implant.none,mantle.ceramic_mantle,background.service_tunnel,signal.locked,corruption.intact
3164,feasibility_only_not_final_art,entity.hollow,access.admin,architecture.double_plane,material.porcelain,eyes.void,interface.forensic_plate,implant.spinal_bus,mantle.field_collar,background.evidence_void,signal.intermittent,corruption.intact
3165,feasibility_only_not_final_art,entity.synthetic,access.user,architecture.sealed,material.biosynth,eyes.biometric,interface.none,implant.antenna,mantle.archive_coat,background.relay_well,signal.intermittent,corruption.intact
3166,feasibility_only_not_final_art,entity.synthetic,access.user,architecture.inset,material.carbon,eyes.fractured,interface.none,implant.neural_cable,mantle.cable_shroud,background.evidence_void,signal.locked,corruption.intact
3167,feasibility_only_not_final_art,entity.human,access.user,architecture.inset,material.biosynth,eyes.fractured,interface.none,implant.antenna,mantle.ceramic_mantle,background.evidence_void,signal.carrier_echo,corruption.intact
3168,feasibility_only_not_final_art,entity.human,access.user,architecture.sealed,material.porcelain,eyes.biometric,interface.none,implant.neural_cable,mantle.ceramic_mantle,background.service_tunnel,signal.locked,corruption.scan_shear
3169,feasibility_only_not_final_art,entity.human,access.admin,architecture.double_plane,material.biosynth,eyes.thermal,interface.none,implant.memory_spindle,mantle.archive_coat,background.evidence_void,signal.carrier_echo,corruption.packet_ghosting
3170,feasibility_only_not_final_art,entity.hollow,access.admin,architecture.double_plane,material.ceramic,eyes.void,interface.none,implant.neural_cable,mantle.archive_coat,background.relay_well,signal.locked,corruption.intact
3171,feasibility_only_not_final_art,entity.hollow,access.user,architecture.sealed,material.porcelain,eyes.void,interface.none,implant.none,mantle.field_collar,background.cold_storage,signal.locked,corruption.intact
3172,feasibility_only_not_final_art,entity.hollow,access.admin,architecture.inset,material.porcelain,eyes.fractured,interface.neural_veil,implant.none,mantle.ceramic_mantle,background.cold_storage,signal.carrier_echo,corruption.intact
3173,feasibility_only_not_final_art,entity.human,access.user,architecture.inset,material.biosynth,eyes.fractured,interface.forensic_plate,implant.spinal_bus,mantle.archive_coat,background.relay_well,signal.locked,corruption.intact
3174,feasibility_only_not_final_art,entity.human,access.user,architecture.inset,material.biosynth,eyes.thermal,interface.none,implant.antenna,mantle.archive_coat,background.service_tunnel,signal.locked,corruption.scan_shear
3175,feasibility_only_not_final_art,entity.human,access.user,architecture.sealed,material.biosynth,eyes.biometric,interface.null_mask,implant.neural_cable,mantle.cable_shroud,background.service_tunnel,signal.locked,corruption.intact
3176,feasibility_only_not_final_art,entity.synthetic,access.admin,architecture.double_plane,material.porcelain,eyes.biometric,interface.none,implant.none,mantle.ceramic_mantle,background.service_tunnel,signal.silent,corruption.intact
3177,feasibility_only_not_final_art,entity.human,access.admin,architecture.double_plane,material.biosynth,eyes.biometric,interface.none,implant.none,mantle.archive_coat,background.evidence_void,signal.carrier_echo,corruption.checksum_burn
3178,feasibility_only_not_final_art,entity.human,access.user,architecture.inset,material.biosynth,eyes.biometric,interface.respirator,implant.neural_cable,mantle.cable_shroud,background.relay_well,signal.carrier_echo,corruption.scan_shear
3179,feasibility_only_not_final_art,entity.synthetic,access.system,architecture.suspended_core,material.biosynth,eyes.biometric,interface.respirator,implant.root_port,mantle.archive_coat,background.rack_shadow,signal.carrier_echo,corruption.packet_ghosting
3180,feasibility_only_not_final_art,entity.synthetic,access.user,architecture.sealed,material.porcelain,eyes.biometric,interface.none,implant.none,mantle.field_collar,background.cold_storage,signal.locked,corruption.intact
3181,feasibility_only_not_final_art,entity.hollow,access.user,architecture.inset,material.reconstructed,eyes.void,interface.forensic_plate,implant.neural_cable,mantle.archive_coat,background.evidence_void,signal.silent,corruption.scan_shear
3182,feasibility_only_not_final_art,entity.synthetic,access.user,architecture.inset,material.biosynth,eyes.biometric,interface.forensic_plate,implant.neural_cable,mantle.archive_coat,background.relay_well,signal.intermittent,corruption.intact
3183,feasibility_only_not_final_art,entity.human,access.user,architecture.sealed,material.ceramic,eyes.biometric,interface.respirator,implant.none,mantle.field_collar,background.evidence_void,signal.locked,corruption.intact
3184,feasibility_only_not_final_art,entity.hollow,access.admin,architecture.double_plane,material.carbon,eyes.fractured,interface.none,implant.antenna,mantle.field_collar,background.relay_well,signal.intermittent,corruption.packet_ghosting
3185,feasibility_only_not_final_art,entity.human,access.user,architecture.inset,material.carbon,eyes.biometric,interface.forensic_plate,implant.neural_cable,mantle.archive_coat,background.cold_storage,signal.intermittent,corruption.intact
3186,feasibility_only_not_final_art,entity.synthetic,access.user,architecture.sealed,material.porcelain,eyes.fractured,interface.none,implant.none,mantle.ceramic_mantle,background.cold_storage,signal.unclocked,corruption.intact
3187,feasibility_only_not_final_art,entity.synthetic,access.user,architecture.inset,material.porcelain,eyes.thermal,interface.none,implant.neural_cable,mantle.cable_shroud,background.evidence_void,signal.locked,corruption.intact
3188,feasibility_only_not_final_art,entity.human,access.user,architecture.sealed,material.biosynth,eyes.thermal,interface.respirator,implant.none,mantle.archive_coat,background.cold_storage,signal.carrier_echo,corruption.scan_shear
3189,feasibility_only_not_final_art,entity.human,access.system,architecture.suspended_core,material.carbon,eyes.fractured,interface.forensic_plate,implant.root_port,mantle.ceramic_mantle,background.evidence_void,signal.carrier_echo,corruption.intact
3190,feasibility_only_not_final_art,entity.hollow,access.admin,architecture.double_plane,material.porcelain,eyes.void,interface.none,implant.neural_cable,mantle.field_collar,background.service_tunnel,signal.intermittent,corruption.packet_ghosting
3191,feasibility_only_not_final_art,entity.hollow,access.user,architecture.sealed,material.ceramic,eyes.fractured,interface.forensic_plate,implant.spinal_bus,mantle.cable_shroud,background.evidence_void,signal.intermittent,corruption.intact
3192,feasibility_only_not_final_art,entity.human,access.user,architecture.sealed,material.reconstructed,eyes.void,interface.forensic_plate,implant.neural_cable,mantle.field_collar,background.evidence_void,signal.silent,corruption.scan_shear
3193,feasibility_only_not_final_art,entity.synthetic,access.user,architecture.inset,material.biosynth,eyes.biometric,interface.forensic_plate,implant.none,mantle.ceramic_mantle,background.cold_storage,signal.locked,corruption.scan_shear
3194,feasibility_only_not_final_art,entity.human,access.user,architecture.inset,material.porcelain,eyes.biometric,interface.forensic_plate,implant.neural_cable,mantle.cable_shroud,background.cold_storage,signal.locked,corruption.scan_shear
3195,feasibility_only_not_final_art,entity.hollow,access.user,architecture.inset,material.carbon,eyes.void,interface.null_mask,implant.none,mantle.field_collar,background.relay_well,signal.intermittent,corruption.intact
3196,feasibility_only_not_final_art,entity.synthetic,access.system,architecture.suspended_core,material.porcelain,eyes.biometric,interface.none,implant.root_port,mantle.archive_coat,background.cold_storage,signal.locked,corruption.intact
3197,feasibility_only_not_final_art,entity.hollow,access.user,architecture.inset,material.carbon,eyes.fractured,interface.none,implant.antenna,mantle.archive_coat,background.rack_shadow,signal.intermittent,corruption.checksum_burn
3198,feasibility_only_not_final_art,entity.hollow,access.user,architecture.sealed,material.ceramic,eyes.void,interface.forensic_plate,implant.none,mantle.cable_shroud,background.cold_storage,signal.locked,corruption.intact
3199,feasibility_only_not_final_art,entity.synthetic,access.user,architecture.sealed,material.biosynth,eyes.biometric,interface.neural_veil,implant.neural_cable,mantle.split_shell,background.evidence_void,signal.locked,corruption.checksum_burn
3200,feasibility_only_not_final_art,entity.human,access.user,architecture.sealed,material.reconstructed,eyes.fractured,interface.none,implant.spinal_bus,mantle.cable_shroud,background.evidence_void,signal.locked,corruption.intact
3201,feasibility_only_not_final_art,entity.synthetic,access.user,architecture.sealed,material.ceramic,eyes.void,interface.respirator,implant.neural_cable,mantle.field_collar,background.cold_storage,signal.intermittent,corruption.scan_shear
3202,feasibility_only_not_final_art,entity.synthetic,access.user,architecture.sealed,material.biosynth,eyes.biometric,interface.none,implant.none,mantle.archive_coat,background.relay_well,signal.locked,corruption.scan_shear
3203,feasibility_only_not_final_art,entity.human,access.root,architecture.severed_halo,material.biosynth,eyes.void,interface.forensic_plate,implant.signal_crown,mantle.cable_shroud,background.anechoic_room,signal.intermittent,corruption.scan_shear
3204,feasibility_only_not_final_art,entity.human,access.user,architecture.inset,material.carbon,eyes.fractured,interface.forensic_plate,implant.antenna,mantle.cable_shroud,background.relay_well,signal.locked,corruption.intact
3205,feasibility_only_not_final_art,entity.hollow,access.user,architecture.inset,material.carbon,eyes.void,interface.skeletal_interface,implant.none,mantle.archive_coat,background.evidence_void,signal.silent,corruption.intact
3206,feasibility_only_not_final_art,entity.synthetic,access.admin,architecture.inset,material.porcelain,eyes.biometric,interface.none,implant.none,mantle.cable_shroud,background.rack_shadow,signal.locked,corruption.intact
3207,feasibility_only_not_final_art,entity.human,access.user,architecture.inset,material.porcelain,eyes.thermal,interface.respirator,implant.none,mantle.ceramic_mantle,background.evidence_void,signal.unclocked,corruption.scan_shear
3208,feasibility_only_not_final_art,entity.human,access.user,architecture.inset,material.ceramic,eyes.thermal,interface.none,implant.antenna,mantle.archive_coat,background.cold_storage,signal.locked,corruption.intact
3209,feasibility_only_not_final_art,entity.human,access.admin,architecture.double_plane,material.porcelain,eyes.thermal,interface.none,implant.spinal_bus,mantle.ceramic_mantle,background.cold_storage,signal.carrier_echo,corruption.scan_shear
3210,feasibility_only_not_final_art,entity.hollow,access.user,architecture.sealed,material.carbon,eyes.void,interface.neural_veil,implant.spinal_bus,mantle.ceramic_mantle,background.anechoic_room,signal.silent,corruption.checksum_burn
3211,feasibility_only_not_final_art,entity.synthetic,access.admin,architecture.double_plane,material.porcelain,eyes.biometric,interface.respirator,implant.spinal_bus,mantle.cable_shroud,background.rack_shadow,signal.carrier_echo,corruption.intact
3212,feasibility_only_not_final_art,entity.hollow,access.admin,architecture.double_plane,material.ceramic,eyes.void,interface.neural_veil,implant.memory_spindle,mantle.archive_coat,background.evidence_void,signal.carrier_echo,corruption.intact
3213,feasibility_only_not_final_art,entity.synthetic,access.user,architecture.sealed,material.porcelain,eyes.void,interface.null_mask,implant.none,mantle.archive_coat,background.rack_shadow,signal.intermittent,corruption.intact
3214,feasibility_only_not_final_art,entity.synthetic,access.admin,architecture.double_plane,material.biosynth,eyes.fractured,interface.forensic_plate,implant.spinal_bus,mantle.cable_shroud,background.rack_shadow,signal.carrier_echo,corruption.intact
3215,feasibility_only_not_final_art,entity.synthetic,access.user,architecture.sealed,material.carbon,eyes.biometric,interface.none,implant.spinal_bus,mantle.archive_coat,background.relay_well,signal.locked,corruption.intact
3216,feasibility_only_not_final_art,entity.human,access.user,architecture.sealed,material.ceramic,eyes.fractured,interface.none,implant.spinal_bus,mantle.ceramic_mantle,background.rack_shadow,signal.carrier_echo,corruption.intact
3217,feasibility_only_not_final_art,entity.human,access.user,architecture.sealed,material.carbon,eyes.void,interface.respirator,implant.spinal_bus,mantle.ceramic_mantle,background.evidence_void,signal.carrier_echo,corruption.intact
3218,feasibility_only_not_final_art,entity.synthetic,access.system,architecture.suspended_core,material.biosynth,eyes.fractured,interface.respirator,implant.root_port,mantle.field_collar,background.cold_storage,signal.locked,corruption.intact
3219,feasibility_only_not_final_art,entity.synthetic,access.user,architecture.sealed,material.biosynth,eyes.void,interface.none,implant.spinal_bus,mantle.archive_coat,background.rack_shadow,signal.unclocked,corruption.intact
3220,feasibility_only_not_final_art,entity.synthetic,access.user,architecture.sealed,material.carbon,eyes.void,interface.none,implant.neural_cable,mantle.archive_coat,background.service_tunnel,signal.locked,corruption.intact
3221,feasibility_only_not_final_art,entity.human,access.user,architecture.inset,material.biosynth,eyes.biometric,interface.none,implant.none,mantle.ceramic_mantle,background.evidence_void,signal.locked,corruption.checksum_burn
3222,feasibility_only_not_final_art,entity.human,access.user,architecture.inset,material.ceramic,eyes.thermal,interface.none,implant.antenna,mantle.ceramic_mantle,background.anechoic_room,signal.carrier_echo,corruption.intact
3223,feasibility_only_not_final_art,entity.synthetic,access.user,architecture.sealed,material.reconstructed,eyes.biometric,interface.neural_veil,implant.none,mantle.ceramic_mantle,background.relay_well,signal.locked,corruption.intact
3224,feasibility_only_not_final_art,entity.specter,access.admin,architecture.double_plane,material.carbon,eyes.void,interface.forensic_plate,implant.neural_cable,mantle.unsupported_frame,background.relay_well,signal.intermittent,corruption.intact
3225,feasibility_only_not_final_art,entity.human,access.user,architecture.sealed,material.porcelain,eyes.biometric,interface.respirator,implant.neural_cable,mantle.field_collar,background.cold_storage,signal.intermittent,corruption.intact
3226,feasibility_only_not_final_art,entity.synthetic,access.user,architecture.sealed,material.biosynth,eyes.thermal,interface.null_mask,implant.neural_cable,mantle.field_collar,background.cold_storage,signal.carrier_echo,corruption.intact
3227,feasibility_only_not_final_art,entity.specter,access.user,architecture.sealed,material.carbon,eyes.signal_burn,interface.neural_veil,implant.neural_cable,mantle.cable_shroud,background.evidence_void,signal.intermittent,corruption.intact
3228,feasibility_only_not_final_art,entity.human,access.user,architecture.sealed,material.biosynth,eyes.thermal,interface.none,implant.none,mantle.field_collar,background.relay_well,signal.locked,corruption.scan_shear
3229,feasibility_only_not_final_art,entity.human,access.user,architecture.inset,material.biosynth,eyes.biometric,interface.respirator,implant.neural_cable,mantle.ceramic_mantle,background.evidence_void,signal.locked,corruption.checksum_burn
3230,feasibility_only_not_final_art,entity.synthetic,access.admin,architecture.double_plane,material.biosynth,eyes.biometric,interface.forensic_plate,implant.antenna,mantle.ceramic_mantle,background.rack_shadow,signal.carrier_echo,corruption.checksum_burn
3231,feasibility_only_not_final_art,entity.human,access.user,architecture.sealed,material.porcelain,eyes.thermal,interface.forensic_plate,implant.spinal_bus,mantle.archive_coat,background.anechoic_room,signal.carrier_echo,corruption.intact
3232,feasibility_only_not_final_art,entity.human,access.admin,architecture.double_plane,material.carbon,eyes.thermal,interface.forensic_plate,implant.antenna,mantle.ceramic_mantle,background.rack_shadow,signal.carrier_echo,corruption.intact
3233,feasibility_only_not_final_art,entity.synthetic,access.admin,architecture.double_plane,material.carbon,eyes.biometric,interface.null_mask,implant.neural_cable,mantle.ceramic_mantle,background.evidence_void,signal.locked,corruption.scan_shear
3234,feasibility_only_not_final_art,entity.human,access.user,architecture.inset,material.biosynth,eyes.fractured,interface.forensic_plate,implant.spinal_bus,mantle.cable_shroud,background.evidence_void,signal.intermittent,corruption.intact
3235,feasibility_only_not_final_art,entity.hollow,access.user,architecture.sealed,material.carbon,eyes.void,interface.none,implant.none,mantle.ceramic_mantle,background.relay_well,signal.locked,corruption.packet_ghosting
3236,feasibility_only_not_final_art,entity.hollow,access.user,architecture.sealed,material.reconstructed,eyes.void,interface.forensic_plate,implant.neural_cable,mantle.archive_coat,background.relay_well,signal.intermittent,corruption.intact
3237,feasibility_only_not_final_art,entity.synthetic,access.user,architecture.sealed,material.biosynth,eyes.biometric,interface.forensic_plate,implant.neural_cable,mantle.ceramic_mantle,background.evidence_void,signal.silent,corruption.intact
3238,feasibility_only_not_final_art,entity.synthetic,access.user,architecture.sealed,material.biosynth,eyes.biometric,interface.neural_veil,implant.none,mantle.cable_shroud,background.relay_well,signal.carrier_echo,corruption.packet_ghosting
3239,feasibility_only_not_final_art,entity.human,access.user,architecture.sealed,material.carbon,eyes.biometric,interface.none,implant.none,mantle.archive_coat,background.evidence_void,signal.intermittent,corruption.scan_shear
3240,feasibility_only_not_final_art,entity.synthetic,access.user,architecture.sealed,material.porcelain,eyes.optical_array,interface.forensic_plate,implant.none,mantle.cable_shroud,background.evidence_void,signal.locked,corruption.intact
3241,feasibility_only_not_final_art,entity.synthetic,access.user,architecture.sealed,material.biosynth,eyes.biometric,interface.neural_veil,implant.neural_cable,mantle.archive_coat,background.cold_storage,signal.silent,corruption.intact
3242,feasibility_only_not_final_art,entity.hollow,access.admin,architecture.inset,material.porcelain,eyes.fractured,interface.none,implant.none,mantle.ceramic_mantle,background.rack_shadow,signal.carrier_echo,corruption.intact
3243,feasibility_only_not_final_art,entity.synthetic,access.user,architecture.sealed,material.biosynth,eyes.thermal,interface.none,implant.none,mantle.cable_shroud,background.relay_well,signal.locked,corruption.scan_shear
3244,feasibility_only_not_final_art,entity.human,access.user,architecture.sealed,material.carbon,eyes.thermal,interface.none,implant.spinal_bus,mantle.archive_coat,background.evidence_void,signal.locked,corruption.scan_shear
3245,feasibility_only_not_final_art,entity.hollow,access.admin,architecture.double_plane,material.ceramic,eyes.void,interface.none,implant.neural_cable,mantle.field_collar,background.evidence_void,signal.locked,corruption.intact
3246,feasibility_only_not_final_art,entity.human,access.user,architecture.sealed,material.porcelain,eyes.biometric,interface.forensic_plate,implant.antenna,mantle.archive_coat,background.rack_shadow,signal.locked,corruption.scan_shear
3247,feasibility_only_not_final_art,entity.human,access.user,architecture.sealed,material.porcelain,eyes.void,interface.forensic_plate,implant.none,mantle.ceramic_mantle,background.cold_storage,signal.carrier_echo,corruption.intact
3248,feasibility_only_not_final_art,entity.synthetic,access.admin,architecture.double_plane,material.reconstructed,eyes.biometric,interface.none,implant.none,mantle.archive_coat,background.relay_well,signal.intermittent,corruption.scan_shear
3249,feasibility_only_not_final_art,entity.human,access.admin,architecture.inset,material.biosynth,eyes.biometric,interface.none,implant.none,mantle.field_collar,background.relay_well,signal.locked,corruption.scan_shear
3250,feasibility_only_not_final_art,entity.human,access.admin,architecture.double_plane,material.biosynth,eyes.thermal,interface.respirator,implant.neural_cable,mantle.cable_shroud,background.evidence_void,signal.carrier_echo,corruption.intact
3251,feasibility_only_not_final_art,entity.synthetic,access.user,architecture.sealed,material.biosynth,eyes.biometric,interface.none,implant.spinal_bus,mantle.field_collar,background.evidence_void,signal.intermittent,corruption.scan_shear
3252,feasibility_only_not_final_art,entity.human,access.user,architecture.sealed,material.porcelain,eyes.void,interface.none,implant.none,mantle.archive_coat,background.relay_well,signal.locked,corruption.scan_shear
3253,feasibility_only_not_final_art,entity.synthetic,access.admin,architecture.double_plane,material.biosynth,eyes.biometric,interface.neural_veil,implant.neural_cable,mantle.ceramic_mantle,background.service_tunnel,signal.intermittent,corruption.memory_bleed
3254,feasibility_only_not_final_art,entity.specter,access.user,architecture.sealed,material.carbon,eyes.signal_burn,interface.none,implant.spinal_bus,mantle.field_collar,background.rack_shadow,signal.locked,corruption.intact
3255,feasibility_only_not_final_art,entity.synthetic,access.admin,architecture.double_plane,material.porcelain,eyes.void,interface.forensic_plate,implant.spinal_bus,mantle.archive_coat,background.rack_shadow,signal.locked,corruption.intact
3256,feasibility_only_not_final_art,entity.human,access.user,architecture.sealed,material.carbon,eyes.thermal,interface.respirator,implant.none,mantle.archive_coat,background.anechoic_room,signal.locked,corruption.intact
3257,feasibility_only_not_final_art,entity.synthetic,access.user,architecture.sealed,material.porcelain,eyes.fractured,interface.neural_veil,implant.antenna,mantle.cable_shroud,background.rack_shadow,signal.carrier_echo,corruption.packet_ghosting
3258,feasibility_only_not_final_art,entity.synthetic,access.user,architecture.inset,material.biosynth,eyes.fractured,interface.neural_veil,implant.none,mantle.archive_coat,background.relay_well,signal.locked,corruption.intact
3259,feasibility_only_not_final_art,entity.human,access.system,architecture.suspended_core,material.porcelain,eyes.biometric,interface.none,implant.root_port,mantle.cable_shroud,background.evidence_void,signal.intermittent,corruption.checksum_burn
3260,feasibility_only_not_final_art,entity.synthetic,access.user,architecture.sealed,material.ceramic,eyes.biometric,interface.forensic_plate,implant.none,mantle.field_collar,background.rack_shadow,signal.locked,corruption.scan_shear
3261,feasibility_only_not_final_art,entity.hollow,access.admin,architecture.double_plane,material.porcelain,eyes.fractured,interface.none,implant.none,mantle.archive_coat,background.anechoic_room,signal.locked,corruption.intact
3262,feasibility_only_not_final_art,entity.synthetic,access.admin,architecture.inset,material.porcelain,eyes.fractured,interface.forensic_plate,implant.spinal_bus,mantle.split_shell,background.relay_well,signal.locked,corruption.intact
3263,feasibility_only_not_final_art,entity.hollow,access.admin,architecture.double_plane,material.porcelain,eyes.void,interface.forensic_plate,implant.neural_cable,mantle.field_collar,background.cold_storage,signal.carrier_echo,corruption.scan_shear
3264,feasibility_only_not_final_art,entity.human,access.system,architecture.suspended_core,material.biosynth,eyes.thermal,interface.none,implant.root_port,mantle.cable_shroud,background.evidence_void,signal.intermittent,corruption.intact
3265,feasibility_only_not_final_art,entity.synthetic,access.admin,architecture.double_plane,material.biosynth,eyes.void,interface.forensic_plate,implant.memory_spindle,mantle.ceramic_mantle,background.evidence_void,signal.carrier_echo,corruption.intact
3266,feasibility_only_not_final_art,entity.human,access.user,architecture.sealed,material.porcelain,eyes.biometric,interface.respirator,implant.spinal_bus,mantle.archive_coat,background.service_tunnel,signal.locked,corruption.intact
3267,feasibility_only_not_final_art,entity.human,access.system,architecture.suspended_core,material.carbon,eyes.thermal,interface.forensic_plate,implant.root_port,mantle.archive_coat,background.evidence_void,signal.locked,corruption.scan_shear
3268,feasibility_only_not_final_art,entity.specter,access.admin,architecture.double_plane,material.reconstructed,eyes.void,interface.neural_veil,implant.none,mantle.unsupported_frame,background.evidence_void,signal.locked,corruption.intact
3269,feasibility_only_not_final_art,entity.human,access.user,architecture.sealed,material.carbon,eyes.void,interface.respirator,implant.none,mantle.archive_coat,background.evidence_void,signal.carrier_echo,corruption.scan_shear
3270,feasibility_only_not_final_art,entity.human,access.system,architecture.suspended_core,material.biosynth,eyes.thermal,interface.forensic_plate,implant.root_port,mantle.split_shell,background.evidence_void,signal.locked,corruption.intact
3271,feasibility_only_not_final_art,entity.human,access.user,architecture.sealed,material.porcelain,eyes.fractured,interface.respirator,implant.spinal_bus,mantle.ceramic_mantle,background.evidence_void,signal.locked,corruption.intact
3272,feasibility_only_not_final_art,entity.synthetic,access.admin,architecture.inset,material.biosynth,eyes.optical_array,interface.respirator,implant.none,mantle.ceramic_mantle,background.rack_shadow,signal.intermittent,corruption.checksum_burn
3273,feasibility_only_not_final_art,entity.human,access.user,architecture.inset,material.biosynth,eyes.thermal,interface.none,implant.none,mantle.cable_shroud,background.cold_storage,signal.locked,corruption.intact
3274,feasibility_only_not_final_art,entity.specter,access.admin,architecture.double_plane,material.carbon,eyes.void,interface.forensic_plate,implant.memory_spindle,mantle.ceramic_mantle,background.anechoic_room,signal.locked,corruption.intact
3275,feasibility_only_not_final_art,entity.synthetic,access.user,architecture.sealed,material.porcelain,eyes.thermal,interface.respirator,implant.neural_cable,mantle.cable_shroud,background.evidence_void,signal.carrier_echo,corruption.intact
3276,feasibility_only_not_final_art,entity.human,access.admin,architecture.inset,material.biosynth,eyes.biometric,interface.none,implant.none,mantle.cable_shroud,background.relay_well,signal.intermittent,corruption.intact
3277,feasibility_only_not_final_art,entity.human,access.user,architecture.sealed,material.porcelain,eyes.fractured,interface.forensic_plate,implant.antenna,mantle.ceramic_mantle,background.cold_storage,signal.locked,corruption.intact
3278,feasibility_only_not_final_art,entity.synthetic,access.user,architecture.sealed,material.biosynth,eyes.thermal,interface.neural_veil,implant.none,mantle.cable_shroud,background.cold_storage,signal.locked,corruption.checksum_burn
3279,feasibility_only_not_final_art,entity.synthetic,access.user,architecture.sealed,material.porcelain,eyes.biometric,interface.neural_veil,implant.neural_cable,mantle.cable_shroud,background.relay_well,signal.locked,corruption.intact
3280,feasibility_only_not_final_art,entity.specter,access.user,architecture.sealed,material.carbon,eyes.void,interface.forensic_plate,implant.none,mantle.cable_shroud,background.cold_storage,signal.intermittent,corruption.memory_bleed
3281,feasibility_only_not_final_art,entity.human,access.admin,architecture.double_plane,material.porcelain,eyes.biometric,interface.forensic_plate,implant.neural_cable,mantle.cable_shroud,background.cold_storage,signal.intermittent,corruption.intact
3282,feasibility_only_not_final_art,entity.human,access.user,architecture.sealed,material.porcelain,eyes.void,interface.none,implant.none,mantle.archive_coat,background.cold_storage,signal.locked,corruption.checksum_burn
3283,feasibility_only_not_final_art,entity.hollow,access.user,architecture.inset,material.porcelain,eyes.void,interface.forensic_plate,implant.antenna,mantle.ceramic_mantle,background.cold_storage,signal.locked,corruption.checksum_burn
3284,feasibility_only_not_final_art,entity.synthetic,access.user,architecture.sealed,material.carbon,eyes.thermal,interface.respirator,implant.none,mantle.ceramic_mantle,background.anechoic_room,signal.locked,corruption.scan_shear
3285,feasibility_only_not_final_art,entity.synthetic,access.user,architecture.inset,material.carbon,eyes.biometric,interface.forensic_plate,implant.neural_cable,mantle.archive_coat,background.anechoic_room,signal.locked,corruption.intact
3286,feasibility_only_not_final_art,entity.human,access.admin,architecture.inset,material.reconstructed,eyes.void,interface.forensic_plate,implant.antenna,mantle.archive_coat,background.relay_well,signal.intermittent,corruption.intact
3287,feasibility_only_not_final_art,entity.human,access.user,architecture.sealed,material.ceramic,eyes.biometric,interface.forensic_plate,implant.neural_cable,mantle.archive_coat,background.rack_shadow,signal.locked,corruption.packet_ghosting
3288,feasibility_only_not_final_art,entity.human,access.user,architecture.sealed,material.biosynth,eyes.biometric,interface.null_mask,implant.none,mantle.archive_coat,background.cold_storage,signal.intermittent,corruption.intact
3289,feasibility_only_not_final_art,entity.human,access.admin,architecture.inset,material.biosynth,eyes.thermal,interface.forensic_plate,implant.neural_cable,mantle.field_collar,background.anechoic_room,signal.intermittent,corruption.scan_shear
3290,feasibility_only_not_final_art,entity.synthetic,access.admin,architecture.inset,material.carbon,eyes.biometric,interface.null_mask,implant.neural_cable,mantle.archive_coat,background.service_tunnel,signal.locked,corruption.intact
3291,feasibility_only_not_final_art,entity.hollow,access.admin,architecture.inset,material.carbon,eyes.void,interface.neural_veil,implant.neural_cable,mantle.field_collar,background.evidence_void,signal.locked,corruption.packet_ghosting
3292,feasibility_only_not_final_art,entity.synthetic,access.user,architecture.sealed,material.porcelain,eyes.biometric,interface.none,implant.antenna,mantle.ceramic_mantle,background.cold_storage,signal.intermittent,corruption.packet_ghosting
3293,feasibility_only_not_final_art,entity.human,access.user,architecture.sealed,material.carbon,eyes.biometric,interface.none,implant.none,mantle.field_collar,background.evidence_void,signal.locked,corruption.intact
3294,feasibility_only_not_final_art,entity.human,access.user,architecture.sealed,material.ceramic,eyes.biometric,interface.forensic_plate,implant.neural_cable,mantle.cable_shroud,background.cold_storage,signal.carrier_echo,corruption.intact
3295,feasibility_only_not_final_art,entity.synthetic,access.admin,architecture.double_plane,material.ceramic,eyes.void,interface.neural_veil,implant.none,mantle.ceramic_mantle,background.evidence_void,signal.locked,corruption.checksum_burn
3296,feasibility_only_not_final_art,entity.hollow,access.user,architecture.sealed,material.porcelain,eyes.fractured,interface.neural_veil,implant.none,mantle.archive_coat,background.relay_well,signal.locked,corruption.intact
3297,feasibility_only_not_final_art,entity.hollow,access.user,architecture.inset,material.carbon,eyes.void,interface.forensic_plate,implant.none,mantle.archive_coat,background.relay_well,signal.intermittent,corruption.intact
3298,feasibility_only_not_final_art,entity.human,access.admin,architecture.double_plane,material.biosynth,eyes.biometric,interface.none,implant.memory_spindle,mantle.cable_shroud,background.rack_shadow,signal.intermittent,corruption.intact
3299,feasibility_only_not_final_art,entity.synthetic,access.user,architecture.sealed,material.ceramic,eyes.biometric,interface.respirator,implant.spinal_bus,mantle.archive_coat,background.evidence_void,signal.intermittent,corruption.scan_shear
3300,feasibility_only_not_final_art,entity.human,access.admin,architecture.double_plane,material.biosynth,eyes.biometric,interface.none,implant.spinal_bus,mantle.archive_coat,background.evidence_void,signal.locked,corruption.intact
3301,feasibility_only_not_final_art,entity.synthetic,access.user,architecture.sealed,material.porcelain,eyes.biometric,interface.respirator,implant.none,mantle.split_shell,background.cold_storage,signal.locked,corruption.packet_ghosting
3302,feasibility_only_not_final_art,entity.synthetic,access.user,architecture.sealed,material.porcelain,eyes.biometric,interface.none,implant.none,mantle.ceramic_mantle,background.cold_storage,signal.locked,corruption.scan_shear
3303,feasibility_only_not_final_art,entity.human,access.user,architecture.sealed,material.porcelain,eyes.fractured,interface.respirator,implant.antenna,mantle.archive_coat,background.cold_storage,signal.silent,corruption.intact
3304,feasibility_only_not_final_art,entity.human,access.user,architecture.inset,material.ceramic,eyes.thermal,interface.none,implant.none,mantle.field_collar,background.anechoic_room,signal.locked,corruption.intact
3305,feasibility_only_not_final_art,entity.synthetic,access.system,architecture.suspended_core,material.biosynth,eyes.thermal,interface.neural_veil,implant.root_port,mantle.archive_coat,background.rack_shadow,signal.silent,corruption.checksum_burn
3306,feasibility_only_not_final_art,entity.hollow,access.user,architecture.inset,material.carbon,eyes.void,interface.null_mask,implant.none,mantle.ceramic_mantle,background.evidence_void,signal.silent,corruption.intact
3307,feasibility_only_not_final_art,entity.human,access.user,architecture.sealed,material.biosynth,eyes.thermal,interface.none,implant.neural_cable,mantle.archive_coat,background.cold_storage,signal.intermittent,corruption.checksum_burn
3308,feasibility_only_not_final_art,entity.hollow,access.user,architecture.sealed,material.porcelain,eyes.void,interface.forensic_plate,implant.spinal_bus,mantle.ceramic_mantle,background.evidence_void,signal.carrier_echo,corruption.intact
3309,feasibility_only_not_final_art,entity.human,access.admin,architecture.double_plane,material.porcelain,eyes.void,interface.none,implant.none,mantle.archive_coat,background.cold_storage,signal.locked,corruption.intact
3310,feasibility_only_not_final_art,entity.human,access.user,architecture.sealed,material.biosynth,eyes.fractured,interface.none,implant.antenna,mantle.field_collar,background.rack_shadow,signal.locked,corruption.intact
3311,feasibility_only_not_final_art,entity.human,access.user,architecture.inset,material.biosynth,eyes.fractured,interface.none,implant.neural_cable,mantle.ceramic_mantle,background.evidence_void,signal.intermittent,corruption.intact
3312,feasibility_only_not_final_art,entity.human,access.admin,architecture.inset,material.carbon,eyes.biometric,interface.respirator,implant.spinal_bus,mantle.split_shell,background.cold_storage,signal.carrier_echo,corruption.intact
3313,feasibility_only_not_final_art,entity.hollow,access.admin,architecture.inset,material.porcelain,eyes.void,interface.null_mask,implant.neural_cable,mantle.cable_shroud,background.service_tunnel,signal.carrier_echo,corruption.scan_shear
3314,feasibility_only_not_final_art,entity.synthetic,access.admin,architecture.inset,material.biosynth,eyes.optical_array,interface.none,implant.neural_cable,mantle.archive_coat,background.evidence_void,signal.silent,corruption.scan_shear
3315,feasibility_only_not_final_art,entity.human,access.user,architecture.sealed,material.ceramic,eyes.biometric,interface.none,implant.antenna,mantle.ceramic_mantle,background.service_tunnel,signal.locked,corruption.scan_shear
3316,feasibility_only_not_final_art,entity.human,access.user,architecture.sealed,material.porcelain,eyes.thermal,interface.forensic_plate,implant.none,mantle.archive_coat,background.evidence_void,signal.locked,corruption.intact
3317,feasibility_only_not_final_art,entity.specter,access.user,architecture.sealed,material.carbon,eyes.fractured,interface.forensic_plate,implant.none,mantle.unsupported_frame,background.service_tunnel,signal.locked,corruption.intact
3318,feasibility_only_not_final_art,entity.hollow,access.user,architecture.sealed,material.ceramic,eyes.void,interface.none,implant.neural_cable,mantle.cable_shroud,background.evidence_void,signal.intermittent,corruption.intact
3319,feasibility_only_not_final_art,entity.synthetic,access.user,architecture.inset,material.ceramic,eyes.biometric,interface.none,implant.antenna,mantle.ceramic_mantle,background.cold_storage,signal.unclocked,corruption.intact
3320,feasibility_only_not_final_art,entity.synthetic,access.user,architecture.sealed,material.carbon,eyes.fractured,interface.none,implant.neural_cable,mantle.ceramic_mantle,background.service_tunnel,signal.locked,corruption.intact
3321,feasibility_only_not_final_art,entity.human,access.user,architecture.sealed,material.porcelain,eyes.fractured,interface.none,implant.none,mantle.cable_shroud,background.rack_shadow,signal.locked,corruption.intact
3322,feasibility_only_not_final_art,entity.synthetic,access.user,architecture.inset,material.porcelain,eyes.thermal,interface.neural_veil,implant.neural_cable,mantle.split_shell,background.anechoic_room,signal.locked,corruption.intact
3323,feasibility_only_not_final_art,entity.synthetic,access.user,architecture.inset,material.carbon,eyes.optical_array,interface.forensic_plate,implant.spinal_bus,mantle.field_collar,background.cold_storage,signal.intermittent,corruption.checksum_burn
3324,feasibility_only_not_final_art,entity.synthetic,access.admin,architecture.double_plane,material.ceramic,eyes.thermal,interface.none,implant.spinal_bus,mantle.cable_shroud,background.evidence_void,signal.intermittent,corruption.scan_shear
3325,feasibility_only_not_final_art,entity.hollow,access.user,architecture.inset,material.carbon,eyes.void,interface.null_mask,implant.neural_cable,mantle.ceramic_mantle,background.cold_storage,signal.locked,corruption.intact
3326,feasibility_only_not_final_art,entity.synthetic,access.user,architecture.inset,material.biosynth,eyes.biometric,interface.neural_veil,implant.antenna,mantle.ceramic_mantle,background.relay_well,signal.locked,corruption.packet_ghosting
3327,feasibility_only_not_final_art,entity.human,access.user,architecture.sealed,material.porcelain,eyes.biometric,interface.forensic_plate,implant.spinal_bus,mantle.split_shell,background.evidence_void,signal.locked,corruption.packet_ghosting
3328,feasibility_only_not_final_art,entity.hollow,access.admin,architecture.double_plane,material.carbon,eyes.optical_array,interface.skeletal_interface,implant.none,mantle.ceramic_mantle,background.cold_storage,signal.locked,corruption.scan_shear
3329,feasibility_only_not_final_art,entity.hollow,access.user,architecture.sealed,material.porcelain,eyes.void,interface.null_mask,implant.neural_cable,mantle.field_collar,background.cold_storage,signal.intermittent,corruption.intact
3330,feasibility_only_not_final_art,entity.specter,access.admin,architecture.double_plane,material.phase_glass,eyes.void,interface.skeletal_interface,implant.none,mantle.unsupported_frame,background.service_tunnel,signal.locked,corruption.intact
3331,feasibility_only_not_final_art,entity.synthetic,access.user,architecture.sealed,material.biosynth,eyes.biometric,interface.neural_veil,implant.neural_cable,mantle.cable_shroud,background.evidence_void,signal.carrier_echo,corruption.scan_shear
3332,feasibility_only_not_final_art,entity.human,access.user,architecture.sealed,material.porcelain,eyes.thermal,interface.none,implant.neural_cable,mantle.archive_coat,background.evidence_void,signal.intermittent,corruption.scan_shear
3333,feasibility_only_not_final_art,entity.human,access.user,architecture.sealed,material.porcelain,eyes.void,interface.null_mask,implant.neural_cable,mantle.cable_shroud,background.relay_well,signal.silent,corruption.intact
